{
  "meta": {
    "generatedAt": "2025-09-25T12:25:00Z",
    "note": "Translations for email-edit page.",
    "translated": true,
    "locale": "ar-EG"
  },
  "emailEdit": {
    "title": "عنوان البريد الإلكتروني",
    "description": "يساعدك البريد الإلكتروني في الوصول إلى حسابك. لن يظهر للآخرين.",
    "label": "البريد الإلكتروني",
    "verified": "تم التحقق",
    "placeholder": "you@example.com",
    "edit": "تعديل",
    "cancel": "إلغاء",
    "save": "حفظ",
    "savedSuccess": "تم حفظ البريد الإلكتروني بنجاح.",
    "validation": {
      "required": "البريد الإلكتروني مطلوب.",
      "invalid": "يرجى إدخال بريد إلكتروني صحيح.",
      "maxlength": "البريد الإلكتروني طويل جدًا (الحد الأقصى 254 حرفًا)."
    }
  },
  "helpPage": {
    "title": "مساعدة",
    "helpCenter": {
      "title": "مركز المساعدة",
      "description": "احصل على المساعدة، الأسئلة الشائعة، وخيارات الاتصال."
    },
    "terms": {
      "title": "الشروط وسياسة الخصوصية",
      "description": "اقرأ الشروط وسياسة البيانات الخاصة بنا."
    },
    "channelReports": {
      "title": "تقارير القنوات",
      "description": "إدارة وعرض التقارير."
    },
    "appInfo": {
      "title": "معلومات التطبيق",
      "description": "الإصدار، المعلومات القانونية والتفاصيل التقنية."
    }
  },
  "common": {
    "ok": "حسنًا",
    "cancel": "إلغاء",
    "logout": "تسجيل الخروج"
  },
  "settingsPage": {
    "title": "الإعدادات",
    "account": { "title": "الحساب", "description": "الخصوصية، الأمان، تغيير الرقم" },
    "privacy": { "title": "الخصوصية", "description": "تحكم في إعدادات الخصوصية" },
    "avatar": { "title": "الصورة الرمزية", "description": "تغيير صورة الملف الشخصي" },
    "chats": { "title": "الدردشات", "description": "الثيم، الخلفية، النسخ الاحتياطي" },
    "accessibility": { "title": "إمكانية الوصول", "description": "حجم النص وخيارات العرض" },
    "notifications": { "title": "الإشعارات", "description": "تنبيهات الرسائل والمجموعات والمكالمات" },
    "storage": { "title": "التخزين والبيانات", "description": "إدارة التخزين واستخدام الشبكة" },
    "appLanguage": { "title": "لغة التطبيق", "description": "اختر لغة التطبيق" },
    "help": { "title": "المساعدة والتعليقات", "description": "مركز المساعدة، تواصل معنا، معلومات التطبيق" },
    "updates": { "title": "تحديثات التطبيق", "description": "تحقق من وجود تحديثات وتحديث تلقائي" },
    "invite": { "title": "دعوة صديق", "description": "شارك التطبيق مع جهات الاتصال" },
    "logout": {
      "title": "تسجيل الخروج",
      "description": "مسح بيانات التطبيق وتسجيل الخروج",
      "confirmHeader": "تأكيد تسجيل الخروج",
      "confirmMessage": "هل تريد بالتأكيد تسجيل الخروج ومسح بيانات التطبيق؟",
      "loadingHeader": "جاري تسجيل الخروج",
      "loadingMessage": "يرجى الانتظار...",
      "successHeader": "تم تسجيل الخروج",
      "successMessage": "تم تسجيل الخروج بنجاح."
    },
    "defaultStatus": "متاح"
  },
  "appUpdates": {
    "title": "تحديثات التطبيق",
    "version": "الإصدار",
    "latestAvailable": "أحدث إصدار متاح",
    "status": "الحالة",
    "statusMessages": {
      "updateAvailable": "يوجد تحديث متاح.",
      "upToDate": "أنت على أحدث إصدار."
    },
    "badge": {
      "updateAvailable": "تحديث متاح",
      "upToDate": "محدث"
    },
    "checkForUpdates": {
      "title": "التحقق من التحديثات",
      "description": "تحقق يدويًا مما إذا كان هناك إصدار جديد متاح"
    },
    "checking": "جارٍ التحقق…",
    "toast": {
      "latest": "أنت تستخدم أحدث إصدار.",
      "updateAvailable": "تحديث متاح: {{version}}",
      "error": "تعذر التحقق من التحديثات. حاول مرة أخرى لاحقًا."
    }
  },
  "accountPage": {
    "title": "الحساب",
    "securityNotifications": "إشعارات الأمان",
    "passkeys": "مفاتيح المرور",
    "emailAddress": "عنوان البريد الإلكتروني",
    "twoStep": "التحقق بخطوتين",
    "changeNumber": "تغيير الرقم",
    "requestInfo": "طلب معلومات الحساب",
    "addAccount": "إضافة حساب",
    "deleteAccount": "حذف الحساب",
    "confirmDelete": {
      "title": "حذف الحساب؟",
      "message": "سيؤدي هذا الإجراء إلى حذف حسابك وبياناتك نهائيًا.",
      "confirm": "حذف",
      "cancel": "إلغاء",
      "log": "تم فتح نافذة حذف الحساب"
    }
  },"accessibility": {
  "title": "إمكانية الوصول",
  "groups": {
    "displayMotion": "العرض والحركة",
    "interaction": "التفاعل"
  },
  "increaseContrast": {
    "title": "زيادة التباين",
    "desc": "تغميق الألوان الأساسية لتحسين القراءة في الوضع الفاتح."
  },
  "reduceMotion": {
    "title": "تقليل الحركة",
    "desc": "تقليل الملصقات المتحركة وملفات GIF والانتقالات قدر الإمكان."
  },
  "largeText": {
    "title": "نص كبير",
    "desc": "زيادة حجم الخط في النظام لتسهيل القراءة."
  },
  "simpleAnimations": {
    "title": "الرسوم المتحركة المبسطة",
    "desc": "تقليل الرسوم المتحركة المعقدة لتسهيل التفاعل."
  },
  "grayscale": {
    "title": "وضع التدرج الرمادي",
    "desc": "تحويل جميع ألوان الواجهة إلى ظلال رمادية لتقليل إجهاد العين."
  }
}
,"privacyPage": {
    "title": "الخصوصية",
    "groups": {
      "whoCanSee": "من يمكنه رؤية معلوماتي",
      "other": "أخرى"
    },
    "lastSeen": {
      "title": "آخر ظهور والحالة على الإنترنت",
      "desc": "تحكم في من يمكنه رؤية آخر ظهورك وحالتك على الإنترنت"
    },
    "profilePhoto": {
      "title": "صورة الملف الشخصي",
      "desc": "اختر من يمكنه رؤية صورتك"
    },
    "about": {
      "title": "نبذة عني",
      "desc": "تحكم في من يمكنه رؤية معلومات النبذة"
    },
    "status": {
      "title": "الحالة",
      "desc": "إدارة من يمكنه رؤية تحديثات حالتك"
    },
    "blocked": {
      "title": "جهات الاتصال المحظورة",
      "desc": "عرض وإدارة المستخدمين المحظورين"
    },
    "options": {
      "everyone": "الجميع",
      "contacts": "جهات الاتصال الخاصة بي",
      "nobody": "لا أحد"
    }
  },"avatarPage": {
    "title": "إنشاء الأفاتار الخاص بك",
    "previewAlt": "معاينة الأفاتار",
    "sections": {
      "customization": "خيارات التخصيص"
    },
    "fields": {
      "hair": "الشعر",
      "accessories": "الإكسسوارات",
      "hairColor": "لون الشعر",
      "eyes": "العينان",
      "mouth": "الفم",
      "clothes": "الملابس",
      "skin": "البشرة"
    },
    "placeholders": {
      "hair": "اختر تسريحة الشعر",
      "accessories": "اختر الإكسسوارات",
      "hairColor": "اختر لون الشعر",
      "eyes": "اختر شكل العين",
      "mouth": "اختر شكل الفم",
      "clothes": "اختر الملابس",
      "skin": "اختر لون البشرة"
    },
    "buttons": {
      "download": "تنزيل",
      "downloading": "جارٍ التنزيل…",
      "save": "حفظ"
    },
    "toast": {
      "saved": "تم حفظ خيارات الأفاتار محليًا.",
      "downloadError": "فشل التنزيل. حاول مرة أخرى."
    }
  },"notifications": {
    "title": "الإشعارات",
    "highPriority": {
      "title": "استخدام إشعارات أولوية عالية",
      "desc": "احصل على إشعارات بالصوت والمعاينة حتى عند تفعيل عدم الإزعاج"
    },
    "message": {
      "title": "إشعارات الرسائل",
      "desc": "تخصيص التنبيهات للرسائل"
    },
    "group": {
      "title": "إشعارات الدردشات الجماعية",
      "desc": "إدارة إشعارات الدردشات الجماعية"
    },
    "call": {
      "title": "إشعارات المكالمات",
      "desc": "إعدادات النغمات والاهتزاز"
    }
  }, "storage": {
    "title": "التخزين والبيانات",
    "totalUsedHuman": "{{used}} ميجابايت من {{total}} ميجابايت",
    "cards": {
      "usage": {
        "title": "استخدام التخزين",
        "used": "تم استخدام {{mb}} ميجابايت",
        "total": "إجمالي {{mb}} ميجابايت"
      }
    },
    "sections": {
      "network": "استخدام الشبكة",
      "manage": "إدارة"
    },
    "network": {
      "sent": {
        "title": "البيانات المرسلة",
        "subtitle": "{{val}}"
      },
      "received": {
        "title": "البيانات المستلمة",
        "subtitle": "{{val}}"
      }
    },
    "manage": {
      "title": "إدارة التخزين",
      "desc": "مراجعة وحذف الملفات الكبيرة والدردشات والوسائط"
    },
    "autoDownload": {
      "title": "التنزيل التلقائي للوسائط",
      "desc": "تحكم فيما يتم تنزيله عبر الهاتف المحمول / الواي فاي / التجوال"
    },
    "actions": {
      "analyze": "تحليل",
      "clearCache": "مسح التخزين المؤقت",
      "resetStats": "إعادة تعيين الإحصائيات"
    },
    "toast": {
      "cleared": "تم مسح {{mb}} ميجابايت من التخزين المؤقت",
      "statsReset": "تمت إعادة تعيين إحصائيات الشبكة"
    }
  },"chats": {
    "title": "الدردشات",
    "sections": {
      "appearance": "المظهر",
      "behavior": "سلوك الرسائل",
      "management": "إدارة الدردشات"
    },
    "items": {
      "theme": {
        "title": "الثيم",
        "sub": "افتراضي النظام"
      },
      "chatTheme": {
        "title": "ثيم الدردشة الافتراضي",
        "sub": "اختر خلفية أو ثيم"
      },
      "fontSize": {
        "title": "حجم الخط",
        "sub": "متوسط"
      },
      "enterToSend": {
        "title": "إرسال بالإنتر",
        "sub": "اضغط Enter لإرسال الرسائل"
      },
      "mediaVisibility": {
        "title": "عرض الوسائط",
        "sub": "إظهار الوسائط التي تم تنزيلها حديثًا في معرضك"
      },
      "keepArchived": {
        "title": "الاحتفاظ بالدردشات مؤرشفة",
        "sub": "تظل الدردشات المؤرشفة مؤرشفة عند وصول رسائل جديدة"
      },
      "transcripts": {
        "title": "تفريغ الرسائل الصوتية",
        "sub": "تفريغ تلقائي للرسائل الصوتية الجديدة"
      },
      "backup": {
        "title": "نسخ احتياطي للدردشة",
        "sub": "انسخ الرسائل احتياطيًا إلى التخزين السحابي"
      },
      "transfer": {
        "title": "نقل الدردشات",
        "sub": "انقل الدردشات بين الأجهزة"
      },
      "history": {
        "title": "سجل الدردشة",
        "sub": "تصدير أو أرشفة أو مسح أو حذف جميع الدردشات"
      }
    },
    "toasts": {
      "enter": {
        "enabled": "تم تفعيل إرسال بالإنتر",
        "disabled": "تم إيقاف إرسال بالإنتر"
      },
      "media": {
        "on": "تم تفعيل عرض الوسائط",
        "off": "تم إيقاف عرض الوسائط"
      },
      "archived": {
        "enabled": "تم تفعيل الاحتفاظ مؤرشفًا",
        "disabled": "تم إيقاف الاحتفاظ مؤرشفًا"
      },
      "transcripts": {
        "enabled": "تم تفعيل تفريغ الرسائل الصوتية",
        "disabled": "تم إيقاف تفريغ الرسائل الصوتية"
      },
      "backup": {
        "starting": "جارٍ بدء النسخ الاحتياطي…",
        "done": "اكتمل النسخ الاحتياطي"
      }
    }
  },"profilePage": {
    "title": "الملف الشخصي",
    "imageAlt": "صورة الملف الشخصي",
    "buttons": {
      "edit": "تعديل",
      "addLinks": "إضافة روابط",
      "cancel": "إلغاء"
    },
    "fields": {
      "name": "الاسم",
      "about": "نبذة",
      "phone": "الهاتف",
      "links": "روابط"
    },
    "actions": {
      "source": {
        "header": "اختر مصدر الصورة",
        "camera": "الكاميرا",
        "gallery": "المعرض"
      }
    },
    "loading": {
      "openingCamera": "جارٍ فتح الكاميرا...",
      "processing": "جارٍ معالجة الصورة...",
      "updating": "جارٍ تحديث صورة الملف الشخصي..."
    },
    "validation": {
      "size": "يجب أن يكون حجم الصورة أقل من 5 ميجابايت",
      "type": "يرجى اختيار ملف صورة صالح (JPEG، PNG، WebP)"
    },
    "toast": {
      "loadFailed": "فشل في تحميل بيانات الملف الشخصي",
      "imageLoadFailed": "فشل في تحميل صورة الملف الشخصي",
      "selectFailed": "فشل في اختيار الصورة. حاول مرة أخرى.",
      "processFailed": "حدث خطأ أثناء معالجة الصورة. حاول مرة أخرى.",
      "noUser": "لم يتم العثور على معرف المستخدم",
      "updated": "تم تحديث صورة الملف الشخصي بنجاح!",
      "updateFailed": "فشل في تحديث صورة الملف الشخصي"
    }
  },
  "footerTabs": {
    "chat": "الدردشة",
    "updates": "التحديثات",
    "communities": "المجتمعات",
    "calls": "المكالمات",
    "badges": {
      "unreadChats": "{{count}} دردشة غير مقروءة",
      "unreadUpdates": "{{count}} تحديث"
    }
  },"socialLinks": {
    "title": "الروابط",
    "intro": "إضافة روابط إلى ملفك الشخصي يساعد جهات الاتصال على زيارة ملفاتك الأخرى بسهولة.",
    "instagram": {
      "title": "إنستجرام",
      "add": "أضف حسابك على إنستجرام"
    },
    "actions": {
      "add": "إضافة",
      "edit": "تعديل"
    },
    "privacy": {
      "note": "لإدارة من يمكنه رؤية روابطك، انتقل إلى",
      "link": "إعدادات الخصوصية"
    }
  },
  "addInstagram": {
    "title": "إضافة إنستجرام",
    "loading": "جارٍ التحميل...",
    "saving": "جارٍ الحفظ...",
    "usernameLabel": "اسم مستخدم إنستجرام",
    "usernamePlaceholder": "اسم المستخدم",
    "hint": {
      "text": "إضافة اسم مستخدم إنستجرام سيجعله ظاهرًا في ملفك الشخصي.",
      "learnMore": "اعرف المزيد"
    },
    "save": "حفظ",
    "validation": {
      "required": "يرجى إدخال اسم مستخدم إنستجرام",
      "invalid": "أدخل اسم مستخدم صحيح (بدون مسافات، بحد أقصى 30 حرفًا)"
    },
    "toast": {
      "fetchFailed": "فشل في جلب رابط إنستجرام",
      "saved": "تم حفظ إنستجرام بنجاح!",
      "saveFailed": "فشل في تحديث رابط إنستجرام. حاول مرة أخرى."
    }
  },"home": {
    "search": { "placeholder": "اسأل  أو ابحث" },
    "filters": { "all": "الكل", "read": "مقروء", "unread": "غير مقروء", "groups": "المجموعات" },
    "groupCreator": { "placeholder": "أدخل اسم المجموعة" },
    "typing": "يكتب...",
    "time": { "yesterday": "أمس" },
    "preview": {
      "deleted": "تم حذف هذه الرسالة",
      "encrypted": "[مشفرة]",
      "media": {
        "photo": "صورة",
        "video": "فيديو",
        "audio": "صوت",
        "file": "مرفق",
        "generic": "[وسائط]"
      }
    },
    "actions": {
      "scan": "مسح QR",
      "camera": "افتح الكاميرا",
      "menu": "افتح القائمة",
      "contacts": "جهات الاتصال"
    },
    "scan": {
      "onlyDevice": "مسح الباركود يعمل فقط على جهاز حقيقي.",
      "permission": "إذن الكاميرا مطلوب لمسح الباركود.",
      "notFound": "لم يتم العثور على باركود.",
      "error": "حدث خطأ أثناء المسح."
    },
    "logout": {
      "header": "تسجيل الخروج",
      "message": "انتهت/انتهت صلاحية الجلسة."
    },
    "alt": { "profile": "الملف الشخصي" }
  },"menu": {
    "newGroup": "مجموعة جديدة",
    "newCommunity": "مجتمع جديد",
    "newBroadcast": "بث جديد (WIP)",
    "starred": "مميز (WIP)",
    "readAll": "قراءة الكل (WIP)",
    "settings": "الإعدادات",
    "createChannels": "إنشاء قنوات (WIP)",
    "statusPrivacy": "خصوصية الحالة (WIP)",
    "clearCallLogs": "مسح سجلات المكالمات (WIP)"
  },"userabout": {
    "members": "الأعضاء",
    "group": "مجموعة",
    "groups": "المجموعات",
    "inCommon": "مشترك",
    "toolbar": {
      "message": "رسالة",
      "call": "مكالمة",
      "video": "فيديو",
      "add": "إضافة"
    },
    "defaults": {
      "heyThere": "أهلاً! أنا أستخدم Telldemm.",
      "noGroupDescription": "لا يوجد وصف للمجموعة.",
      "unknown": "غير معروف",
      "unknownDate": "تاريخ غير معروف",
      "unnamedGroup": "مجموعة بدون اسم"
    },
    "updatedOn": "تم التحديث في",
    "createdByOn": "تم الإنشاء بواسطة {{name}} في",
    "media": {
      "title": "الوسائط والروابط والمستندات"
    },
    "notifications": "الإشعارات",
    "mediaVisibility": "إظهار الوسائط",
    "encryption": {
      "title": "التشفير",
      "subtitle": "الرسائل والمكالمات مشفرة من طرف إلى طرف. اضغط للتحقق."
    },
    "disappearing": "الرسائل المؤقتة",
    "chatLock": {
      "title": "قفل الدردشة",
      "subtitle": "اقفل وأخفِ هذه الدردشة على هذا الجهاز."
    },
    "advancedPrivacy": {
      "title": "خصوصية الدردشة المتقدمة",
      "off": "متوقف"
    },
    "createGroupWith": "إنشاء مجموعة مع {{name}}",
    "commonGroupWith": "مجموعة مشتركة مع {{name}}",
    "groupMembers": "أعضاء المجموعة",
    "addMembers": "إضافة أعضاء",
    "groupAdmin": "مسؤول المجموعة",
    "viewPastMembers": "عرض الأعضاء السابقين",
    "addToFavourites": "إضافة إلى المفضلة",
    "addToList": "إضافة إلى القائمة",
    "block": "حظر {{name}}",
    "unblock": "إلغاء حظر {{name}}",
    "report": "الإبلاغ عن {{name}}",
    "actions": {
      "message": "رسالة",
      "dismissAdmin": "إزالة من المسؤولين",
      "makeAdmin": "تعيين كمسؤول",
      "removeFromGroup": "إزالة من المجموعة"
    },
    "toasts": {
      "madeAdmin": "{{name}} أصبح مسؤولاً",
      "dismissedAdmin": "{{name}} لم يعد مسؤولاً",
      "removedFromGroup": "{{name}} تمت إزالته من المجموعة",
      "blocked": "{{name}} تم حظره.",
      "unblocked": "{{name}} تم إلغاء حظره.",
      "reported": "{{name}} تم الإبلاغ عنه.",
      "reportedAndBlocked": "{{name}} تم الإبلاغ عنه وحظره."
    },
    "errors": {
      "makeAdmin": "فشل في تعيين {{name}} كمسؤول",
      "dismissAdmin": "فشل في إزالة {{name}} من المسؤولين",
      "removeMember": "حدث خطأ أثناء إزالة العضو"
    },
    "alerts": {
      "block": {
        "header": "حظر جهة الاتصال",
        "message": "لن تتلقى رسائل أو مكالمات من {{name}} بعد الآن.",
        "cta": "حظر"
      },
      "unblock": {
        "header": "إلغاء حظر جهة الاتصال",
        "message": "هل أنت متأكد أنك تريد إلغاء حظر {{name}}؟"
      },
      "report": {
        "header": "الإبلاغ عن جهة الاتصال",
        "message": "سيتم الإبلاغ عن آخر 5 رسائل من {{name}}. هل تريد أيضًا حظر هذا المستخدم؟",
        "alsoBlock": "أيضًا حظر جهة الاتصال",
        "cta": "إبلاغ"
      }
    }
  },"invite": {
    "header": "ادعُ صديقًا",
    "actions": {
      "search": "ابحث في جهات الاتصال",
      "shareLink": "شارك رابط التطبيق",
      "fromContacts": "ادعُ من جهات الاتصال",
      "invite": "دعوة"
    },
    "share": {
      "title": "انضم إليّ في هذا التطبيق!",
      "subtitle": "أرسل رابط التحميل عبر أي تطبيق",
      "body": "جرّب هذا التطبيق الرائع. قم بتحميله من هنا:",
      "button": "مشاركة",
      "success": "تمت مشاركة الرابط",
      "copied": "تم نسخ الرابط"
    },
    "contacts": {
      "title": "من جهات الاتصال",
      "subtitle": "ادعُ مباشرة من دفتر العناوين",
      "header": "من جهات الاتصال",
      "notOnApp": "غير موجود على التطبيق بعد"
    },
    "title": "انضم إليّ في هذا التطبيق!",
    "text": "جرّب هذا التطبيق الرائع. قم بتحميله من هنا:",
    "dialogTitle": "مشاركة رابط التطبيق",
    "toasts": {
      "openContacts": "جارٍ فتح جهات الاتصال...",
      "searchContacts": "تم الضغط على بحث جهات الاتصال.",
      "invited": "تم إرسال الدعوة إلى {{phone}}"
    },
    "errors": {
      "shareFailed": "تعذّر فتح نافذة المشاركة."
    }
  }, "community": {
    "manageGroups": {
    "title": "إدارة المجموعات",
    "groups": "المجموعات",
    "createNew": "إنشاء مجموعة جديدة",
    "addExisting": "إضافة مجموعات موجودة",
    "info": "يمكن للأعضاء اقتراح مجموعات موجودة للحصول على موافقة الأدمن وإضافة مجموعات جديدة مباشرة. عرض في",
    "settingsLink": "إعدادات المجتمع",
    "listHeader": "المجموعات في هذا المجتمع",
    "loading": "جارٍ تحميل المجموعات...",
    "empty": "لم يتم العثور على مجموعات لهذا المجتمع",
    "members": "الأعضاء",
    "unnamedGroup": "مجموعة بدون اسم",
    "remove": {
      "header": "إزالة المجموعة من المجتمع",
      "message": "هل تريد إزالة هذه المجموعة من المجتمع؟ ستبقى المجموعة ولكنها لن تنتمي بعد الآن إلى المجتمع.",
      "alsoRemoveMembers": "إزالة أعضاء هذه المجموعة أيضًا من المجتمع ومن المجموعة",
      "cta": "إزالة",
      "aria": "إزالة المجموعة من المجتمع"
    },
    "toasts": {
      "removed": "تمت إزالة المجموعة من المجتمع وتحديث الأعضاء",
      "removeFailed": "فشل في إزالة المجموعة. حاول مرة أخرى."
    }
  },
    "title": "المجتمعات",
    "actions": {
      "qr": "فتح إجراءات QR",
      "menu": "فتح القائمة"
    },
    "newCommunity": "مجتمع جديد",
    "unnamedCommunity": "مجتمع بدون اسم",
    "viewAll": "عرض الكل",
     "groupType": {
    "normal": "مجموعة عادية",
    "announcement": "مجموعة إعلانات",
    "general": "مجموعة عامة"
  },
    "newGroup": {
      "header": "مجموعة جديدة",
      "placeholder": "اسم المجموعة",
      "create": "إنشاء"
    },
    "toasts": {
      "groupCreated": "تم إنشاء المجموعة"
    }
  },"community_menu_component": {
    "info": "معلومات المجتمع",
    "invite": "دعوة الأعضاء",
    "settings": "إعدادات المجتمع"
  },
  "group_preview_modal_component": {
    "close": "إغلاق",
    "groupIcon": "أيقونة المجموعة",
    "createdBy": "أنشأه {{name}}",
    "noMembers": "لا يوجد أعضاء حتى الآن",
    "noDescription": "لا يوجد وصف",
    "communityLabel": "المجتمع:",
    "joinNote": "بانضمامك تصبح عضوًا فورًا.",
    "joinCta": "انضم إلى المجموعة"
  }, "add_existing_groups_page": {
    "header": "إضافة مجموعات موجودة",
    "actions": {
      "search": "ابحث عن المجموعات",
      "confirm": "تأكيد الاختيار",
      "removeChip": "إزالة المجموعة المحددة"
    },
    "of": "من",
    "selected": "محدد",
    "banner": "سيتم إضافة كل من في المجموعات إلى المجتمع.",
    "listHeader": "المجموعات التي أنت أدمن فيها",
    "loading": "جارٍ تحميل المجموعات...",
    "empty": "لم يتم العثور على أي مجموعات تديرها",
    "checkboxLabel": "اختر مجموعة",
    "unnamedGroup": "مجموعة بدون اسم",
    "toasts": {
      "selectAtLeastOne": "اختر مجموعة واحدة على الأقل"
    }
  }
}
