{
  "meta": {
    "generatedAt": "2025-09-25T06:49:05.846991Z",
    "note": "Translations for email-edit page.",
    "translated": true,
    "locale": "ar-SA"
  },
  "emailEdit": {
    "title": "عنوان البريد الإلكتروني",
    "description": "يساعدك البريد الإلكتروني في الوصول إلى حسابك. لن يظهر للآخرين.",
    "label": "البريد الإلكتروني",
    "verified": "تم التحقق",
    "placeholder": "you@example.com",
    "edit": "تعديل",
    "cancel": "إلغاء",
    "save": "حفظ",
    "savedSuccess": "تم حفظ البريد الإلكتروني بنجاح.",
    "validation": {
      "required": "البريد الإلكتروني مطلوب.",
      "invalid": "يرجى إدخال بريد إلكتروني صحيح.",
      "maxlength": "البريد الإلكتروني طويل جدًا (الحد الأقصى 254 حرفًا)."
    }
  },
  "helpPage": {
    "title": "مساعدة",
    "helpCenter": {
      "title": "مركز المساعدة",
      "description": "الحصول على المساعدة، الأسئلة الشائعة، وخيارات الاتصال."
    },
    "terms": {
      "title": "الشروط وسياسة الخصوصية",
      "description": "اطلع على الشروط وسياسة البيانات الخاصة بنا."
    },
    "channelReports": {
      "title": "تقارير القنوات",
      "description": "إدارة وعرض التقارير."
    },
    "appInfo": {
      "title": "معلومات التطبيق",
      "description": "الإصدار، التفاصيل القانونية والتقنية."
    }
  },
  "common": {
    "ok": "حسنًا",
    "cancel": "إلغاء",
    "logout": "تسجيل الخروج"
  },
  "settingsPage": {
    "title": "الإعدادات",
    "account": { "title": "الحساب", "description": "الخصوصية، الأمان، تغيير الرقم" },
    "privacy": { "title": "الخصوصية", "description": "إدارة إعدادات الخصوصية" },
    "avatar": { "title": "الصورة الرمزية", "description": "تغيير صورة الملف الشخصي" },
    "chats": { "title": "الدردشات", "description": "الثيم، الخلفية، النسخ الاحتياطي" },
    "accessibility": { "title": "إمكانية الوصول", "description": "حجم النص وخيارات العرض" },
    "notifications": { "title": "الإشعارات", "description": "تنبيهات الرسائل والمجموعات والمكالمات" },
    "storage": { "title": "التخزين والبيانات", "description": "إدارة التخزين واستخدام الشبكة" },
    "appLanguage": { "title": "لغة التطبيق", "description": "اختر لغة التطبيق" },
    "help": { "title": "المساعدة والتعليقات", "description": "مركز المساعدة، تواصل معنا، معلومات التطبيق" },
    "updates": { "title": "تحديثات التطبيق", "description": "تحقق من وجود تحديثات وتحديث تلقائي" },
    "invite": { "title": "دعوة صديق", "description": "شارك التطبيق مع جهات الاتصال" },
    "logout": {
      "title": "تسجيل الخروج",
      "description": "مسح بيانات التطبيق وتسجيل الخروج",
      "confirmHeader": "تأكيد تسجيل الخروج",
      "confirmMessage": "هل تريد بالتأكيد تسجيل الخروج ومسح بيانات التطبيق؟",
      "loadingHeader": "جاري تسجيل الخروج",
      "loadingMessage": "يرجى الانتظار...",
      "successHeader": "تم تسجيل الخروج",
      "successMessage": "تم تسجيل الخروج بنجاح."
    },
    "defaultStatus": "متاح"
  },
  "appUpdates": {
    "title": "تحديثات التطبيق",
    "version": "الإصدار",
    "latestAvailable": "أحدث إصدار متاح",
    "status": "الحالة",
    "statusMessages": {
      "updateAvailable": "يتوفر تحديث جديد.",
      "upToDate": "أنت على أحدث إصدار."
    },
    "badge": {
      "updateAvailable": "تحديث متاح",
      "upToDate": "محدث"
    },
    "checkForUpdates": {
      "title": "التحقق من التحديثات",
      "description": "تحقق يدويًا مما إذا كان هناك إصدار جديد متاح"
    },
    "checking": "جارٍ الفحص…",
    "toast": {
      "latest": "أنت تستخدم أحدث إصدار.",
      "updateAvailable": "تحديث متاح: {{version}}",
      "error": "تعذر التحقق من التحديثات. حاول لاحقًا."
    }
  },
  "accountPage": {
    "title": "الحساب",
    "securityNotifications": "إشعارات الأمان",
    "passkeys": "مفاتيح المرور",
    "emailAddress": "البريد الإلكتروني",
    "twoStep": "التحقق بخطوتين",
    "changeNumber": "تغيير الرقم",
    "requestInfo": "طلب معلومات الحساب",
    "addAccount": "إضافة حساب",
    "deleteAccount": "حذف الحساب",
    "confirmDelete": {
      "title": "هل تريد حذف الحساب؟",
      "message": "سيؤدي هذا الإجراء إلى حذف حسابك وبياناتك بشكل دائم.",
      "confirm": "حذف",
      "cancel": "إلغاء",
      "log": "تم فتح نافذة حذف الحساب"
    }
  },"accessibility": {
  "title": "إمكانية الوصول",
  "groups": {
    "displayMotion": "العرض والحركة",
    "interaction": "التفاعل"
  },
  "increaseContrast": {
    "title": "زيادة التباين",
    "desc": "تغميق الألوان الأساسية لتحسين القراءة في الوضع الفاتح."
  },
  "reduceMotion": {
    "title": "تقليل الحركة",
    "desc": "تقليل الملصقات المتحركة وملفات GIF والانتقالات."
  },
  "largeText": {
    "title": "نص كبير",
    "desc": "زيادة حجم خط النظام لتسهيل القراءة."
  },
  "simpleAnimations": {
    "title": "الرسوم المتحركة المبسطة",
    "desc": "تقليل الرسوم المتحركة المعقدة لتسهيل التفاعل."
  },
  "grayscale": {
    "title": "وضع التدرج الرمادي",
    "desc": "تحويل جميع ألوان الواجهة إلى ظلال رمادية لتقليل إجهاد العين."
  }
},"privacyPage": {
    "title": "الخصوصية",
    "groups": {
      "whoCanSee": "من يمكنه رؤية معلوماتي",
      "other": "أخرى"
    },
    "lastSeen": {
      "title": "آخر ظهور والمتصل",
      "desc": "تحكم في من يمكنه رؤية آخر ظهورك وحالتك عند الاتصال"
    },
    "profilePhoto": {
      "title": "صورة الملف الشخصي",
      "desc": "اختر من يمكنه مشاهدة صورتك"
    },
    "about": {
      "title": "معلومات عني",
      "desc": "تحكم في من يمكنه رؤية معلوماتك الشخصية"
    },
    "status": {
      "title": "الحالة",
      "desc": "إدارة من يمكنه مشاهدة تحديثات حالتك"
    },
    "blocked": {
      "title": "جهات الاتصال المحظورة",
      "desc": "عرض وإدارة المستخدمين المحظورين"
    },
    "options": {
      "everyone": "الكل",
      "contacts": "جهات الاتصال",
      "nobody": "لا أحد"
    }
  },"avatarPage": {
    "title": "أنشئ صورتك الرمزية",
    "previewAlt": "معاينة الصورة الرمزية",
    "sections": {
      "customization": "خيارات التخصيص"
    },
    "fields": {
      "hair": "الشعر",
      "accessories": "الإكسسوارات",
      "hairColor": "لون الشعر",
      "eyes": "العيون",
      "mouth": "الفم",
      "clothes": "الملابس",
      "skin": "البشرة"
    },
    "placeholders": {
      "hair": "اختر تسريحة الشعر",
      "accessories": "اختر الإكسسوارات",
      "hairColor": "اختر لون الشعر",
      "eyes": "اختر شكل العيون",
      "mouth": "اختر شكل الفم",
      "clothes": "اختر الملابس",
      "skin": "اختر لون البشرة"
    },
    "buttons": {
      "download": "تحميل",
      "downloading": "جارٍ التحميل…",
      "save": "حفظ"
    },
    "toast": {
      "saved": "تم حفظ خيارات الصورة الرمزية محليًا.",
      "downloadError": "فشل التحميل. يرجى المحاولة مرة أخرى."
    }
  },"notifications": {
    "title": "الإشعارات",
    "highPriority": {
      "title": "استخدام إشعارات ذات أولوية عالية",
      "desc": "استلم إشعارات مع الصوت والمعاينة حتى عند تفعيل عدم الإزعاج"
    },
    "message": {
      "title": "إشعارات الرسائل",
      "desc": "تخصيص التنبيهات للرسائل"
    },
    "group": {
      "title": "إشعارات المحادثات الجماعية",
      "desc": "إدارة إشعارات المحادثات الجماعية"
    },
    "call": {
      "title": "إشعارات المكالمات",
      "desc": "إعدادات النغمات والاهتزاز"
    }
  }, "storage": {
    "title": "التخزين والبيانات",
    "totalUsedHuman": "{{used}} ميجابايت من {{total}} ميجابايت",
    "cards": {
      "usage": {
        "title": "استخدام التخزين",
        "used": "{{mb}} ميجابايت مستخدم",
        "total": "الإجمالي {{mb}} ميجابايت"
      }
    },
    "sections": {
      "network": "استخدام الشبكة",
      "manage": "إدارة"
    },
    "network": {
      "sent": {
        "title": "البيانات المرسلة",
        "subtitle": "{{val}}"
      },
      "received": {
        "title": "البيانات المستلمة",
        "subtitle": "{{val}}"
      }
    },
    "manage": {
      "title": "إدارة التخزين",
      "desc": "راجع واحذف الملفات الكبيرة والدردشات والوسائط"
    },
    "autoDownload": {
      "title": "التنزيل التلقائي للوسائط",
      "desc": "تحكم فيما يتم تنزيله على الجوال/الواي فاي/التجوال"
    },
    "actions": {
      "analyze": "تحليل",
      "clearCache": "مسح الكاش",
      "resetStats": "إعادة تعيين الإحصائيات"
    },
    "toast": {
      "cleared": "تم مسح {{mb}} ميجابايت من الكاش",
      "statsReset": "تمت إعادة تعيين إحصائيات الشبكة"
    }
  },"chats": {
    "title": "المحادثات",
    "sections": {
      "appearance": "المظهر",
      "behavior": "سلوك الرسائل",
      "management": "إدارة المحادثات"
    },
    "items": {
      "theme": {
        "title": "السمة",
        "sub": "افتراضي النظام"
      },
      "chatTheme": {
        "title": "السمة الافتراضية للمحادثة",
        "sub": "اختر خلفية أو سمة"
      },
      "fontSize": {
        "title": "حجم الخط",
        "sub": "متوسط"
      },
      "enterToSend": {
        "title": "الإرسال بزر Enter",
        "sub": "اضغط Enter لإرسال الرسائل"
      },
      "mediaVisibility": {
        "title": "رؤية الوسائط",
        "sub": "إظهار الوسائط التي تم تنزيلها مؤخرًا في المعرض"
      },
      "keepArchived": {
        "title": "الاحتفاظ بالمحادثات مؤرشفة",
        "sub": "تظل المحادثات المؤرشفة مؤرشفة عند وصول رسائل جديدة"
      },
      "transcripts": {
        "title": "نصوص الرسائل الصوتية",
        "sub": "تحويل تلقائي للرسائل الصوتية الجديدة"
      },
      "backup": {
        "title": "نسخ احتياطي للمحادثات",
        "sub": "انسخ الرسائل احتياطيًا إلى التخزين السحابي"
      },
      "transfer": {
        "title": "نقل المحادثات",
        "sub": "انقل المحادثات بين الأجهزة"
      },
      "history": {
        "title": "سجل المحادثات",
        "sub": "تصدير أو أرشفة أو مسح أو حذف جميع المحادثات"
      }
    },
    "toasts": {
      "enter": {
        "enabled": "تم تفعيل الإرسال بزر Enter",
        "disabled": "تم إيقاف الإرسال بزر Enter"
      },
      "media": {
        "on": "تم تفعيل رؤية الوسائط",
        "off": "تم إيقاف رؤية الوسائط"
      },
      "archived": {
        "enabled": "تم تفعيل الاحتفاظ مؤرشفًا",
        "disabled": "تم إيقاف الاحتفاظ مؤرشفًا"
      },
      "transcripts": {
        "enabled": "تم تفعيل نصوص الرسائل الصوتية",
        "disabled": "تم إيقاف نصوص الرسائل الصوتية"
      },
      "backup": {
        "starting": "جارٍ بدء النسخ الاحتياطي…",
        "done": "اكتمل النسخ الاحتياطي"
      }
    }
  },"profilePage": {
    "title": "الملف الشخصي",
    "imageAlt": "صورة الملف الشخصي",
    "buttons": {
      "edit": "تحرير",
      "addLinks": "إضافة روابط",
      "cancel": "إلغاء"
    },
    "fields": {
      "name": "الاسم",
      "about": "نبذة",
      "phone": "رقم الهاتف",
      "links": "روابط"
    },
    "actions": {
      "source": {
        "header": "اختر مصدر الصورة",
        "camera": "الكاميرا",
        "gallery": "المعرض"
      }
    },
    "loading": {
      "openingCamera": "جاري فتح الكاميرا...",
      "processing": "جاري معالجة الصورة...",
      "updating": "جاري تحديث صورة الملف الشخصي..."
    },
    "validation": {
      "size": "يجب أن يكون حجم الصورة أقل من 5 ميجابايت",
      "type": "يرجى اختيار ملف صورة صالح (JPEG، PNG، WebP)"
    },
    "toast": {
      "loadFailed": "فشل تحميل بيانات الملف الشخصي",
      "imageLoadFailed": "فشل تحميل صورة الملف الشخصي",
      "selectFailed": "فشل اختيار الصورة. حاول مرة أخرى.",
      "processFailed": "خطأ في معالجة الصورة. حاول مرة أخرى.",
      "noUser": "معرف المستخدم غير موجود",
      "updated": "تم تحديث صورة الملف الشخصي بنجاح!",
      "updateFailed": "فشل تحديث صورة الملف الشخصي"
    }
  },"footerTabs": {
    "chat": "الدردشة",
    "updates": "التحديثات",
    "communities": "المجتمعات",
    "calls": "المكالمات",
    "badges": {
      "unreadChats": "{{count}} دردشة غير مقروءة",
      "unreadUpdates": "{{count}} تحديث"
    }
  }, "socialLinks": {
    "title": "الروابط",
    "intro": "إضافة الروابط إلى ملفك الشخصي تساعد جهات الاتصال على الوصول بسهولة إلى حساباتك الأخرى.",
    "instagram": {
      "title": "إنستجرام",
      "add": "أضف إنستجرام الخاص بك"
    },
    "actions": {
      "add": "إضافة",
      "edit": "تعديل"
    },
    "privacy": {
      "note": "لإدارة من يمكنه رؤية الروابط الخاصة بك، انتقل إلى",
      "link": "إعدادات الخصوصية"
    }
  },
  "addInstagram": {
    "title": "إضافة إنستجرام",
    "loading": "جارٍ التحميل...",
    "saving": "جارٍ الحفظ...",
    "usernameLabel": "اسم مستخدم إنستجرام",
    "usernamePlaceholder": "اسم المستخدم",
    "hint": {
      "text": "إضافة اسم مستخدم إنستجرام سيجعله مرئيًا في ملفك الشخصي.",
      "learnMore": "اعرف المزيد"
    },
    "save": "حفظ",
    "validation": {
      "required": "يرجى إدخال اسم مستخدم إنستجرام",
      "invalid": "أدخل اسم مستخدم صالح (بدون مسافات، الحد الأقصى 30 حرفًا)"
    },
    "toast": {
      "fetchFailed": "فشل في جلب رابط إنستجرام",
      "saved": "تم حفظ إنستجرام بنجاح!",
      "saveFailed": "فشل في تحديث رابط إنستجرام. حاول مرة أخرى."
    }
  },"home": {
    "search": { "placeholder": "اسأل  أو ابحث" },
    "filters": { "all": "الكل", "read": "مقروء", "unread": "غير مقروء", "groups": "المجموعات" },
    "groupCreator": { "placeholder": "أدخل اسم المجموعة" },
    "typing": "يكتب...",
    "time": { "yesterday": "أمس" },
    "preview": {
      "deleted": "تم حذف هذه الرسالة",
      "encrypted": "[مشفرة]",
      "media": {
        "photo": "صورة",
        "video": "فيديو",
        "audio": "صوت",
        "file": "مرفق",
        "generic": "[وسائط]"
      }
    },
    "actions": {
      "scan": "مسح QR",
      "camera": "افتح الكاميرا",
      "menu": "افتح القائمة",
      "contacts": "جهات الاتصال"
    },
    "scan": {
      "onlyDevice": "مسح الباركود يعمل فقط على جهاز حقيقي.",
      "permission": "إذن الكاميرا مطلوب لمسح الباركود.",
      "notFound": "لم يتم العثور على باركود.",
      "error": "حدث خطأ أثناء المسح."
    },
    "logout": {
      "header": "تسجيل الخروج",
      "message": "انتهت الجلسة أو انتهت صلاحيتها."
    },
    "alt": { "profile": "الملف الشخصي" }
  },"menu": {
    "newGroup": "مجموعة جديدة",
    "newCommunity": "مجتمع جديد",
    "newBroadcast": "بث جديد (WIP)",
    "starred": "مميز (WIP)",
    "readAll": "قراءة الكل (WIP)",
    "settings": "الإعدادات",
    "createChannels": "إنشاء قنوات (WIP)",
    "statusPrivacy": "خصوصية الحالة (WIP)",
    "clearCallLogs": "مسح سجلات المكالمات (WIP)"
  },
   "userabout": {
    "members": "الأعضاء",
    "group": "مجموعة",
    "groups": "المجموعات",
    "inCommon": "مشترك",
    "toolbar": {
      "message": "رسالة",
      "call": "مكالمة",
      "video": "فيديو",
      "add": "إضافة"
    },
    "defaults": {
      "heyThere": "مرحبًا! أنا أستخدم Telldemm.",
      "noGroupDescription": "لا يوجد وصف للمجموعة.",
      "unknown": "غير معروف",
      "unknownDate": "تاريخ غير معروف",
      "unnamedGroup": "مجموعة بدون اسم"
    },
    "updatedOn": "تم التحديث في",
    "createdByOn": "تم الإنشاء بواسطة {{name}} في",
    "media": {
      "title": "الوسائط والروابط والمستندات"
    },
    "notifications": "الإشعارات",
    "mediaVisibility": "إظهار الوسائط",
    "encryption": {
      "title": "التشفير",
      "subtitle": "الرسائل والمكالمات مشفرة من طرف إلى طرف. اضغط للتحقق."
    },
    "disappearing": "الرسائل المختفية",
    "chatLock": {
      "title": "قفل الدردشة",
      "subtitle": "اقفل وأخفِ هذه الدردشة على هذا الجهاز."
    },
    "advancedPrivacy": {
      "title": "خصوصية الدردشة المتقدمة",
      "off": "متوقف"
    },
    "createGroupWith": "إنشاء مجموعة مع {{name}}",
    "commonGroupWith": "مجموعة مشتركة مع {{name}}",
    "groupMembers": "أعضاء المجموعة",
    "addMembers": "إضافة أعضاء",
    "groupAdmin": "مسؤول المجموعة",
    "viewPastMembers": "عرض الأعضاء السابقين",
    "addToFavourites": "إضافة إلى المفضلة",
    "addToList": "إضافة إلى القائمة",
    "block": "حظر {{name}}",
    "unblock": "إلغاء حظر {{name}}",
    "report": "الإبلاغ عن {{name}}",
    "actions": {
      "message": "رسالة",
      "dismissAdmin": "إزالة من المسؤولين",
      "makeAdmin": "تعيين كمسؤول",
      "removeFromGroup": "إزالة من المجموعة"
    },
    "toasts": {
      "madeAdmin": "{{name}} أصبح مسؤولاً الآن",
      "dismissedAdmin": "{{name}} لم يعد مسؤولاً",
      "removedFromGroup": "{{name}} تمت إزالته من المجموعة",
      "blocked": "{{name}} تم حظره.",
      "unblocked": "{{name}} تم إلغاء حظره.",
      "reported": "{{name}} تم الإبلاغ عنه.",
      "reportedAndBlocked": "{{name}} تم الإبلاغ عنه وحظره."
    },
    "errors": {
      "makeAdmin": "فشل في تعيين {{name}} كمسؤول",
      "dismissAdmin": "فشل في إزالة {{name}} من المسؤولين",
      "removeMember": "حدث خطأ أثناء إزالة العضو"
    },
    "alerts": {
      "block": {
        "header": "حظر جهة الاتصال",
        "message": "لن تتلقى رسائل أو مكالمات من {{name}} بعد الآن.",
        "cta": "حظر"
      },
      "unblock": {
        "header": "إلغاء حظر جهة الاتصال",
        "message": "هل أنت متأكد أنك تريد إلغاء حظر {{name}}؟"
      },
      "report": {
        "header": "الإبلاغ عن جهة الاتصال",
        "message": "سيتم الإبلاغ عن آخر 5 رسائل من {{name}}. هل تريد أيضًا حظر هذا المستخدم؟",
        "alsoBlock": "أيضًا حظر جهة الاتصال",
        "cta": "إبلاغ"
      }
    }
  },"invite": {
    "header": "دعوة صديق",
    "actions": {
      "search": "بحث في جهات الاتصال",
      "shareLink": "مشاركة رابط التطبيق",
      "fromContacts": "دعوة من جهات الاتصال",
      "invite": "دعوة"
    },
    "share": {
      "title": "انضم إليّ على هذا التطبيق!",
      "subtitle": "أرسل رابط التنزيل عبر أي تطبيق",
      "body": "جرّب هذا التطبيق الرائع. حمّله من هنا:",
      "button": "مشاركة",
      "success": "تمت مشاركة الرابط",
      "copied": "تم نسخ الرابط"
    },
    "contacts": {
      "title": "من جهات الاتصال",
      "subtitle": "قم بدعوة مباشرة من دفتر الهاتف",
      "header": "من جهات الاتصال",
      "notOnApp": "غير موجود على التطبيق بعد"
    },
    "title": "انضم إليّ على هذا التطبيق!",
    "text": "جرّب هذا التطبيق الرائع. حمّله من هنا:",
    "dialogTitle": "مشاركة رابط التطبيق",
    "toasts": {
      "openContacts": "جارٍ فتح جهات الاتصال...",
      "searchContacts": "تم النقر على بحث جهات الاتصال.",
      "invited": "تم إرسال الدعوة إلى {{phone}}"
    },
    "errors": {
      "shareFailed": "تعذّر فتح نافذة المشاركة."
    }
  },"community": {
    "manageGroups": {
    "title": "إدارة المجموعات",
    "groups": "المجموعات",
    "createNew": "إنشاء مجموعة جديدة",
    "addExisting": "إضافة مجموعات موجودة",
    "info": "يمكن للأعضاء اقتراح مجموعات موجودة لموافقة المشرف وإضافة مجموعات جديدة مباشرة. عرض في",
    "settingsLink": "إعدادات المجتمع",
    "listHeader": "المجموعات في هذا المجتمع",
    "loading": "جاري تحميل المجموعات...",
    "empty": "لم يتم العثور على مجموعات لهذا المجتمع",
    "members": "الأعضاء",
    "unnamedGroup": "مجموعة بدون اسم",
    "remove": {
      "header": "إزالة المجموعة من المجتمع",
      "message": "هل تريد إزالة هذه المجموعة من المجتمع؟ ستبقى المجموعة ولكنها لن تنتمي بعد الآن إلى المجتمع.",
      "alsoRemoveMembers": "إزالة أعضاء هذه المجموعة أيضًا من المجتمع والمجموعة",
      "cta": "إزالة",
      "aria": "إزالة المجموعة من المجتمع"
    },
    "toasts": {
      "removed": "تمت إزالة المجموعة من المجتمع وتحديث الأعضاء",
      "removeFailed": "فشل في إزالة المجموعة. حاول مرة أخرى."
    }
  },
    "title": "المجتمعات",
    "actions": {
      "qr": "فتح إجراءات QR",
      "menu": "فتح القائمة"
    },
    "newCommunity": "مجتمع جديد",
    "unnamedCommunity": "مجتمع بدون اسم",
    "viewAll": "عرض الكل",
   "groupType": {
    "normal": "مجموعة عادية",
    "announcement": "مجموعة إعلانات",
    "general": "مجموعة عامة"
  },
    "newGroup": {
      "header": "مجموعة جديدة",
      "placeholder": "اسم المجموعة",
      "create": "إنشاء"
    },
    "toasts": {
      "groupCreated": "تم إنشاء المجموعة"
    }
  },"community_menu_component": {
    "info": "معلومات المجتمع",
    "invite": "دعوة الأعضاء",
    "settings": "إعدادات المجتمع"
  },
  "group_preview_modal_component": {
    "close": "إغلاق",
    "groupIcon": "أيقونة المجموعة",
    "createdBy": "أنشأه {{name}}",
    "noMembers": "لا يوجد أعضاء بعد",
    "noDescription": "لا يوجد وصف",
    "communityLabel": "المجتمع:",
    "joinNote": "بانضمامك تصبح عضوًا فورًا.",
    "joinCta": "انضم إلى المجموعة"
  },"add_existing_groups_page": {
    "header": "إضافة مجموعات موجودة",
    "actions": {
      "search": "البحث عن المجموعات",
      "confirm": "تأكيد الاختيار",
      "removeChip": "إزالة المجموعة المحددة"
    },
    "of": "من",
    "selected": "محدد",
    "banner": "سيتم إضافة جميع الأعضاء في المجموعات إلى المجتمع.",
    "listHeader": "المجموعات التي تديرها",
    "loading": "جاري تحميل المجموعات...",
    "empty": "لم يتم العثور على أي مجموعات تديرها",
    "checkboxLabel": "اختر مجموعة",
    "unnamedGroup": "مجموعة بدون اسم",
    "toasts": {
      "selectAtLeastOne": "اختر مجموعة واحدة على الأقل"
    }
  }
}
