{
  "meta": {
    "generatedAt": "2025-09-25T06:49:05.846991Z",
    "note": "Translations for email-edit page.",
    "translated": true,
    "locale": "bn-BD"
  },
  "emailEdit": {
    "title": "ইমেল ঠিকানা",
    "description": "ইমেল আপনার অ্যাকাউন্টে প্রবেশ করতে সহায়তা করে। এটি অন্যদের জন্য দৃশ্যমান নয়।",
    "label": "ইমেল",
    "verified": "যাচাই করা হয়েছে",
    "placeholder": "you@example.com",
    "edit": "সম্পাদনা",
    "cancel": "বাতিল",
    "save": "সংরক্ষণ করুন",
    "savedSuccess": "ইমেল সফলভাবে সংরক্ষণ করা হয়েছে।",
    "validation": {
      "required": "ইমেল প্রয়োজন।",
      "invalid": "একটি বৈধ ইমেল ঠিকানা লিখুন।",
      "maxlength": "ইমেলটি অনেক বড় (সর্বাধিক ২৫৪ অক্ষর)।"
    }
  },
  "helpPage": {
    "title": "সহায়তা",
    "helpCenter": {
      "title": "সহায়তা কেন্দ্র",
      "description": "সহায়তা, সাধারণ প্রশ্ন ও যোগাযোগের বিকল্প এখানে পাবেন।"
    },
    "terms": {
      "title": "শর্তাবলী ও গোপনীয়তা নীতি",
      "description": "আমাদের শর্তাবলী ও তথ্য নীতি পড়ুন।"
    },
    "channelReports": {
      "title": "চ্যানেল রিপোর্ট",
      "description": "রিপোর্ট পরিচালনা ও দেখা।"
    },
    "appInfo": {
      "title": "অ্যাপ সম্পর্কে",
      "description": "সংস্করণ, আইনী এবং প্রযুক্তিগত বিবরণ।"
    }
  },
   "common": {
    "ok": "ঠিক আছে",
    "cancel": "বাতিল",
    "logout": "লগ আউট"
  },
  "settingsPage": {
    "title": "সেটিংস",
    "account": { "title": "অ্যাকাউন্ট", "description": "গোপনীয়তা, নিরাপত্তা, নম্বর পরিবর্তন" },
    "privacy": { "title": "গোপনীয়তা", "description": "আপনার গোপনীয়তার সেটিংস নিয়ন্ত্রণ করুন" },
    "avatar": { "title": "অবতার", "description": "প্রোফাইল ছবি পরিবর্তন করুন" },
    "chats": { "title": "চ্যাট", "description": "থিম, ওয়ালপেপার, ব্যাকআপ" },
    "accessibility": { "title": "অ্যাক্সেসিবিলিটি", "description": "টেক্সট সাইজ ও প্রদর্শনের বিকল্প" },
    "notifications": { "title": "নোটিফিকেশন", "description": "বার্তা, গ্রুপ ও কল সতর্কতা" },
    "storage": { "title": "স্টোরেজ ও ডেটা", "description": "স্টোরেজ ও নেটওয়ার্ক ব্যবহার পরিচালনা করুন" },
    "appLanguage": { "title": "অ্যাপের ভাষা", "description": "অ্যাপের ভাষা নির্বাচন করুন" },
    "help": { "title": "সহায়তা ও প্রতিক্রিয়া", "description": "সহায়তা কেন্দ্র, যোগাযোগ করুন, অ্যাপ তথ্য" },
    "updates": { "title": "অ্যাপ আপডেট", "description": "আপডেট চেক করুন, স্বয়ংক্রিয় আপডেট" },
    "invite": { "title": "বন্ধুকে আমন্ত্রণ জানান", "description": "অ্যাপটি আপনার পরিচিতদের সাথে শেয়ার করুন" },
    "logout": {
      "title": "লগ আউট",
      "description": "অ্যাপ ডেটা মুছে ফেলুন এবং সাইন আউট করুন",
      "confirmHeader": "লগ আউট নিশ্চিত করুন",
      "confirmMessage": "আপনি কি নিশ্চিত যে লগ আউট করে অ্যাপের ডেটা মুছে ফেলবেন?",
      "loadingHeader": "লগ আউট হচ্ছে",
      "loadingMessage": "অনুগ্রহ করে অপেক্ষা করুন...",
      "successHeader": "লগ আউট সম্পন্ন",
      "successMessage": "আপনি সফলভাবে লগ আউট করেছেন।"
    },
    "defaultStatus": "উপলব্ধ"
  },
  "appUpdates": {
    "title": "অ্যাপ আপডেট",
    "version": "ভার্সন",
    "latestAvailable": "সর্বশেষ উপলব্ধ",
    "status": "অবস্থা",
    "statusMessages": {
      "updateAvailable": "একটি আপডেট উপলব্ধ।",
      "upToDate": "আপনি সর্বশেষ সংস্করণ ব্যবহার করছেন।"
    },
    "badge": {
      "updateAvailable": "আপডেট উপলব্ধ",
      "upToDate": "সর্বশেষ"
    },
    "checkForUpdates": {
      "title": "আপডেট পরীক্ষা করুন",
      "description": "ম্যানুয়ালি দেখুন নতুন সংস্করণ উপলব্ধ কিনা"
    },
    "checking": "পরীক্ষা হচ্ছে…",
    "toast": {
      "latest": "আপনি সর্বশেষ সংস্করণ ব্যবহার করছেন।",
      "updateAvailable": "আপডেট উপলব্ধ: {{version}}",
      "error": "আপডেট পরীক্ষা করা যায়নি। অনুগ্রহ করে পরে আবার চেষ্টা করুন।"
    }
  },
  "accountPage": {
    "title": "অ্যাকাউন্ট",
    "securityNotifications": "সিকিউরিটি নোটিফিকেশন",
    "passkeys": "পাসকি",
    "emailAddress": "ইমেল ঠিকানা",
    "twoStep": "টু-স্টেপ ভেরিফিকেশন",
    "changeNumber": "নম্বর পরিবর্তন করুন",
    "requestInfo": "অ্যাকাউন্ট তথ্যের অনুরোধ",
    "addAccount": "অ্যাকাউন্ট যোগ করুন",
    "deleteAccount": "অ্যাকাউন্ট মুছে ফেলুন",
    "confirmDelete": {
      "title": "অ্যাকাউন্ট মুছবেন?",
      "message": "এই কাজটি আপনার অ্যাকাউন্ট এবং ডেটা স্থায়ীভাবে মুছে ফেলবে।",
      "confirm": "মুছুন",
      "cancel": "বাতিল",
      "log": "অ্যাকাউন্ট মুছার মডাল খোলা হয়েছে"
    }
  },"accessibility": {
  "title": "অ্যাক্সেসিবিলিটি",
  "groups": {
    "displayMotion": "প্রদর্শন ও গতি",
    "interaction": "ইন্টারঅ্যাকশন"
  },
  "increaseContrast": {
    "title": "কনট্রাস্ট বৃদ্ধি করুন",
    "desc": "হালকা মোডে পাঠযোগ্যতা উন্নত করতে প্রধান রঙগুলো গাঢ় করুন।"
  },
  "reduceMotion": {
    "title": "গতি কমান",
    "desc": "অ্যানিমেটেড স্টিকার, GIF এবং ট্রানজিশন কমিয়ে দিন।"
  },
  "largeText": {
    "title": "বড় টেক্সট",
    "desc": "সহজে পড়ার জন্য সিস্টেম ফন্ট স্কেল বাড়ান।"
  },
  "simpleAnimations": {
    "title": "সহজ অ্যানিমেশন",
    "desc": "সহজ ব্যবহারের জন্য জটিল অ্যানিমেশন হ্রাস করুন।"
  },
  "grayscale": {
    "title": "গ্রেস্কেল মোড",
    "desc": "চোখের চাপ কমাতে সমস্ত রঙকে ধূসর শেডে রূপান্তর করুন।"
  }
}
,"privacyPage": {
    "title": "গোপনীয়তা",
    "groups": {
      "whoCanSee": "কে আমার তথ্য দেখতে পাবে",
      "other": "অন্যান্য"
    },
    "lastSeen": {
      "title": "সর্বশেষ দেখা ও অনলাইন",
      "desc": "কে আপনার সর্বশেষ দেখা ও অনলাইন স্ট্যাটাস দেখতে পাবে তা নিয়ন্ত্রণ করুন"
    },
    "profilePhoto": {
      "title": "প্রোফাইল ছবি",
      "desc": "কে আপনার ছবি দেখতে পাবে তা নির্বাচন করুন"
    },
    "about": {
      "title": "সম্বন্ধে",
      "desc": "কে আপনার সম্বন্ধে তথ্য দেখতে পাবে তা নিয়ন্ত্রণ করুন"
    },
    "status": {
      "title": "স্ট্যাটাস",
      "desc": "কে আপনার স্ট্যাটাস আপডেট দেখতে পাবে তা ম্যানেজ করুন"
    },
    "blocked": {
      "title": "ব্লক করা কনট্যাক্ট",
      "desc": "ব্লক করা ব্যবহারকারী দেখুন এবং ম্যানেজ করুন"
    },
    "options": {
      "everyone": "সবার জন্য",
      "contacts": "আমার কনট্যাক্টস",
      "nobody": "কেউ নয়"
    }
  },"avatarPage": {
    "title": "আপনার অ্যাভাটার তৈরি করুন",
    "previewAlt": "অ্যাভাটার প্রিভিউ",
    "sections": {
      "customization": "কাস্টমাইজেশন বিকল্পসমূহ"
    },
    "fields": {
      "hair": "চুল",
      "accessories": "অ্যাক্সেসরিজ",
      "hairColor": "চুলের রঙ",
      "eyes": "চোখ",
      "mouth": "মুখ",
      "clothes": "পোশাক",
      "skin": "ত্বক"
    },
    "placeholders": {
      "hair": "চুলের স্টাইল নির্বাচন করুন",
      "accessories": "অ্যাক্সেসরিজ নির্বাচন করুন",
      "hairColor": "চুলের রঙ নির্বাচন করুন",
      "eyes": "চোখের স্টাইল নির্বাচন করুন",
      "mouth": "মুখের স্টাইল নির্বাচন করুন",
      "clothes": "পোশাক নির্বাচন করুন",
      "skin": "ত্বকের রঙ নির্বাচন করুন"
    },
    "buttons": {
      "download": "ডাউনলোড",
      "downloading": "ডাউনলোড হচ্ছে…",
      "save": "সংরক্ষণ"
    },
    "toast": {
      "saved": "অ্যাভাটার অপশনগুলি লোকালভাবে সংরক্ষণ করা হয়েছে।",
      "downloadError": "ডাউনলোড ব্যর্থ হয়েছে। আবার চেষ্টা করুন।"
    }
  },"notifications": {
    "title": "নোটিফিকেশন",
    "highPriority": {
      "title": "হাই প্রায়োরিটি নোটিফিকেশন ব্যবহার করুন",
      "desc": "ডু নট ডিস্টার্ব চালু থাকলেও শব্দ ও প্রিভিউ সহ নোটিফিকেশন পান"
    },
    "message": {
      "title": "মেসেজ নোটিফিকেশন",
      "desc": "বার্তার জন্য অ্যালার্ট কাস্টমাইজ করুন"
    },
    "group": {
      "title": "গ্রুপ চ্যাট নোটিফিকেশন",
      "desc": "গ্রুপ চ্যাটের জন্য নোটিফিকেশন ম্যানেজ করুন"
    },
    "call": {
      "title": "কল নোটিফিকেশন",
      "desc": "রিংটোন ও ভাইব্রেশন সেটিংস"
    }
  },"storage": {
    "title": "স্টোরেজ ও ডেটা",
    "totalUsedHuman": "{{used}} MB এর মধ্যে {{total}} MB",
    "cards": {
      "usage": {
        "title": "স্টোরেজ ব্যবহার",
        "used": "{{mb}} MB ব্যবহৃত",
        "total": "মোট {{mb}} MB"
      }
    },
    "sections": {
      "network": "নেটওয়ার্ক ব্যবহার",
      "manage": "ম্যানেজ"
    },
    "network": {
      "sent": {
        "title": "ডেটা প্রেরিত",
        "subtitle": "{{val}}"
      },
      "received": {
        "title": "ডেটা গ্রহণ",
        "subtitle": "{{val}}"
      }
    },
    "manage": {
      "title": "স্টোরেজ ম্যানেজ করুন",
      "desc": "বড় ফাইল, চ্যাট ও মিডিয়া পর্যালোচনা ও মুছুন"
    },
    "autoDownload": {
      "title": "মিডিয়া স্বয়ংক্রিয় ডাউনলোড",
      "desc": "মোবাইল/ওয়াই-ফাই/রোমিং এ কী ডাউনলোড হবে তা নিয়ন্ত্রণ করুন"
    },
    "actions": {
      "analyze": "বিশ্লেষণ",
      "clearCache": "ক্যাশ পরিষ্কার করুন",
      "resetStats": "পরিসংখ্যান রিসেট করুন"
    },
    "toast": {
      "cleared": "{{mb}} MB ক্যাশ পরিষ্কার হয়েছে",
      "statsReset": "নেটওয়ার্ক পরিসংখ্যান রিসেট হয়েছে"
    }
  },"chats": {
    "title": "চ্যাট",
    "sections": {
      "appearance": "চেহারা",
      "behavior": "বার্তার আচরণ",
      "management": "চ্যাট ম্যানেজমেন্ট"
    },
    "items": {
      "theme": {
        "title": "থিম",
        "sub": "সিস্টেম ডিফল্ট"
      },
      "chatTheme": {
        "title": "ডিফল্ট চ্যাট থিম",
        "sub": "ওয়ালপেপার বা থিম নির্বাচন করুন"
      },
      "fontSize": {
        "title": "ফন্ট সাইজ",
        "sub": "মাঝারি"
      },
      "enterToSend": {
        "title": "এন্টার দিয়ে পাঠান",
        "sub": "এন্টার চাপুন বার্তা পাঠাতে"
      },
      "mediaVisibility": {
        "title": "মিডিয়া দৃশ্যমানতা",
        "sub": "নতুন ডাউনলোড করা মিডিয়া গ্যালারিতে দেখান"
      },
      "keepArchived": {
        "title": "চ্যাট আর্কাইভ করে রাখুন",
        "sub": "নতুন বার্তা এলে আর্কাইভ করা চ্যাট আর্কাইভ অবস্থাতেই থাকবে"
      },
      "transcripts": {
        "title": "ভয়েস মেসেজ ট্রান্সক্রিপ্ট",
        "sub": "নতুন ভয়েস মেসেজ স্বয়ংক্রিয়ভাবে ট্রান্সক্রাইব করুন"
      },
      "backup": {
        "title": "চ্যাট ব্যাকআপ",
        "sub": "বার্তাগুলি ক্লাউড স্টোরেজে ব্যাকআপ করুন"
      },
      "transfer": {
        "title": "চ্যাট ট্রান্সফার",
        "sub": "ডিভাইসগুলির মধ্যে চ্যাট সরান"
      },
      "history": {
        "title": "চ্যাট ইতিহাস",
        "sub": "সব চ্যাট এক্সপোর্ট, আর্কাইভ, ক্লিয়ার বা ডিলিট করুন"
      }
    },
    "toasts": {
      "enter": {
        "enabled": "এন্টার-টু-সেন্ড চালু",
        "disabled": "এন্টার-টু-সেন্ড বন্ধ"
      },
      "media": {
        "on": "মিডিয়া দৃশ্যমানতা চালু",
        "off": "মিডিয়া দৃশ্যমানতা বন্ধ"
      },
      "archived": {
        "enabled": "আর্কাইভ করে রাখা চালু",
        "disabled": "আর্কাইভ করে রাখা বন্ধ"
      },
      "transcripts": {
        "enabled": "ভয়েস মেসেজ ট্রান্সক্রিপ্ট চালু",
        "disabled": "ভয়েস মেসেজ ট্রান্সক্রিপ্ট বন্ধ"
      },
      "backup": {
        "starting": "ব্যাকআপ শুরু হচ্ছে…",
        "done": "ব্যাকআপ সম্পন্ন হয়েছে"
      }
    }
  },"profilePage": {
    "title": "প্রোফাইল",
    "imageAlt": "প্রোফাইল ছবি",
    "buttons": {
      "edit": "সম্পাদনা",
      "addLinks": "লিঙ্ক যোগ করুন",
      "cancel": "বাতিল"
    },
    "fields": {
      "name": "নাম",
      "about": "সম্পর্কে",
      "phone": "ফোন",
      "links": "লিঙ্ক"
    },
    "actions": {
      "source": {
        "header": "ছবির উৎস নির্বাচন করুন",
        "camera": "ক্যামেরা",
        "gallery": "গ্যালারি"
      }
    },
    "loading": {
      "openingCamera": "ক্যামেরা খোলা হচ্ছে...",
      "processing": "ছবি প্রক্রিয়া হচ্ছে...",
      "updating": "প্রোফাইল ছবি আপডেট হচ্ছে..."
    },
    "validation": {
      "size": "ছবির আকার 5MB এর কম হতে হবে",
      "type": "একটি বৈধ ছবি ফাইল নির্বাচন করুন (JPEG, PNG, WebP)"
    },
    "toast": {
      "loadFailed": "প্রোফাইল তথ্য লোড ব্যর্থ হয়েছে",
      "imageLoadFailed": "প্রোফাইল ছবি লোড ব্যর্থ হয়েছে",
      "selectFailed": "ছবি নির্বাচন ব্যর্থ হয়েছে। আবার চেষ্টা করুন।",
      "processFailed": "ছবি প্রক্রিয়াকরণে ত্রুটি। আবার চেষ্টা করুন।",
      "noUser": "ইউজার আইডি পাওয়া যায়নি",
      "updated": "প্রোফাইল ছবি সফলভাবে আপডেট হয়েছে!",
      "updateFailed": "প্রোফাইল ছবি আপডেট ব্যর্থ হয়েছে"
    }
  },"footerTabs": {
    "chat": "চ্যাট",
    "updates": "আপডেট",
    "communities": "কমিউনিটি",
    "calls": "কল",
    "badges": {
      "unreadChats": "{{count}}টি অপঠিত চ্যাট",
      "unreadUpdates": "{{count}}টি আপডেট"
    }
  }, "socialLinks": {
    "title": "লিঙ্কসমূহ",
    "intro": "আপনার প্রোফাইলে লিঙ্ক যুক্ত করলে আপনার পরিচিতরা সহজেই আপনার অন্য প্রোফাইলগুলো দেখতে পারবেন।",
    "instagram": {
      "title": "ইনস্টাগ্রাম",
      "add": "আপনার ইনস্টাগ্রাম যুক্ত করুন"
    },
    "actions": {
      "add": "যোগ করুন",
      "edit": "সম্পাদনা"
    },
    "privacy": {
      "note": "কারা আপনার লিঙ্কগুলো দেখতে পাবে তা নিয়ন্ত্রণ করতে যান",
      "link": "গোপনীয়তা সেটিংস"
    }
  },
  "addInstagram": {
    "title": "ইনস্টাগ্রাম যুক্ত করুন",
    "loading": "লোড হচ্ছে...",
    "saving": "সংরক্ষণ হচ্ছে...",
    "usernameLabel": "ইনস্টাগ্রাম ব্যবহারকারীর নাম",
    "usernamePlaceholder": "ইউজারনেম",
    "hint": {
      "text": "ইনস্টাগ্রাম ব্যবহারকারীর নাম যুক্ত করলে এটি আপনার প্রোফাইলে দৃশ্যমান হবে।",
      "learnMore": "আরও জানুন"
    },
    "save": "সংরক্ষণ করুন",
    "validation": {
      "required": "দয়া করে আপনার ইনস্টাগ্রাম ব্যবহারকারীর নাম লিখুন",
      "invalid": "একটি বৈধ ইউজারনেম লিখুন (কোন ফাঁকা নেই, সর্বাধিক 30 অক্ষর)"
    },
    "toast": {
      "fetchFailed": "ইনস্টাগ্রাম লিঙ্ক আনতে ব্যর্থ",
      "saved": "ইনস্টাগ্রাম সফলভাবে সংরক্ষিত হয়েছে!",
      "saveFailed": "ইনস্টাগ্রাম লিঙ্ক আপডেট করতে ব্যর্থ। আবার চেষ্টা করুন।"
    }
  },"home": {
    "search": { "placeholder": "-কে জিজ্ঞাসা করুন অথবা খুঁজুন" },
    "filters": { "all": "সব", "read": "পড়া হয়েছে", "unread": "না পড়া", "groups": "গ্রুপ" },
    "groupCreator": { "placeholder": "গ্রুপের নাম লিখুন" },
    "typing": "টাইপ করছে...",
    "time": { "yesterday": "গতকাল" },
    "preview": {
      "deleted": "এই বার্তাটি মুছে ফেলা হয়েছে",
      "encrypted": "[এনক্রিপ্টেড]",
      "media": {
        "photo": "ছবি",
        "video": "ভিডিও",
        "audio": "অডিও",
        "file": "সংযুক্তি",
        "generic": "[মিডিয়া]"
      }
    },
    "actions": {
      "scan": "QR স্ক্যান করুন",
      "camera": "ক্যামেরা খুলুন",
      "menu": "মেনু খুলুন",
      "contacts": "কনট্যাক্টস"
    },
    "scan": {
      "onlyDevice": "বারকোড স্ক্যান শুধুমাত্র আসল ডিভাইসে কাজ করে।",
      "permission": "বারকোড স্ক্যান করতে ক্যামেরা অনুমতি প্রয়োজন।",
      "notFound": "কোনও বারকোড পাওয়া যায়নি।",
      "error": "স্ক্যান করার সময় কিছু ভুল হয়েছে।"
    },
    "logout": {
      "header": "লগ আউট",
      "message": "সেশন শেষ হয়েছে/মেয়াদোত্তীর্ণ।"
    },
    "alt": { "profile": "প্রোফাইল" }
  },"menu": {
    "newGroup": "নতুন গ্রুপ",
    "newCommunity": "নতুন কমিউনিটি",
    "newBroadcast": "নতুন সম্প্রচার (WIP)",
    "starred": "তারকাচিহ্নিত (WIP)",
    "readAll": "সব পড়ুন (WIP)",
    "settings": "সেটিংস",
    "createChannels": "চ্যানেল তৈরি করুন (WIP)",
    "statusPrivacy": "স্ট্যাটাস প্রাইভেসি (WIP)",
    "clearCallLogs": "কল লগ মুছুন (WIP)"
  },"userabout": {
    "members": "সদস্য",
    "group": "গ্রুপ",
    "groups": "গ্রুপসমূহ",
    "inCommon": "কমন",
    "toolbar": {
      "message": "বার্তা",
      "call": "কল",
      "video": "ভিডিও",
      "add": "যোগ করুন"
    },
    "defaults": {
      "heyThere": "হ্যালো! আমি Telldemm ব্যবহার করছি।",
      "noGroupDescription": "কোনো গ্রুপ বিবরণ নেই।",
      "unknown": "অজানা",
      "unknownDate": "অজানা তারিখ",
      "unnamedGroup": "নামহীন গ্রুপ"
    },
    "updatedOn": "আপডেট হয়েছে",
    "createdByOn": "{{name}} দ্বারা তৈরি করা হয়েছে",
    "media": {
      "title": "মিডিয়া, লিঙ্ক এবং ডকস"
    },
    "notifications": "নোটিফিকেশন",
    "mediaVisibility": "মিডিয়া দৃশ্যমানতা",
    "encryption": {
      "title": "এনক্রিপশন",
      "subtitle": "বার্তা এবং কল প্রান্ত-থেকে-প্রান্ত এনক্রিপ্ট করা। যাচাই করতে ট্যাপ করুন।"
    },
    "disappearing": "অদৃশ্য বার্তা",
    "chatLock": {
      "title": "চ্যাট লক",
      "subtitle": "এই ডিভাইসে এই চ্যাট লক এবং লুকান।"
    },
    "advancedPrivacy": {
      "title": "উন্নত চ্যাট গোপনীয়তা",
      "off": "বন্ধ"
    },
    "createGroupWith": "{{name}} এর সাথে গ্রুপ তৈরি করুন",
    "commonGroupWith": "{{name}} এর সাথে সাধারণ গ্রুপ",
    "groupMembers": "গ্রুপ সদস্যরা",
    "addMembers": "সদস্য যোগ করুন",
    "groupAdmin": "গ্রুপ অ্যাডমিন",
    "viewPastMembers": "পূর্ববর্তী সদস্যদের দেখুন",
    "addToFavourites": "পছন্দের তালিকায় যোগ করুন",
    "addToList": "তালিকায় যোগ করুন",
    "block": "{{name}} কে ব্লক করুন",
    "unblock": "{{name}} কে আনব্লক করুন",
    "report": "{{name}} রিপোর্ট করুন",
    "actions": {
      "message": "বার্তা",
      "dismissAdmin": "অ্যাডমিন থেকে সরান",
      "makeAdmin": "অ্যাডমিন করুন",
      "removeFromGroup": "গ্রুপ থেকে সরান"
    },
    "toasts": {
      "madeAdmin": "{{name}} এখন অ্যাডমিন",
      "dismissedAdmin": "{{name}} আর অ্যাডমিন নয়",
      "removedFromGroup": "{{name}} গ্রুপ থেকে সরানো হয়েছে",
      "blocked": "{{name}} ব্লক করা হয়েছে।",
      "unblocked": "{{name}} আনব্লক করা হয়েছে।",
      "reported": "{{name}} রিপোর্ট করা হয়েছে।",
      "reportedAndBlocked": "{{name}} রিপোর্ট এবং ব্লক করা হয়েছে।"
    },
    "errors": {
      "makeAdmin": "{{name}} কে অ্যাডমিন করতে ব্যর্থ",
      "dismissAdmin": "{{name}} কে অ্যাডমিন থেকে সরাতে ব্যর্থ",
      "removeMember": "সদস্য সরানোর সময় ত্রুটি ঘটেছে"
    },
    "alerts": {
      "block": {
        "header": "কন্টাক্ট ব্লক করুন",
        "message": "আপনি আর {{name}} থেকে বার্তা বা কল পাবেন না।",
        "cta": "ব্লক"
      },
      "unblock": {
        "header": "কন্টাক্ট আনব্লক করুন",
        "message": "আপনি কি নিশ্চিত যে {{name}} কে আনব্লক করতে চান?"
      },
      "report": {
        "header": "কন্টাক্ট রিপোর্ট করুন",
        "message": "{{name}} এর সর্বশেষ 5 বার্তা রিপোর্ট করা হবে। আপনি কি এই ব্যবহারকারীকে ব্লক করতে চান?",
        "alsoBlock": "কন্টাক্টকেও ব্লক করুন",
        "cta": "রিপোর্ট"
      }
    }
  },"invite": {
    "header": "একজন বন্ধুকে আমন্ত্রণ করুন",
    "actions": {
      "search": "কন্টাক্টস খুঁজুন",
      "shareLink": "অ্যাপ লিঙ্ক শেয়ার করুন",
      "fromContacts": "কন্টাক্টস থেকে আমন্ত্রণ",
      "invite": "আমন্ত্রণ"
    },
    "share": {
      "title": "এই অ্যাপে আমার সাথে যোগ দিন!",
      "subtitle": "যে কোনও অ্যাপ দিয়ে ডাউনলোড লিঙ্ক পাঠান",
      "body": "এই দারুণ অ্যাপটি দেখুন। এখান থেকে ডাউনলোড করুন:",
      "button": "শেয়ার করুন",
      "success": "লিঙ্ক শেয়ার হয়েছে",
      "copied": "লিঙ্ক কপি হয়েছে"
    },
    "contacts": {
      "title": "কন্টাক্টস থেকে",
      "subtitle": "আপনার ফোনবুক থেকে সরাসরি আমন্ত্রণ করুন",
      "header": "কন্টাক্টস থেকে",
      "notOnApp": "এখনও অ্যাপে নেই"
    },
    "title": "এই অ্যাপে আমার সাথে যোগ দিন!",
    "text": "এই দারুণ অ্যাপটি দেখুন। এখান থেকে ডাউনলোড করুন:",
    "dialogTitle": "অ্যাপ লিঙ্ক শেয়ার করুন",
    "toasts": {
      "openContacts": "কন্টাক্টস খোলা হচ্ছে...",
      "searchContacts": "কন্টাক্টস সার্চে ট্যাপ করা হয়েছে।",
      "invited": "{{phone}} এ আমন্ত্রণ পাঠানো হয়েছে"
    },
    "errors": {
      "shareFailed": "শেয়ার শীট খোলা যায়নি।"
    }
  },"community": {
     "manageGroups": {
    "title": "গ্রুপ পরিচালনা করুন",
    "groups": "গ্রুপ",
    "createNew": "নতুন গ্রুপ তৈরি করুন",
    "addExisting": "বিদ্যমান গ্রুপ যোগ করুন",
    "info": "সদস্যরা এডমিন অনুমোদনের জন্য বিদ্যমান গ্রুপ প্রস্তাব করতে পারে এবং সরাসরি নতুন গ্রুপ যোগ করতে পারে। দেখুন",
    "settingsLink": "কমিউনিটি সেটিংস",
    "listHeader": "এই কমিউনিটির গ্রুপ",
    "loading": "গ্রুপ লোড হচ্ছে...",
    "empty": "এই কমিউনিটির জন্য কোনো গ্রুপ পাওয়া যায়নি",
    "members": "সদস্য",
    "unnamedGroup": "নামহীন গ্রুপ",
    "remove": {
      "header": "কমিউনিটি থেকে গ্রুপ সরান",
      "message": "আপনি কি এই গ্রুপটি কমিউনিটি থেকে সরাতে চান? গ্রুপ থাকবে কিন্তু আর কমিউনিটির অংশ হবে না।",
      "alsoRemoveMembers": "এই গ্রুপের সদস্যদেরও কমিউনিটি ও গ্রুপ থেকে সরান",
      "cta": "সরান",
      "aria": "কমিউনিটি থেকে গ্রুপ সরান"
    },
    "toasts": {
      "removed": "গ্রুপটি কমিউনিটি থেকে সরানো হয়েছে এবং সদস্য আপডেট করা হয়েছে",
      "removeFailed": "গ্রুপ সরাতে ব্যর্থ হয়েছে। আবার চেষ্টা করুন।"
    }
  },
    "title": "কমিউনিটি",
    "actions": {
      "qr": "QR অ্যাকশন খুলুন",
      "menu": "মেনু খুলুন"
    },
    "newCommunity": "নতুন কমিউনিটি",
    "unnamedCommunity": "নামহীন কমিউনিটি",
    "viewAll": "সব দেখুন",
    "groupType": {
    "normal": "সাধারণ গ্রুপ",
    "announcement": "ঘোষণা গ্রুপ",
    "general": "জেনারেল গ্রুপ"
  },
    "newGroup": {
      "header": "নতুন গ্রুপ",
      "placeholder": "গ্রুপের নাম",
      "create": "তৈরি করুন"
    },
    "toasts": {
      "groupCreated": "গ্রুপ তৈরি হয়েছে"
    }
  },"community_menu_component": {
    "info": "কমিউনিটি তথ্য",
    "invite": "সদস্য আমন্ত্রণ করুন",
    "settings": "কমিউনিটি সেটিংস"
  },
  "group_preview_modal_component": {
    "close": "বন্ধ করুন",
    "groupIcon": "গ্রুপ আইকন",
    "createdBy": "{{name}} দ্বারা তৈরি",
    "noMembers": "এখনও কোনো সদস্য নেই",
    "noDescription": "কোনো বিবরণ নেই",
    "communityLabel": "কমিউনিটি:",
    "joinNote": "যোগদান করলে আপনি সাথে সাথেই সদস্য হবেন।",
    "joinCta": "গ্রুপে যোগ দিন"
  },"add_existing_groups_page": {
    "header": "বিদ্যমান গ্রুপ যোগ করুন",
    "actions": {
      "search": "গ্রুপ অনুসন্ধান করুন",
      "confirm": "নির্বাচন নিশ্চিত করুন",
      "removeChip": "নির্বাচিত গ্রুপ সরান"
    },
    "of": "এর",
    "selected": "নির্বাচিত",
    "banner": "গ্রুপগুলোর সবাইকে কমিউনিটিতে যোগ করা হবে।",
    "listHeader": "যেসব গ্রুপের আপনি অ্যাডমিন",
    "loading": "গ্রুপ লোড হচ্ছে...",
    "empty": "কোনো অ্যাডমিন গ্রুপ পাওয়া যায়নি",
    "checkboxLabel": "গ্রুপ নির্বাচন করুন",
    "unnamedGroup": "নামহীন গ্রুপ",
    "toasts": {
      "selectAtLeastOne": "অন্তত একটি গ্রুপ নির্বাচন করুন"
    }
  }



}
