{
  "meta": {
    "generatedAt": "2025-09-25T06:49:05.846991Z",
    "note": "Translations for email-edit page in American English.",
    "translated": true,
    "locale": "en-US"
  },
  "emailEdit": {
    "title": "Email address",
    "description": "Email helps you access your account. It isn't visible to others.",
    "label": "Email",
    "verified": "Verified",
    "placeholder": "you@example.com",
    "edit": "Edit",
    "cancel": "Cancel",
    "save": "Save",
    "savedSuccess": "Email saved successfully.",
    "validation": {
      "required": "Email is required.",
      "invalid": "Please enter a valid email address.",
      "maxlength": "Email is too long (max 254 characters)."
    }
  },"helpPage": {
    "title": "Help",
    "helpCenter": {
      "title": "Help Center",
      "description": "Get help, FAQs, and contact options."
    },
    "terms": {
      "title": "Terms & Privacy Policy",
      "description": "Read our terms and data policy."
    },
    "channelReports": {
      "title": "Channel Reports",
      "description": "Manage and view reports."
    },
    "appInfo": {
      "title": "App Info",
      "description": "Version, legal, and technical details."
    }
  },
  "common": {
    "ok": "OK",
    "cancel": "Cancel",
    "logout": "Log Out"
  },
  "settingsPage": {
    "title": "Settings",
    "account": { "title": "Account", "description": "Privacy, security, change number" },
    "privacy": { "title": "Privacy", "description": "Control your privacy settings" },
    "avatar": { "title": "Avatar", "description": "Change profile picture" },
    "chats": { "title": "Chats", "description": "Theme, wallpaper, backup" },
    "accessibility": { "title": "Accessibility", "description": "Text size and display options" },
    "notifications": { "title": "Notifications", "description": "Message, group, and call alerts" },
    "storage": { "title": "Storage & Data", "description": "Manage storage and network usage" },
    "appLanguage": { "title": "App Language", "description": "Choose app language" },
    "help": { "title": "Help & Feedback", "description": "Help center, contact us, app info" },
    "updates": { "title": "App Updates", "description": "Check for updates, auto-update" },
    "invite": { "title": "Invite a Friend", "description": "Share the app with contacts" },
    "logout": {
      "title": "Log Out",
      "description": "Clear app data and sign out",
      "confirmHeader": "Confirm Log Out",
      "confirmMessage": "Are you sure you want to log out and clear app data?",
      "loadingHeader": "Logging Out",
      "loadingMessage": "Please wait...",
      "successHeader": "Logged Out",
      "successMessage": "You have successfully logged out."
    },
    "defaultStatus": "Available"
  },
  "appUpdates": {
    "title": "App Updates",
    "version": "Version",
    "latestAvailable": "Latest Available",
    "status": "Status",
    "statusMessages": {
      "updateAvailable": "An update is available.",
      "upToDate": "You are on the latest version."
    },
    "badge": {
      "updateAvailable": "Update available",
      "upToDate": "Up to date"
    },
    "checkForUpdates": {
      "title": "Check for Updates",
      "description": "Manually check if a new version is available"
    },
    "checking": "Checking…",
    "toast": {
      "latest": "You are using the latest version.",
      "updateAvailable": "Update available: {{version}}",
      "error": "Could not check updates. Please try again later."
    }
  }, "accountPage": {
    "title": "Account",
    "securityNotifications": "Security notifications",
    "passkeys": "Passkeys",
    "emailAddress": "Email address",
    "twoStep": "Two-step verification",
    "changeNumber": "Change number",
    "requestInfo": "Request account info",
    "addAccount": "Add account",
    "deleteAccount": "Delete account",
    "confirmDelete": {
      "title": "Delete account?",
      "message": "This action will permanently delete your account and data.",
      "confirm": "Delete",
      "cancel": "Cancel",
      "log": "Delete account modal opened"
    }
  },"accessibility": {
  "title": "Accessibility",
  "groups": {
    "displayMotion": "Display & motion",
    "interaction": "Interaction"
  },
  "increaseContrast": {
    "title": "Increase contrast",
    "desc": "Darken key colours to improve readability in light mode."
  },
  "reduceMotion": {
    "title": "Reduce motion",
    "desc": "Minimise animated stickers, GIFs and transitions."
  },
  "largeText": {
    "title": "Large text",
    "desc": "Increase system font scale for easier reading."
  },
  "simpleAnimations": {
    "title": "Simplified animations",
    "desc": "Reduce complex animations for easier interaction."
  },
  "grayscale": {
    "title": "Grayscale mode",
    "desc": "Convert all interface colours to shades of gray to reduce visual strain."
  }
},"privacyPage": {
    "title": "Privacy",
    "groups": {
      "whoCanSee": "Who can see my info",
      "other": "Other"
    },
    "lastSeen": {
      "title": "Last Seen & Online",
      "desc": "Control who can see your last seen and online status"
    },
    "profilePhoto": {
      "title": "Profile Photo",
      "desc": "Choose who can view your photo"
    },
    "about": {
      "title": "About",
      "desc": "Control who can see your about info"
    },
    "status": {
      "title": "Status",
      "desc": "Manage who can see your status updates"
    },
    "blocked": {
      "title": "Blocked Contacts",
      "desc": "View and manage blocked users"
    },
    "options": {
      "everyone": "Everyone",
      "contacts": "My Contacts",
      "nobody": "Nobody"
    }
  }, "avatarPage": {
    "title": "Create your Avatar",
    "previewAlt": "Avatar preview",
    "sections": {
      "customization": "Customization Options"
    },
    "fields": {
      "hair": "Hair",
      "accessories": "Accessories",
      "hairColor": "Hair color",
      "eyes": "Eyes",
      "mouth": "Mouth",
      "clothes": "Clothes",
      "skin": "Skin"
    },
    "placeholders": {
      "hair": "Select hairstyle",
      "accessories": "Select accessories",
      "hairColor": "Select hair color",
      "eyes": "Select eye style",
      "mouth": "Select mouth style",
      "clothes": "Select clothing",
      "skin": "Select skin tone"
    },
    "buttons": {
      "download": "Download",
      "downloading": "Downloading…",
      "save": "Save"
    },
    "toast": {
      "saved": "Avatar choices saved locally.",
      "downloadError": "Download failed. Please try again."
    }
  },"notifications": {
    "title": "Notifications",
    "highPriority": {
      "title": "Use high priority notifications",
      "desc": "Get notifications with sound and preview even when Do Not Disturb is on"
    },
    "message": {
      "title": "Message notifications",
      "desc": "Customize alerts for messages"
    },
    "group": {
      "title": "Group chat notifications",
      "desc": "Manage notifications for group chats"
    },
    "call": {
      "title": "Call notifications",
      "desc": "Ringtones and vibration settings"
    }
  },"storage": {
    "title": "Storage & Data",
    "totalUsedHuman": "{{used}} MB of {{total}} MB",
    "cards": {
      "usage": {
        "title": "Storage Usage",
        "used": "{{mb}} MB used",
        "total": "{{mb}} MB total"
      }
    },
    "sections": {
      "network": "Network Usage",
      "manage": "Manage"
    },
    "network": {
      "sent": {
        "title": "Data sent",
        "subtitle": "{{val}}"
      },
      "received": {
        "title": "Data received",
        "subtitle": "{{val}}"
      }
    },
    "manage": {
      "title": "Manage Storage",
      "desc": "Review and delete large files, chats and media"
    },
    "autoDownload": {
      "title": "Media Auto-download",
      "desc": "Control what downloads on mobile/Wi-Fi/roaming"
    },
    "actions": {
      "analyze": "Analyze",
      "clearCache": "Clear Cache",
      "resetStats": "Reset statistics"
    },
    "toast": {
      "cleared": "Cleared {{mb}} MB cache",
      "statsReset": "Network statistics reset"
    }
  },"chats": {
    "title": "Chats",
    "sections": {
      "appearance": "Appearance",
      "behavior": "Message behavior",
      "management": "Chat management"
    },
    "items": {
      "theme": {
        "title": "Theme",
        "sub": "System default"
      },
      "chatTheme": {
        "title": "Default chat theme",
        "sub": "Choose wallpaper or theme"
      },
      "fontSize": {
        "title": "Font size",
        "sub": "Medium"
      },
      "enterToSend": {
        "title": "Enter is send",
        "sub": "Press Enter to send messages"
      },
      "mediaVisibility": {
        "title": "Media visibility",
        "sub": "Show newly downloaded media in your gallery"
      },
      "keepArchived": {
        "title": "Keep chats archived",
        "sub": "Archived chats stay archived when new messages arrive"
      },
      "transcripts": {
        "title": "Voice message transcripts",
        "sub": "Automatically transcribe new voice messages"
      },
      "backup": {
        "title": "Chat backup",
        "sub": "Back up messages to cloud storage"
      },
      "transfer": {
        "title": "Transfer chats",
        "sub": "Move chats between devices"
      },
      "history": {
        "title": "Chat history",
        "sub": "Export, archive, clear or delete all chats"
      }
    },
    "toasts": {
      "enter": {
        "enabled": "Enter-to-send enabled",
        "disabled": "Enter-to-send disabled"
      },
      "media": {
        "on": "Media visibility on",
        "off": "Media visibility off"
      },
      "archived": {
        "enabled": "Keep archived enabled",
        "disabled": "Keep archived disabled"
      },
      "transcripts": {
        "enabled": "Voice message transcripts enabled",
        "disabled": "Voice message transcripts disabled"
      },
      "backup": {
        "starting": "Starting backup…",
        "done": "Backup completed"
      }
    }
  },"profilePage": {
    "title": "Profile",
    "imageAlt": "Profile Image",
    "buttons": {
      "edit": "Edit",
      "addLinks": "Add links",
      "cancel": "Cancel"
    },
    "fields": {
      "name": "Name",
      "about": "About",
      "phone": "Phone",
      "links": "Links"
    },
    "actions": {
      "source": {
        "header": "Select Image Source",
        "camera": "Camera",
        "gallery": "Gallery"
      }
    },
    "loading": {
      "openingCamera": "Opening camera...",
      "processing": "Processing image...",
      "updating": "Updating profile picture..."
    },
    "validation": {
      "size": "Image size should be less than 5MB",
      "type": "Please select a valid image file (JPEG, PNG, WebP)"
    },
    "toast": {
      "loadFailed": "Failed to load profile data",
      "imageLoadFailed": "Failed to load profile image",
      "selectFailed": "Failed to select image. Please try again.",
      "processFailed": "Error processing image. Please try again.",
      "noUser": "User ID not found",
      "updated": "Profile picture updated successfully!",
      "updateFailed": "Failed to update profile picture"
    }
  },"footerTabs": {
    "chat": "Chat",
    "updates": "Updates",
    "communities": "Communities",
    "calls": "Calls",
    "badges": {
      "unreadChats": "{{count}} unread chats",
      "unreadUpdates": "{{count}} updates"
    }
  },"socialLinks": {
    "title": "Links",
    "intro": "Adding links to your profile helps your contacts easily visit your other profiles.",
    "instagram": {
      "title": "Instagram",
      "add": "Add your Instagram"
    },
    "actions": {
      "add": "Add",
      "edit": "Edit"
    },
    "privacy": {
      "note": "To manage who can see your links, go to",
      "link": "privacy settings"
    }
  },
  "addInstagram": {
    "title": "Add Instagram",
    "loading": "Loading...",
    "saving": "Saving...",
    "usernameLabel": "Instagram username",
    "usernamePlaceholder": "username",
    "hint": {
      "text": "Adding an Instagram username will make it visible on your profile.",
      "learnMore": "Learn more"
    },
    "save": "Save",
    "validation": {
      "required": "Please enter your Instagram username",
      "invalid": "Enter a valid username (no spaces, max 30 chars)"
    },
    "toast": {
      "fetchFailed": "Failed to fetch Instagram link",
      "saved": "Instagram saved successfully!",
      "saveFailed": "Failed to update Instagram link. Try again."
    }
  },"home": {
    "search": { "placeholder": "Ask  or Search" },
    "filters": { "all": "ALL", "read": "Read", "unread": "Unread", "groups": "Groups" },
    "groupCreator": { "placeholder": "Enter Group Name" },
    "typing": "typing...",
    "time": { "yesterday": "Yesterday" },
    "preview": {
      "deleted": "This message was deleted",
      "encrypted": "[Encrypted]",
      "media": {
        "photo": "Photo",
        "video": "Video",
        "audio": "Audio",
        "file": "Attachment",
        "generic": "[Media]"
      }
    },
    "actions": {
      "scan": "Scan QR",
      "camera": "Open camera",
      "menu": "Open menu",
      "contacts": "Contacts"
    },
    "scan": {
      "onlyDevice": "Barcode scanning only works on a real device.",
      "permission": "Camera permission is required to scan barcodes.",
      "notFound": "No barcode found.",
      "error": "Something went wrong during scanning."
    },
    "logout": {
      "header": "Logout",
      "message": "Session timed out/expired."
    },
    "alt": { "profile": "Profile" }
  },"menu": {
    "newGroup": "New group",
    "newCommunity": "New Community",
    "newBroadcast": "New broadcast (WIP)",
    "starred": "Starred (WIP)",
    "readAll": "Read all (WIP)",
    "settings": "Settings",
    "createChannels": "Create channels (WIP)",
    "statusPrivacy": "Status Privacy (WIP)",
    "clearCallLogs": "Clear call logs (WIP)"
  },"userabout": {
    "members": "Members",
    "group": "Group",
    "groups": "Groups",
    "inCommon": "In Common",
    "toolbar": {
      "message": "Message",
      "call": "Call",
      "video": "Video",
      "add": "Add"
    },
    "defaults": {
      "heyThere": "Hey there! I am using Telldemm.",
      "noGroupDescription": "No group description.",
      "unknown": "Unknown",
      "unknownDate": "Unknown Date",
      "unnamedGroup": "Unnamed Group"
    },
    "updatedOn": "Updated on",
    "createdByOn": "Created by {{name}} on",
    "media": {
      "title": "Media, Links, and Docs"
    },
    "notifications": "Notifications",
    "mediaVisibility": "Media Visibility",
    "encryption": {
      "title": "Encryption",
      "subtitle": "Messages and calls are end-to-end encrypted. Tap to verify."
    },
    "disappearing": "Disappearing messages",
    "chatLock": {
      "title": "Chat lock",
      "subtitle": "Lock and hide this chat on this device."
    },
    "advancedPrivacy": {
      "title": "Advanced Chat Privacy",
      "off": "Off"
    },
    "createGroupWith": "Create group with {{name}}",
    "commonGroupWith": "Common group with {{name}}",
    "groupMembers": "Group Members",
    "addMembers": "Add Members",
    "groupAdmin": "Group Admin",
    "viewPastMembers": "View Past Members",
    "addToFavourites": "Add to Favorites",
    "addToList": "Add to list",
    "block": "Block {{name}}",
    "unblock": "Unblock {{name}}",
    "report": "Report {{name}}",
    "actions": {
      "message": "Message",
      "dismissAdmin": "Dismiss as Admin",
      "makeAdmin": "Make Admin",
      "removeFromGroup": "Remove from Group"
    },
    "toasts": {
      "madeAdmin": "{{name}} is now an Admin",
      "dismissedAdmin": "{{name}} is no longer an Admin",
      "removedFromGroup": "{{name}} removed from group",
      "blocked": "{{name}} has been blocked.",
      "unblocked": "{{name}} has been unblocked.",
      "reported": "{{name}} has been reported.",
      "reportedAndBlocked": "{{name}} has been reported and blocked."
    },
    "errors": {
      "makeAdmin": "Failed to make {{name}} admin",
      "dismissAdmin": "Failed to dismiss {{name}} as admin",
      "removeMember": "Error removing member"
    },
    "alerts": {
      "block": {
        "header": "Block Contact",
        "message": "You will no longer receive messages or calls from {{name}}.",
        "cta": "Block"
      },
      "unblock": {
        "header": "Unblock Contact",
        "message": "Are you sure you want to unblock {{name}}?"
      },
      "report": {
        "header": "Report Contact",
        "message": "The last 5 messages from {{name}} will be reported. Do you also want to block this user?",
        "alsoBlock": "Also block contact",
        "cta": "Report"
      }
    }
  }, "invite": {
    "header": "Invite a Friend",
    "actions": {
      "search": "Search contacts",
      "shareLink": "Share app link",
      "fromContacts": "Invite from contacts",
      "invite": "Invite"
    },
    "share": {
      "title": "Join me on this app!",
      "subtitle": "Send the app download link via any app",
      "body": "Check out this awesome app. Download it here:",
      "button": "Share",
      "success": "Link shared",
      "copied": "Link copied"
    },
    "contacts": {
      "title": "From Contacts",
      "subtitle": "Invite directly from your contacts",
      "header": "From contacts",
      "notOnApp": "Not on the app yet"
    },
    "title": "Join me on this app!",
    "text": "Check out this awesome app. Download it here:",
    "dialogTitle": "Share App Link",
    "toasts": {
      "openContacts": "Opening contacts...",
      "searchContacts": "Search contacts tapped.",
      "invited": "Invitation sent to {{phone}}"
    },
    "errors": {
      "shareFailed": "Could not open share sheet."
    }
  }, "community": {
     "manageGroups": {
    "title": "Manage groups",
    "groups": "groups",
    "createNew": "Create new group",
    "addExisting": "Add existing groups",
    "info": "Members can suggest existing groups for admin approval and add new groups directly. View in",
    "settingsLink": "Community settings",
    "listHeader": "Groups in this community",
    "loading": "Loading groups...",
    "empty": "No groups found for this community",
    "members": "members",
    "unnamedGroup": "Unnamed group",
    "remove": {
      "header": "Remove group from community",
      "message": "Do you want to remove this group from the community? The group will remain but will no longer belong to the community.",
      "alsoRemoveMembers": "Also remove members of this group from the community and from the group",
      "cta": "Remove",
      "aria": "Remove group from community"
    },
    "toasts": {
      "removed": "Group removed from community and members updated",
      "removeFailed": "Failed to remove group. Try again."
    }
  },
    "title": "Communities",
    "actions": {
      "qr": "Open QR actions",
      "menu": "Open menu"
    },
    "newCommunity": "New community",
    "unnamedCommunity": "Unnamed Community",
    "viewAll": "View all",
   "groupType": {
    "normal": "Normal Group",
    "announcement": "Announcement Group",
    "general": "General Group"
  },
    "newGroup": {
      "header": "New Group",
      "placeholder": "Group Name",
      "create": "Create"
    },
    "toasts": {
      "groupCreated": "Group created"
    }
  },"community_menu_component": {
    "info": "Community info",
    "invite": "Invite members",
    "settings": "Community settings"
  },
  "group_preview_modal_component": {
    "close": "Close",
    "groupIcon": "Group icon",
    "createdBy": "Created by {{name}}",
    "noMembers": "No members yet",
    "noDescription": "No description",
    "communityLabel": "Community:",
    "joinNote": "By joining you become a member immediately.",
    "joinCta": "Join Group"
  },"add_existing_groups_page": {
    "header": "Add existing groups",
    "actions": {
      "search": "Search groups",
      "confirm": "Confirm selection",
      "removeChip": "Remove selected group"
    },
    "of": "of",
    "selected": "selected",
    "banner": "Everyone in the groups will be added to the community.",
    "listHeader": "Groups you're an admin of",
    "loading": "Loading groups...",
    "empty": "No admin groups found",
    "checkboxLabel": "Select group",
    "unnamedGroup": "Unnamed group",
    "toasts": {
      "selectAtLeastOne": "Select at least one group"
    }
  }
}
