{
  "meta": {
    "generatedAt": "2025-09-25T06:49:05.846991Z",
    "note": "Translations for email-edit page.",
    "translated": true,
    "locale": "fa-IR"
  },
  "emailEdit": {
    "title": "آدرس ایمیل",
    "description": "ایمیل به شما کمک می‌کند به حساب کاربری خود دسترسی داشته باشید. این برای دیگران قابل مشاهده نیست.",
    "label": "ایمیل",
    "verified": "تأیید شده",
    "placeholder": "you@example.com",
    "edit": "ویرایش",
    "cancel": "انصراف",
    "save": "ذخیره",
    "savedSuccess": "ایمیل با موفقیت ذخیره شد.",
    "validation": {
      "required": "ایمیل الزامی است.",
      "invalid": "لطفاً یک آدرس ایمیل معتبر وارد کنید.",
      "maxlength": "ایمیل خیلی طولانی است (حداکثر ۲۵۴ کاراکتر)."
    }
  },
  "helpPage": {
    "title": "راهنما",
    "helpCenter": {
      "title": "مرکز راهنما",
      "description": "دریافت راهنمایی، پرسش‌های متداول و گزینه‌های تماس."
    },
    "terms": {
      "title": "شرایط و خط‌مشی حریم خصوصی",
      "description": "شرایط و سیاست داده‌های ما را بخوانید."
    },
    "channelReports": {
      "title": "گزارش‌های کانال",
      "description": "مدیریت و مشاهده گزارش‌ها."
    },
    "appInfo": {
      "title": "اطلاعات برنامه",
      "description": "نسخه، جزئیات قانونی و فنی."
    }
  },"accountPage": {
    "title": "حساب کاربری",
    "securityNotifications": "اعلان‌های امنیتی",
    "passkeys": "کلیدهای عبور",
    "emailAddress": "آدرس ایمیل",
    "twoStep": "تأیید دو مرحله‌ای",
    "changeNumber": "تغییر شماره",
    "requestInfo": "درخواست اطلاعات حساب",
    "addAccount": "افزودن حساب",
    "deleteAccount": "حذف حساب",
    "confirmDelete": {
      "title": "حذف حساب؟",
      "message": "این اقدام حساب و داده‌های شما را برای همیشه حذف خواهد کرد.",
      "confirm": "حذف",
      "cancel": "لغو",
      "log": "پنجره حذف حساب باز شد"
    }
  },"accessibility": {
  "title": "دسترسی‌پذیری",
  "groups": {
    "displayMotion": "نمایش و حرکت",
    "interaction": "تعامل"
  },
  "increaseContrast": {
    "title": "افزایش کنتراست",
    "desc": "برای بهبود خوانایی در حالت روشن، رنگ‌های اصلی را تیره‌تر کنید."
  },
  "reduceMotion": {
    "title": "کاهش حرکت",
    "desc": "استیکرهای متحرک، GIFها و انتقال‌ها را به حداقل برسانید."
  },
  "largeText": {
    "title": "متن بزرگ",
    "desc": "برای مطالعه آسان‌تر، اندازه فونت سیستم را افزایش دهید."
  },
  "simpleAnimations": {
    "title": "انیمیشن‌های ساده‌شده",
    "desc": "برای تعامل آسان‌تر، انیمیشن‌های پیچیده را کاهش دهید."
  },
  "grayscale": {
    "title": "حالت سیاه و سفید",
    "desc": "برای کاهش خستگی چشم، تمام رنگ‌های رابط را به سایه‌های خاکستری تبدیل کنید."
  }
}
, "privacyPage": {
    "title": "حریم خصوصی",
    "groups": {
      "whoCanSee": "چه کسی می‌تواند اطلاعات من را ببیند",
      "other": "سایر"
    },
    "lastSeen": {
      "title": "آخرین بازدید و وضعیت آنلاین",
      "desc": "کنترل کنید چه کسی می‌تواند آخرین بازدید و وضعیت آنلاین شما را ببیند"
    },
    "profilePhoto": {
      "title": "عکس پروفایل",
      "desc": "انتخاب کنید چه کسی می‌تواند عکس شما را ببیند"
    },
    "about": {
      "title": "درباره",
      "desc": "کنترل کنید چه کسی می‌تواند اطلاعات درباره شما را ببیند"
    },
    "status": {
      "title": "وضعیت",
      "desc": "مدیریت کنید چه کسی می‌تواند به‌روزرسانی‌های وضعیت شما را ببیند"
    },
    "blocked": {
      "title": "مخاطبین مسدود شده",
      "desc": "نمایش و مدیریت کاربران مسدود شده"
    },
    "options": {
      "everyone": "همه",
      "contacts": "مخاطبین من",
      "nobody": "هیچ‌کس"
    }
  },"avatarPage": {
    "title": "آواتار خود را بسازید",
    "previewAlt": "پیش‌نمایش آواتار",
    "sections": {
      "customization": "گزینه‌های سفارشی‌سازی"
    },
    "fields": {
      "hair": "مو",
      "accessories": "لوازم جانبی",
      "hairColor": "رنگ مو",
      "eyes": "چشم‌ها",
      "mouth": "دهان",
      "clothes": "لباس",
      "skin": "پوست"
    },
    "placeholders": {
      "hair": "مدل مو را انتخاب کنید",
      "accessories": "لوازم جانبی را انتخاب کنید",
      "hairColor": "رنگ مو را انتخاب کنید",
      "eyes": "طرح چشم را انتخاب کنید",
      "mouth": "طرح دهان را انتخاب کنید",
      "clothes": "لباس را انتخاب کنید",
      "skin": "رنگ پوست را انتخاب کنید"
    },
    "buttons": {
      "download": "دانلود",
      "downloading": "در حال دانلود…",
      "save": "ذخیره"
    },
    "toast": {
      "saved": "گزینه‌های آواتار به صورت محلی ذخیره شد.",
      "downloadError": "دانلود ناموفق بود. لطفاً دوباره تلاش کنید."
    }
  },"notifications": {
    "title": "اعلان‌ها",
    "highPriority": {
      "title": "استفاده از اعلان‌های با اولویت بالا",
      "desc": "حتی زمانی که حالت مزاحم نشوید فعال است، اعلان‌ها با صدا و پیش‌نمایش دریافت کنید"
    },
    "message": {
      "title": "اعلان‌های پیام",
      "desc": "هشدارها برای پیام‌ها را سفارشی کنید"
    },
    "group": {
      "title": "اعلان‌های گفتگوی گروهی",
      "desc": "اعلان‌های گفتگوهای گروهی را مدیریت کنید"
    },
    "call": {
      "title": "اعلان‌های تماس",
      "desc": "تنظیمات زنگ تماس و لرزش"
    }
  }, "storage": {
    "title": "ذخیره‌سازی و داده‌ها",
    "totalUsedHuman": "{{used}} مگابایت از {{total}} مگابایت",
    "cards": {
      "usage": {
        "title": "استفاده از ذخیره‌سازی",
        "used": "{{mb}} مگابایت استفاده شده",
        "total": "مجموع {{mb}} مگابایت"
      }
    },
    "sections": {
      "network": "مصرف شبکه",
      "manage": "مدیریت"
    },
    "network": {
      "sent": {
        "title": "داده‌های ارسال‌شده",
        "subtitle": "{{val}}"
      },
      "received": {
        "title": "داده‌های دریافت‌شده",
        "subtitle": "{{val}}"
      }
    },
    "manage": {
      "title": "مدیریت ذخیره‌سازی",
      "desc": "بازبینی و حذف فایل‌های بزرگ، گفتگوها و رسانه‌ها"
    },
    "autoDownload": {
      "title": "دانلود خودکار رسانه",
      "desc": "کنترل کنید چه چیزی در موبایل/وای‌فای/رومینگ دانلود شود"
    },
    "actions": {
      "analyze": "تحلیل",
      "clearCache": "پاک کردن کش",
      "resetStats": "بازنشانی آمار"
    },
    "toast": {
      "cleared": "{{mb}} مگابایت کش پاک شد",
      "statsReset": "آمار شبکه بازنشانی شد"
    }
  },"chats": {
    "title": "گفتگوها",
    "sections": {
      "appearance": "نمایه",
      "behavior": "رفتار پیام",
      "management": "مدیریت گفتگو"
    },
    "items": {
      "theme": {
        "title": "پوسته",
        "sub": "پیش‌فرض سیستم"
      },
      "chatTheme": {
        "title": "پوسته پیش‌فرض گفتگو",
        "sub": "پس‌زمینه یا پوسته را انتخاب کنید"
      },
      "fontSize": {
        "title": "اندازه قلم",
        "sub": "متوسط"
      },
      "enterToSend": {
        "title": "ارسال با Enter",
        "sub": "برای ارسال پیام، Enter را فشار دهید"
      },
      "mediaVisibility": {
        "title": "نمایش رسانه",
        "sub": "نمایش رسانه‌های تازه دانلودشده در گالری شما"
      },
      "keepArchived": {
        "title": "نگه‌داشتن گفتگوهای بایگانی‌شده",
        "sub": "با رسیدن پیام‌های جدید، گفتگوهای بایگانی‌شده همچنان بایگانی می‌مانند"
      },
      "transcripts": {
        "title": "رونویسی پیام صوتی",
        "sub": "رونویسی خودکار پیام‌های صوتی جدید"
      },
      "backup": {
        "title": "پشتیبان‌گیری گفتگو",
        "sub": "پشتیبان‌گیری پیام‌ها در فضای ابری"
      },
      "transfer": {
        "title": "انتقال گفتگوها",
        "sub": "انتقال گفتگوها بین دستگاه‌ها"
      },
      "history": {
        "title": "تاریخچه گفتگو",
        "sub": "خروجی، بایگانی، پاک‌سازی یا حذف همه گفتگوها"
      }
    },
    "toasts": {
      "enter": {
        "enabled": "ارسال با Enter فعال شد",
        "disabled": "ارسال با Enter غیرفعال شد"
      },
      "media": {
        "on": "نمایش رسانه روشن است",
        "off": "نمایش رسانه خاموش است"
      },
      "archived": {
        "enabled": "نگه‌داشتن بایگانی روشن است",
        "disabled": "نگه‌داشتن بایگانی خاموش است"
      },
      "transcripts": {
        "enabled": "رونویسی پیام صوتی فعال شد",
        "disabled": "رونویسی پیام صوتی غیرفعال شد"
      },
      "backup": {
        "starting": "در حال شروع پشتیبان‌گیری…",
        "done": "پشتیبان‌گیری کامل شد"
      }
    }
  }, "profilePage": {
    "title": "پروفایل",
    "imageAlt": "تصویر پروفایل",
    "buttons": {
      "edit": "ویرایش",
      "addLinks": "افزودن لینک",
      "cancel": "لغو"
    },
    "fields": {
      "name": "نام",
      "about": "درباره",
      "phone": "تلفن",
      "links": "لینک‌ها"
    },
    "actions": {
      "source": {
        "header": "انتخاب منبع تصویر",
        "camera": "دوربین",
        "gallery": "گالری"
      }
    },
    "loading": {
      "openingCamera": "در حال باز کردن دوربین...",
      "processing": "در حال پردازش تصویر...",
      "updating": "در حال به‌روزرسانی تصویر پروفایل..."
    },
    "validation": {
      "size": "اندازه تصویر باید کمتر از 5MB باشد",
      "type": "لطفاً یک فایل تصویر معتبر انتخاب کنید (JPEG، PNG، WebP)"
    },
    "toast": {
      "loadFailed": "بارگذاری اطلاعات پروفایل ناموفق بود",
      "imageLoadFailed": "بارگذاری تصویر پروفایل ناموفق بود",
      "selectFailed": "انتخاب تصویر ناموفق بود. دوباره تلاش کنید.",
      "processFailed": "خطا در پردازش تصویر. دوباره تلاش کنید.",
      "noUser": "شناسه کاربر پیدا نشد",
      "updated": "تصویر پروفایل با موفقیت به‌روزرسانی شد!",
      "updateFailed": "به‌روزرسانی تصویر پروفایل ناموفق بود"
    }
  },"footerTabs": {
    "chat": "گفتگو",
    "updates": "به‌روزرسانی‌ها",
    "communities": "انجمن‌ها",
    "calls": "تماس‌ها",
    "badges": {
      "unreadChats": "{{count}} گفتگوی خوانده‌نشده",
      "unreadUpdates": "{{count}} به‌روزرسانی"
    }
  }, "socialLinks": {
    "title": "لینک‌ها",
    "intro": "افزودن لینک‌ها به پروفایل شما به مخاطبین کمک می‌کند تا به راحتی پروفایل‌های دیگر شما را ببینند.",
    "instagram": {
      "title": "اینستاگرام",
      "add": "اینستاگرام خود را اضافه کنید"
    },
    "actions": {
      "add": "افزودن",
      "edit": "ویرایش"
    },
    "privacy": {
      "note": "برای مدیریت اینکه چه کسی می‌تواند لینک‌های شما را ببیند، به",
      "link": "تنظیمات حریم خصوصی"
    }
  },
  "addInstagram": {
    "title": "افزودن اینستاگرام",
    "loading": "در حال بارگذاری...",
    "saving": "در حال ذخیره...",
    "usernameLabel": "نام کاربری اینستاگرام",
    "usernamePlaceholder": "نام کاربری",
    "hint": {
      "text": "افزودن نام کاربری اینستاگرام آن را در پروفایل شما قابل مشاهده می‌کند.",
      "learnMore": "بیشتر بدانید"
    },
    "save": "ذخیره",
    "validation": {
      "required": "لطفاً نام کاربری اینستاگرام خود را وارد کنید",
      "invalid": "یک نام کاربری معتبر وارد کنید (بدون فاصله، حداکثر 30 کاراکتر)"
    },
    "toast": {
      "fetchFailed": "دریافت لینک اینستاگرام ناموفق بود",
      "saved": "اینستاگرام با موفقیت ذخیره شد!",
      "saveFailed": "به‌روزرسانی لینک اینستاگرام ناموفق بود. دوباره تلاش کنید."
    }
  },"home": {
    "search": { "placeholder": "از  بپرسید یا جستجو کنید" },
    "filters": { "all": "همه", "read": "خوانده‌شده", "unread": "خوانده‌نشده", "groups": "گروه‌ها" },
    "groupCreator": { "placeholder": "نام گروه را وارد کنید" },
    "typing": "در حال نوشتن...",
    "time": { "yesterday": "دیروز" },
    "preview": {
      "deleted": "این پیام حذف شد",
      "encrypted": "[رمزگذاری‌شده]",
      "media": {
        "photo": "عکس",
        "video": "ویدیو",
        "audio": "صوت",
        "file": "پیوست",
        "generic": "[رسانه]"
      }
    },
    "actions": {
      "scan": "اسکن QR",
      "camera": "باز کردن دوربین",
      "menu": "باز کردن منو",
      "contacts": "مخاطبین"
    },
    "scan": {
      "onlyDevice": "اسکن بارکد فقط روی دستگاه واقعی کار می‌کند.",
      "permission": "اجازه دوربین برای اسکن بارکد لازم است.",
      "notFound": "هیچ بارکدی یافت نشد.",
      "error": "در طول اسکن مشکلی پیش آمد."
    },
    "logout": {
      "header": "خروج",
      "message": "نشست منقضی شده است."
    },
    "alt": { "profile": "پروفایل" }
  }, "menu": {
    "newGroup": "گروه جدید",
    "newCommunity": "انجمن جدید",
    "newBroadcast": "پخش جدید (WIP)",
    "starred": "ستاره‌دار (WIP)",
    "readAll": "خواندن همه (WIP)",
    "settings": "تنظیمات",
    "createChannels": "ایجاد کانال‌ها (WIP)",
    "statusPrivacy": "حریم خصوصی وضعیت (WIP)",
    "clearCallLogs": "پاک کردن تاریخچه تماس‌ها (WIP)"
  },"userabout": {
    "members": "اعضا",
    "group": "گروه",
    "groups": "گروه‌ها",
    "inCommon": "مشترک",
    "toolbar": {
      "message": "پیام",
      "call": "تماس",
      "video": "ویدیو",
      "add": "افزودن"
    },
    "defaults": {
      "heyThere": "سلام! من از Telldemm استفاده می‌کنم.",
      "noGroupDescription": "هیچ توضیحی برای گروه وجود ندارد.",
      "unknown": "ناشناخته",
      "unknownDate": "تاریخ ناشناخته",
      "unnamedGroup": "گروه بی‌نام"
    },
    "updatedOn": "به‌روزرسانی شده در",
    "createdByOn": "ایجاد شده توسط {{name}} در",
    "media": {
      "title": "رسانه، لینک‌ها و اسناد"
    },
    "notifications": "اعلان‌ها",
    "mediaVisibility": "نمایش رسانه",
    "encryption": {
      "title": "رمزگذاری",
      "subtitle": "پیام‌ها و تماس‌ها از ابتدا تا انتها رمزگذاری شده‌اند. برای بررسی ضربه بزنید."
    },
    "disappearing": "پیام‌های ناپدیدشونده",
    "chatLock": {
      "title": "قفل گفتگو",
      "subtitle": "این گفتگو را در این دستگاه قفل و مخفی کنید."
    },
    "advancedPrivacy": {
      "title": "حریم خصوصی پیشرفته",
      "off": "خاموش"
    },
    "createGroupWith": "ایجاد گروه با {{name}}",
    "commonGroupWith": "گروه مشترک با {{name}}",
    "groupMembers": "اعضای گروه",
    "addMembers": "افزودن اعضا",
    "groupAdmin": "مدیر گروه",
    "viewPastMembers": "مشاهده اعضای گذشته",
    "addToFavourites": "افزودن به علاقه‌مندی‌ها",
    "addToList": "افزودن به لیست",
    "block": "مسدود کردن {{name}}",
    "unblock": "رفع مسدودیت {{name}}",
    "report": "گزارش {{name}}",
    "actions": {
      "message": "پیام",
      "dismissAdmin": "حذف از مدیران",
      "makeAdmin": "مدیر کردن",
      "removeFromGroup": "حذف از گروه"
    },
    "toasts": {
      "madeAdmin": "{{name}} اکنون مدیر است",
      "dismissedAdmin": "{{name}} دیگر مدیر نیست",
      "removedFromGroup": "{{name}} از گروه حذف شد",
      "blocked": "{{name}} مسدود شد.",
      "unblocked": "{{name}} رفع مسدودیت شد.",
      "reported": "{{name}} گزارش شد.",
      "reportedAndBlocked": "{{name}} گزارش و مسدود شد."
    },
    "errors": {
      "makeAdmin": "ناموفق در مدیر کردن {{name}}",
      "dismissAdmin": "ناموفق در حذف {{name}} از مدیران",
      "removeMember": "خطا در حذف عضو"
    },
    "alerts": {
      "block": {
        "header": "مسدود کردن مخاطب",
        "message": "دیگر پیامی یا تماسی از {{name}} دریافت نخواهید کرد.",
        "cta": "مسدود کردن"
      },
      "unblock": {
        "header": "رفع مسدودیت مخاطب",
        "message": "آیا مطمئن هستید که می‌خواهید {{name}} را رفع مسدودیت کنید؟"
      },
      "report": {
        "header": "گزارش مخاطب",
        "message": "آخرین 5 پیام از {{name}} گزارش خواهد شد. آیا می‌خواهید این کاربر را نیز مسدود کنید؟",
        "alsoBlock": "همچنین مخاطب را مسدود کن",
        "cta": "گزارش"
      }
    }
  }, "invite": {
    "header": "دعوت یک دوست",
    "actions": {
      "search": "جستجوی مخاطبین",
      "shareLink": "اشتراک‌گذاری لینک برنامه",
      "fromContacts": "دعوت از مخاطبین",
      "invite": "دعوت"
    },
    "share": {
      "title": "به من در این برنامه بپیوندید!",
      "subtitle": "لینک دانلود برنامه را از طریق هر اپلیکیشنی ارسال کنید",
      "body": "این برنامه فوق‌العاده را امتحان کنید. از اینجا دانلود کنید:",
      "button": "اشتراک‌گذاری",
      "success": "لینک با موفقیت به اشتراک گذاشته شد",
      "copied": "لینک کپی شد"
    },
    "contacts": {
      "title": "از مخاطبین",
      "subtitle": "مستقیماً از دفترچه تلفن خود دعوت کنید",
      "header": "از مخاطبین",
      "notOnApp": "هنوز در برنامه نیست"
    },
    "title": "به من در این برنامه بپیوندید!",
    "text": "این برنامه فوق‌العاده را امتحان کنید. از اینجا دانلود کنید:",
    "dialogTitle": "اشتراک‌گذاری لینک برنامه",
    "toasts": {
      "openContacts": "در حال باز کردن مخاطبین...",
      "searchContacts": "جستجوی مخاطبین لمس شد.",
      "invited": "دعوت‌نامه به {{phone}} ارسال شد"
    },
    "errors": {
      "shareFailed": "امکان باز کردن صفحه اشتراک‌گذاری وجود ندارد."
    }
  }, "community": {
    "manageGroups": {
    "title": "مدیریت گروه‌ها",
    "groups": "گروه‌ها",
    "createNew": "ایجاد گروه جدید",
    "addExisting": "افزودن گروه‌های موجود",
    "info": "اعضا می‌توانند گروه‌های موجود را برای تأیید مدیر پیشنهاد دهند و گروه‌های جدید را مستقیماً اضافه کنند. مشاهده در",
    "settingsLink": "تنظیمات انجمن",
    "listHeader": "گروه‌های این انجمن",
    "loading": "در حال بارگذاری گروه‌ها...",
    "empty": "هیچ گروهی برای این انجمن یافت نشد",
    "members": "اعضا",
    "unnamedGroup": "گروه بدون نام",
    "remove": {
      "header": "حذف گروه از انجمن",
      "message": "آیا می‌خواهید این گروه را از انجمن حذف کنید؟ گروه باقی می‌ماند اما دیگر به انجمن تعلق نخواهد داشت.",
      "alsoRemoveMembers": "اعضای این گروه را نیز از انجمن و گروه حذف کن",
      "cta": "حذف",
      "aria": "حذف گروه از انجمن"
    },
    "toasts": {
      "removed": "گروه از انجمن حذف شد و اعضا به‌روزرسانی شدند",
      "removeFailed": "حذف گروه ناموفق بود. دوباره تلاش کنید."
    }
  },
    "title": "انجمن‌ها",
    "actions": {
      "qr": "باز کردن اقدامات QR",
      "menu": "باز کردن منو"
    },
    "newCommunity": "انجمن جدید",
    "unnamedCommunity": "انجمن بدون نام",
    "viewAll": "مشاهده همه",
    "groupType": {
    "normal": "گروه عادی",
    "announcement": "گروه اطلاعیه",
    "general": "گروه عمومی"
  },
    "newGroup": {
      "header": "گروه جدید",
      "placeholder": "نام گروه",
      "create": "ایجاد"
    },
    "toasts": {
      "groupCreated": "گروه ایجاد شد"
    }
  }, "community_menu_component": {
    "info": "اطلاعات انجمن",
    "invite": "دعوت اعضا",
    "settings": "تنظیمات انجمن"
  },
  "group_preview_modal_component": {
    "close": "بستن",
    "groupIcon": "آیکون گروه",
    "createdBy": "ایجاد شده توسط {{name}}",
    "noMembers": "هنوز هیچ عضوی وجود ندارد",
    "noDescription": "توضیحی وجود ندارد",
    "communityLabel": "انجمن:",
    "joinNote": "با پیوستن، بلافاصله عضو می‌شوید.",
    "joinCta": "پیوستن به گروه"
  },"add_existing_groups_page": {
    "header": "افزودن گروه‌های موجود",
    "actions": {
      "search": "جستجوی گروه‌ها",
      "confirm": "تأیید انتخاب",
      "removeChip": "حذف گروه انتخاب‌شده"
    },
    "of": "از",
    "selected": "انتخاب‌شده",
    "banner": "همه افراد در گروه‌ها به انجمن اضافه خواهند شد.",
    "listHeader": "گروه‌هایی که شما مدیر آنها هستید",
    "loading": "در حال بارگذاری گروه‌ها...",
    "empty": "هیچ گروه مدیریتی پیدا نشد",
    "checkboxLabel": "انتخاب گروه",
    "unnamedGroup": "گروه بدون نام",
    "toasts": {
      "selectAtLeastOne": "حداقل یک گروه را انتخاب کنید"
    }
  }
}
