{
  "meta": {
    "generatedAt": "2025-09-25T06:49:05.846991Z",
    "note": "Translations for email-edit page.",
    "translated": true,
    "locale": "fr-FR"
  },
  "emailEdit": {
    "title": "Adresse e-mail",
    "description": "L’e-mail vous aide à accéder à votre compte. Il n’est pas visible par les autres.",
    "label": "E-mail",
    "verified": "Vérifié",
    "placeholder": "you@example.com",
    "edit": "Modifier",
    "cancel": "Annuler",
    "save": "Enregistrer",
    "savedSuccess": "L’e-mail a été enregistré avec succès.",
    "validation": {
      "required": "L’e-mail est requis.",
      "invalid": "Veuillez saisir une adresse e-mail valide.",
      "maxlength": "L’e-mail est trop long (254 caractères maximum)."
    }
  },
  "helpPage": {
    "title": "Aide",
    "helpCenter": {
      "title": "Centre d'aide",
      "description": "Obtenez de l'aide, FAQ et options de contact."
    },
    "terms": {
      "title": "Conditions & Politique de confidentialité",
      "description": "Lisez nos conditions et la politique de données."
    },
    "channelReports": {
      "title": "Rapports de chaîne",
      "description": "Gérer et consulter les rapports."
    },
    "appInfo": {
      "title": "Infos sur l'app",
      "description": "Version, aspects légaux et détails techniques."
    }
  },
  "common": {
    "ok": "OK",
    "cancel": "Annuler",
    "logout": "Se déconnecter"
  },
  "settingsPage": {
    "title": "Paramètres",
    "account": { "title": "Compte", "description": "Confidentialité, sécurité, changer de numéro" },
    "privacy": { "title": "Confidentialité", "description": "Contrôlez vos paramètres de confidentialité" },
    "avatar": { "title": "Avatar", "description": "Changer la photo de profil" },
    "chats": { "title": "Discussions", "description": "Thème, fond d’écran, sauvegarde" },
    "accessibility": { "title": "Accessibilité", "description": "Taille du texte et options d’affichage" },
    "notifications": { "title": "Notifications", "description": "Alertes de messages, groupes et appels" },
    "storage": { "title": "Stockage et données", "description": "Gérer le stockage et l’utilisation du réseau" },
    "appLanguage": { "title": "Langue de l’application", "description": "Choisir la langue de l’application" },
    "help": { "title": "Aide et commentaires", "description": "Centre d’aide, contactez-nous, infos sur l’application" },
    "updates": { "title": "Mises à jour", "description": "Vérifier les mises à jour, mise à jour automatique" },
    "invite": { "title": "Inviter un ami", "description": "Partager l’application avec vos contacts" },
    "logout": {
      "title": "Se déconnecter",
      "description": "Effacer les données de l’application et se déconnecter",
      "confirmHeader": "Confirmer la déconnexion",
      "confirmMessage": "Voulez-vous vraiment vous déconnecter et effacer les données de l’application ?",
      "loadingHeader": "Déconnexion en cours",
      "loadingMessage": "Veuillez patienter...",
      "successHeader": "Déconnecté",
      "successMessage": "Vous vous êtes déconnecté avec succès."
    },
    "defaultStatus": "Disponible"
  },
  "appUpdates": {
    "title": "Mises à jour de l’application",
    "version": "Version",
    "latestAvailable": "Dernière disponible",
    "status": "Statut",
    "statusMessages": {
      "updateAvailable": "Une mise à jour est disponible.",
      "upToDate": "Vous utilisez la dernière version."
    },
    "badge": {
      "updateAvailable": "Mise à jour dispo",
      "upToDate": "À jour"
    },
    "checkForUpdates": {
      "title": "Vérifier les mises à jour",
      "description": "Vérifiez manuellement si une nouvelle version est disponible"
    },
    "checking": "Vérification…",
    "toast": {
      "latest": "Vous utilisez la dernière version.",
      "updateAvailable": "Mise à jour disponible : {{version}}",
      "error": "Impossible de vérifier les mises à jour. Veuillez réessayer plus tard."
    }
  },"accountPage": {
    "title": "Compte",
    "securityNotifications": "Notifications de sécurité",
    "passkeys": "Clés d’accès",
    "emailAddress": "Adresse e-mail",
    "twoStep": "Vérification en deux étapes",
    "changeNumber": "Changer de numéro",
    "requestInfo": "Demander les informations du compte",
    "addAccount": "Ajouter un compte",
    "deleteAccount": "Supprimer le compte",
    "confirmDelete": {
      "title": "Supprimer le compte ?",
      "message": "Cette action supprimera définitivement votre compte et vos données.",
      "confirm": "Supprimer",
      "cancel": "Annuler",
      "log": "Fenêtre de suppression du compte ouverte"
    }
  },"accessibility": {
  "title": "Accessibilité",
  "groups": {
    "displayMotion": "Affichage et mouvement",
    "interaction": "Interaction"
  },
  "increaseContrast": {
    "title": "Augmenter le contraste",
    "desc": "Assombrir les couleurs principales pour améliorer la lisibilité en mode clair."
  },
  "reduceMotion": {
    "title": "Réduire les mouvements",
    "desc": "Minimiser les autocollants animés, les GIFs et les transitions."
  },
  "largeText": {
    "title": "Texte large",
    "desc": "Augmenter la taille de la police système pour une lecture plus facile."
  },
  "simpleAnimations": {
    "title": "Animations simplifiées",
    "desc": "Réduire les animations complexes pour une interaction plus fluide."
  },
  "grayscale": {
    "title": "Mode niveaux de gris",
    "desc": "Convertir toutes les couleurs de l’interface en nuances de gris pour réduire la fatigue visuelle."
  }
},"privacyPage": {
    "title": "Confidentialité",
    "groups": {
      "whoCanSee": "Qui peut voir mes infos",
      "other": "Autre"
    },
    "lastSeen": {
      "title": "Vu pour la dernière fois & En ligne",
      "desc": "Contrôlez qui peut voir votre dernière connexion et votre statut en ligne"
    },
    "profilePhoto": {
      "title": "Photo de profil",
      "desc": "Choisissez qui peut voir votre photo"
    },
    "about": {
      "title": "À propos",
      "desc": "Contrôlez qui peut voir vos informations À propos"
    },
    "status": {
      "title": "Statut",
      "desc": "Gérez qui peut voir vos mises à jour de statut"
    },
    "blocked": {
      "title": "Contacts bloqués",
      "desc": "Voir et gérer les utilisateurs bloqués"
    },
    "options": {
      "everyone": "Tout le monde",
      "contacts": "Mes contacts",
      "nobody": "Personne"
    }
  },"avatarPage": {
    "title": "Créez votre avatar",
    "previewAlt": "Aperçu de l'avatar",
    "sections": {
      "customization": "Options de personnalisation"
    },
    "fields": {
      "hair": "Cheveux",
      "accessories": "Accessoires",
      "hairColor": "Couleur des cheveux",
      "eyes": "Yeux",
      "mouth": "Bouche",
      "clothes": "Vêtements",
      "skin": "Peau"
    },
    "placeholders": {
      "hair": "Sélectionnez une coiffure",
      "accessories": "Sélectionnez des accessoires",
      "hairColor": "Sélectionnez une couleur de cheveux",
      "eyes": "Sélectionnez un style d'yeux",
      "mouth": "Sélectionnez un style de bouche",
      "clothes": "Sélectionnez des vêtements",
      "skin": "Sélectionnez une carnation"
    },
    "buttons": {
      "download": "Télécharger",
      "downloading": "Téléchargement…",
      "save": "Enregistrer"
    },
    "toast": {
      "saved": "Les choix de l'avatar ont été enregistrés localement.",
      "downloadError": "Échec du téléchargement. Veuillez réessayer."
    }
  },"notifications": {
    "title": "Notifications",
    "highPriority": {
      "title": "Utiliser les notifications prioritaires",
      "desc": "Recevez des notifications avec son et aperçu même lorsque Ne pas déranger est activé"
    },
    "message": {
      "title": "Notifications de messages",
      "desc": "Personnalisez les alertes pour les messages"
    },
    "group": {
      "title": "Notifications de groupe",
      "desc": "Gérer les notifications des discussions de groupe"
    },
    "call": {
      "title": "Notifications d'appel",
      "desc": "Paramètres de sonneries et de vibrations"
    }
  },"storage": {
    "title": "Stockage et données",
    "totalUsedHuman": "{{used}} Mo sur {{total}} Mo",
    "cards": {
      "usage": {
        "title": "Utilisation du stockage",
        "used": "{{mb}} Mo utilisés",
        "total": "{{mb}} Mo au total"
      }
    },
    "sections": {
      "network": "Utilisation du réseau",
      "manage": "Gérer"
    },
    "network": {
      "sent": {
        "title": "Données envoyées",
        "subtitle": "{{val}}"
      },
      "received": {
        "title": "Données reçues",
        "subtitle": "{{val}}"
      }
    },
    "manage": {
      "title": "Gérer le stockage",
      "desc": "Vérifiez et supprimez les gros fichiers, discussions et médias"
    },
    "autoDownload": {
      "title": "Téléchargement automatique des médias",
      "desc": "Contrôlez ce qui se télécharge sur mobile/Wi-Fi/itinérance"
    },
    "actions": {
      "analyze": "Analyser",
      "clearCache": "Vider le cache",
      "resetStats": "Réinitialiser les statistiques"
    },
    "toast": {
      "cleared": "{{mb}} Mo de cache vidé",
      "statsReset": "Statistiques réseau réinitialisées"
    }
  },"chats": {
    "title": "Discussions",
    "sections": {
      "appearance": "Apparence",
      "behavior": "Comportement des messages",
      "management": "Gestion des discussions"
    },
    "items": {
      "theme": {
        "title": "Thème",
        "sub": "Par défaut du système"
      },
      "chatTheme": {
        "title": "Thème de discussion par défaut",
        "sub": "Choisissez un fond d’écran ou un thème"
      },
      "fontSize": {
        "title": "Taille de police",
        "sub": "Moyenne"
      },
      "enterToSend": {
        "title": "Entrée pour envoyer",
        "sub": "Appuyez sur Entrée pour envoyer des messages"
      },
      "mediaVisibility": {
        "title": "Visibilité des médias",
        "sub": "Afficher les médias nouvellement téléchargés dans votre galerie"
      },
      "keepArchived": {
        "title": "Garder les discussions archivées",
        "sub": "Les discussions archivées restent archivées quand de nouveaux messages arrivent"
      },
      "transcripts": {
        "title": "Transcription des messages vocaux",
        "sub": "Transcrire automatiquement les nouveaux messages vocaux"
      },
      "backup": {
        "title": "Sauvegarde des discussions",
        "sub": "Sauvegardez les messages sur le cloud"
      },
      "transfer": {
        "title": "Transférer les discussions",
        "sub": "Déplacez les discussions entre appareils"
      },
      "history": {
        "title": "Historique des discussions",
        "sub": "Exporter, archiver, effacer ou supprimer toutes les discussions"
      }
    },
    "toasts": {
      "enter": {
        "enabled": "Entrée pour envoyer activé",
        "disabled": "Entrée pour envoyer désactivé"
      },
      "media": {
        "on": "Visibilité des médias activée",
        "off": "Visibilité des médias désactivée"
      },
      "archived": {
        "enabled": "Archivage activé",
        "disabled": "Archivage désactivé"
      },
      "transcripts": {
        "enabled": "Transcription des messages vocaux activée",
        "disabled": "Transcription des messages vocaux désactivée"
      },
      "backup": {
        "starting": "Démarrage de la sauvegarde…",
        "done": "Sauvegarde terminée"
      }
    }
  },"profilePage": {
    "title": "Profil",
    "imageAlt": "Image de profil",
    "buttons": {
      "edit": "Modifier",
      "addLinks": "Ajouter des liens",
      "cancel": "Annuler"
    },
    "fields": {
      "name": "Nom",
      "about": "À propos",
      "phone": "Téléphone",
      "links": "Liens"
    },
    "actions": {
      "source": {
        "header": "Sélectionner la source de l’image",
        "camera": "Caméra",
        "gallery": "Galerie"
      }
    },
    "loading": {
      "openingCamera": "Ouverture de la caméra...",
      "processing": "Traitement de l’image...",
      "updating": "Mise à jour de la photo de profil..."
    },
    "validation": {
      "size": "La taille de l’image doit être inférieure à 5 Mo",
      "type": "Veuillez sélectionner un fichier image valide (JPEG, PNG, WebP)"
    },
    "toast": {
      "loadFailed": "Échec du chargement des données du profil",
      "imageLoadFailed": "Échec du chargement de l’image de profil",
      "selectFailed": "Échec de la sélection de l’image. Veuillez réessayer.",
      "processFailed": "Erreur lors du traitement de l’image. Veuillez réessayer.",
      "noUser": "ID utilisateur introuvable",
      "updated": "Photo de profil mise à jour avec succès !",
      "updateFailed": "Échec de la mise à jour de la photo de profil"
    }
  }, "footerTabs": {
    "chat": "Discussions",
    "updates": "Mises à jour",
    "communities": "Communautés",
    "calls": "Appels",
    "badges": {
      "unreadChats": "{{count}} discussions non lues",
      "unreadUpdates": "{{count}} mises à jour"
    }
  }, "socialLinks": {
    "title": "Liens",
    "intro": "Ajouter des liens à votre profil aide vos contacts à visiter facilement vos autres profils.",
    "instagram": {
      "title": "Instagram",
      "add": "Ajoutez votre Instagram"
    },
    "actions": {
      "add": "Ajouter",
      "edit": "Modifier"
    },
    "privacy": {
      "note": "Pour gérer qui peut voir vos liens, allez dans",
      "link": "paramètres de confidentialité"
    }
  },
  "addInstagram": {
    "title": "Ajouter Instagram",
    "loading": "Chargement...",
    "saving": "Enregistrement...",
    "usernameLabel": "Nom d’utilisateur Instagram",
    "usernamePlaceholder": "nom d’utilisateur",
    "hint": {
      "text": "Ajouter un nom d’utilisateur Instagram le rendra visible sur votre profil.",
      "learnMore": "En savoir plus"
    },
    "save": "Enregistrer",
    "validation": {
      "required": "Veuillez entrer votre nom d’utilisateur Instagram",
      "invalid": "Entrez un nom d’utilisateur valide (pas d’espaces, max 30 caractères)"
    },
    "toast": {
      "fetchFailed": "Échec de la récupération du lien Instagram",
      "saved": "Instagram enregistré avec succès !",
      "saveFailed": "Échec de la mise à jour du lien Instagram. Réessayez."
    }
  }, "home": {
    "search": { "placeholder": "Demandez à  ou Recherchez" },
    "filters": { "all": "TOUT", "read": "Lu", "unread": "Non lu", "groups": "Groupes" },
    "groupCreator": { "placeholder": "Entrez le nom du groupe" },
    "typing": "en train d’écrire...",
    "time": { "yesterday": "Hier" },
    "preview": {
      "deleted": "Ce message a été supprimé",
      "encrypted": "[Chiffré]",
      "media": {
        "photo": "Photo",
        "video": "Vidéo",
        "audio": "Audio",
        "file": "Pièce jointe",
        "generic": "[Média]"
      }
    },
    "actions": {
      "scan": "Scanner le QR",
      "camera": "Ouvrir la caméra",
      "menu": "Ouvrir le menu",
      "contacts": "Contacts"
    },
    "scan": {
      "onlyDevice": "Le scan de code-barres fonctionne uniquement sur un appareil réel.",
      "permission": "L’autorisation de la caméra est requise pour scanner les codes-barres.",
      "notFound": "Aucun code-barres trouvé.",
      "error": "Une erreur est survenue lors du scan."
    },
    "logout": {
      "header": "Déconnexion",
      "message": "Session expirée."
    },
    "alt": { "profile": "Profil" }
  },"menu": {
    "newGroup": "Nouveau groupe",
    "newCommunity": "Nouvelle communauté",
    "newBroadcast": "Nouvelle diffusion (WIP)",
    "starred": "Favoris (WIP)",
    "readAll": "Tout marquer comme lu (WIP)",
    "settings": "Paramètres",
    "createChannels": "Créer des chaînes (WIP)",
    "statusPrivacy": "Confidentialité du statut (WIP)",
    "clearCallLogs": "Effacer l’historique des appels (WIP)"
  }, "userabout": {
    "members": "Membres",
    "group": "Groupe",
    "groups": "Groupes",
    "inCommon": "En commun",
    "toolbar": {
      "message": "Message",
      "call": "Appel",
      "video": "Vidéo",
      "add": "Ajouter"
    },
    "defaults": {
      "heyThere": "Salut ! J’utilise Telldemm.",
      "noGroupDescription": "Pas de description de groupe.",
      "unknown": "Inconnu",
      "unknownDate": "Date inconnue",
      "unnamedGroup": "Groupe sans nom"
    },
    "updatedOn": "Mis à jour le",
    "createdByOn": "Créé par {{name}} le",
    "media": {
      "title": "Médias, liens et documents"
    },
    "notifications": "Notifications",
    "mediaVisibility": "Visibilité des médias",
    "encryption": {
      "title": "Chiffrement",
      "subtitle": "Les messages et appels sont chiffrés de bout en bout. Touchez pour vérifier."
    },
    "disappearing": "Messages éphémères",
    "chatLock": {
      "title": "Verrouillage de chat",
      "subtitle": "Verrouiller et masquer cette discussion sur cet appareil."
    },
    "advancedPrivacy": {
      "title": "Confidentialité avancée",
      "off": "Désactivé"
    },
    "createGroupWith": "Créer un groupe avec {{name}}",
    "commonGroupWith": "Groupe en commun avec {{name}}",
    "groupMembers": "Membres du groupe",
    "addMembers": "Ajouter des membres",
    "groupAdmin": "Administrateur du groupe",
    "viewPastMembers": "Voir les anciens membres",
    "addToFavourites": "Ajouter aux favoris",
    "addToList": "Ajouter à la liste",
    "block": "Bloquer {{name}}",
    "unblock": "Débloquer {{name}}",
    "report": "Signaler {{name}}",
    "actions": {
      "message": "Message",
      "dismissAdmin": "Rétrograder de l’admin",
      "makeAdmin": "Nommer admin",
      "removeFromGroup": "Retirer du groupe"
    },
    "toasts": {
      "madeAdmin": "{{name}} est maintenant admin",
      "dismissedAdmin": "{{name}} n’est plus admin",
      "removedFromGroup": "{{name}} a été retiré du groupe",
      "blocked": "{{name}} a été bloqué.",
      "unblocked": "{{name}} a été débloqué.",
      "reported": "{{name}} a été signalé.",
      "reportedAndBlocked": "{{name}} a été signalé et bloqué."
    },
    "errors": {
      "makeAdmin": "Impossible de nommer {{name}} admin",
      "dismissAdmin": "Impossible de rétrograder {{name}}",
      "removeMember": "Erreur lors du retrait du membre"
    },
    "alerts": {
      "block": {
        "header": "Bloquer le contact",
        "message": "Vous ne recevrez plus de messages ou d’appels de {{name}}.",
        "cta": "Bloquer"
      },
      "unblock": {
        "header": "Débloquer le contact",
        "message": "Voulez-vous vraiment débloquer {{name}} ?"
      },
      "report": {
        "header": "Signaler le contact",
        "message": "Les 5 derniers messages de {{name}} seront signalés. Voulez-vous aussi bloquer cet utilisateur ?",
        "alsoBlock": "Bloquer aussi le contact",
        "cta": "Signaler"
      }
    }
  },"invite": {
    "header": "Inviter un ami",
    "actions": {
      "search": "Rechercher des contacts",
      "shareLink": "Partager le lien de l’application",
      "fromContacts": "Inviter depuis les contacts",
      "invite": "Inviter"
    },
    "share": {
      "title": "Rejoins-moi sur cette application !",
      "subtitle": "Envoie le lien de téléchargement via n’importe quelle application",
      "body": "Découvre cette super application. Télécharge-la ici :",
      "button": "Partager",
      "success": "Lien partagé",
      "copied": "Lien copié"
    },
    "contacts": {
      "title": "Depuis les contacts",
      "subtitle": "Invitez directement depuis votre répertoire",
      "header": "Depuis les contacts",
      "notOnApp": "Pas encore sur l’application"
    },
    "title": "Rejoins-moi sur cette application !",
    "text": "Découvre cette super application. Télécharge-la ici :",
    "dialogTitle": "Partager le lien de l’application",
    "toasts": {
      "openContacts": "Ouverture des contacts…",
      "searchContacts": "Recherche de contacts lancée.",
      "invited": "Invitation envoyée à {{phone}}"
    },
    "errors": {
      "shareFailed": "Impossible d’ouvrir la feuille de partage."
    }
  },"community": {
    "manageGroups": {
    "title": "Gérer les groupes",
    "groups": "groupes",
    "createNew": "Créer un nouveau groupe",
    "addExisting": "Ajouter des groupes existants",
    "info": "Les membres peuvent suggérer des groupes existants pour approbation de l’admin et ajouter de nouveaux groupes directement. Voir dans",
    "settingsLink": "Paramètres de la communauté",
    "listHeader": "Groupes dans cette communauté",
    "loading": "Chargement des groupes...",
    "empty": "Aucun groupe trouvé pour cette communauté",
    "members": "membres",
    "unnamedGroup": "Groupe sans nom",
    "remove": {
      "header": "Supprimer le groupe de la communauté",
      "message": "Voulez-vous supprimer ce groupe de la communauté ? Le groupe restera mais n’appartiendra plus à la communauté.",
      "alsoRemoveMembers": "Supprimer également les membres de ce groupe de la communauté et du groupe",
      "cta": "Supprimer",
      "aria": "Supprimer le groupe de la communauté"
    },
    "toasts": {
      "removed": "Groupe supprimé de la communauté et membres mis à jour",
      "removeFailed": "Échec de la suppression du groupe. Réessayez."
    }
  },
    "title": "Communautés",
    "actions": {
      "qr": "Ouvrir les actions QR",
      "menu": "Ouvrir le menu"
    },
    "newCommunity": "Nouvelle communauté",
    "unnamedCommunity": "Communauté sans nom",
    "viewAll": "Voir tout",
    "groupType": {
    "normal": "Groupe normal",
    "announcement": "Groupe d'annonces",
    "general": "Groupe général"
  },
    "newGroup": {
      "header": "Nouveau groupe",
      "placeholder": "Nom du groupe",
      "create": "Créer"
    },
    "toasts": {
      "groupCreated": "Groupe créé"
    }
  },"community_menu_component": {
    "info": "Infos de la communauté",
    "invite": "Inviter des membres",
    "settings": "Paramètres de la communauté"
  },
  "group_preview_modal_component": {
    "close": "Fermer",
    "groupIcon": "Icône du groupe",
    "createdBy": "Créé par {{name}}",
    "noMembers": "Aucun membre pour le moment",
    "noDescription": "Pas de description",
    "communityLabel": "Communauté :",
    "joinNote": "En rejoignant, vous devenez immédiatement membre.",
    "joinCta": "Rejoindre le groupe"
  },"add_existing_groups_page": {
    "header": "Ajouter des groupes existants",
    "actions": {
      "search": "Rechercher des groupes",
      "confirm": "Confirmer la sélection",
      "removeChip": "Supprimer le groupe sélectionné"
    },
    "of": "de",
    "selected": "sélectionné(s)",
    "banner": "Tous les membres des groupes seront ajoutés à la communauté.",
    "listHeader": "Groupes dont vous êtes administrateur",
    "loading": "Chargement des groupes...",
    "empty": "Aucun groupe administré trouvé",
    "checkboxLabel": "Sélectionner le groupe",
    "unnamedGroup": "Groupe sans nom",
    "toasts": {
      "selectAtLeastOne": "Sélectionnez au moins un groupe"
    }
  }
}
