{
  "meta": {
    "generatedAt": "2025-09-25T06:49:05.846991Z",
    "note": "Translations for email-edit page.",
    "translated": true,
    "locale": "gu-IN"
  },
  "emailEdit": {
    "title": "ઇમેલ સરનામું",
    "description": "ઇમેલ તમને તમારા એકાઉન્ટ સુધી પહોંચવામાં મદદ કરે છે. તે અન્ય લોકોને દેખાતું નથી.",
    "label": "ઇમેલ",
    "verified": "ચકાસાયેલ",
    "placeholder": "you@example.com",
    "edit": "ફેરફાર કરો",
    "cancel": "રદ કરો",
    "save": "સાચવો",
    "savedSuccess": "ઇમેલ સફળતાપૂર્વક સાચવાયો છે.",
    "validation": {
      "required": "ઇમેલ જરૂરી છે.",
      "invalid": "કૃપા કરીને માન્ય ઇમેલ સરનામું દાખલ કરો.",
      "maxlength": "ઇમેલ ખૂબ લાંબો છે (મહત્તમ 254 અક્ષરો)."
    }
  },
  "helpPage": {
    "title": "મદદ",
    "helpCenter": {
      "title": "મદદ કેન્દ્ર",
      "description": "મદદ મેળવો, અવારનવાર પુછાતા પ્રશ્નો અને સંપર્ક વિકલ્પો."
    },
    "terms": {
      "title": "નીતિ અને ગોપનીયતા નીતિ",
      "description": "અમારી شرایط અને ડેટા નીતિ વાંચો."
    },
    "channelReports": {
      "title": "ચેનલ રિપોર્ટ્સ",
      "description": "રિપોર્ટ્સ મેનેજ અને જુઓ."
    },
    "appInfo": {
      "title": "એપ માહિતી",
      "description": "વરનીશન, કાનૂની અને ટેકનિકલ વિગતો."
    }
  },"common": {
    "ok": "બરાબર",
    "cancel": "રદ કરો",
    "logout": "લોગ આઉટ"
  },
  "settingsPage": {
    "title": "સેટિંગ્સ",
    "account": { "title": "એકાઉન્ટ", "description": "ગોપનીયતા, સુરક્ષા, નંબર બદલો" },
    "privacy": { "title": "ગોપનીયતા", "description": "તમારી ગોપનીયતા સેટિંગ્સ નિયંત્રિત કરો" },
    "avatar": { "title": "અવતાર", "description": "પ્રોફાઇલ તસવીર બદલો" },
    "chats": { "title": "ચેટ્સ", "description": "થીમ, વોલપેપર, બેકઅપ" },
    "accessibility": { "title": "સુગમતા", "description": "લખાણનું કદ અને પ્રદર્શન વિકલ્પો" },
    "notifications": { "title": "સૂચનાઓ", "description": "સંદેશા, જૂથ અને કૉલ એલર્ટ્સ" },
    "storage": { "title": "સ્ટોરેજ અને ડેટા", "description": "સ્ટોરેજ અને નેટવર્ક ઉપયોગ મેનેજ કરો" },
    "appLanguage": { "title": "એપ્લિકેશન ભાષા", "description": "એપ્લિકેશન ભાષા પસંદ કરો" },
    "help": { "title": "મદદ અને પ્રતિસાદ", "description": "મદદ કેન્દ્ર, અમારો સંપર્ક કરો, એપ્લિકેશન માહિતી" },
    "updates": { "title": "એપ્લિકેશન અપડેટ્સ", "description": "અપડેટ્સ તપાસો, આપોઆપ અપડેટ" },
    "invite": { "title": "મિત્રને આમંત્રણ આપો", "description": "એપ્લિકેશનને સંપર્કો સાથે શેર કરો" },
    "logout": {
      "title": "લોગ આઉટ",
      "description": "એપ્લિકેશન ડેટા સાફ કરો અને સાઇન આઉટ કરો",
      "confirmHeader": "લોગ આઉટની પુષ્ટિ કરો",
      "confirmMessage": "શું તમે ખરેખર લોગ આઉટ કરીને એપ્લિકેશન ડેટા સાફ કરવા માંગો છો?",
      "loadingHeader": "લોગ આઉટ થઈ રહ્યું છે",
      "loadingMessage": "કૃપા કરીને રાહ જુઓ...",
      "successHeader": "લોગ આઉટ થયું",
      "successMessage": "તમે સફળતાપૂર્વક લોગ આઉટ થયા છો."
    },
    "defaultStatus": "ઉપલબ્ધ"
  },
  "appUpdates": {
    "title": "એપ અપડેટ્સ",
    "version": "વર્ઝન",
    "latestAvailable": "નવીનતમ ઉપલબ્ધ",
    "status": "સ્થિતિ",
    "statusMessages": {
      "updateAvailable": "અપડેટ ઉપલબ્ધ છે.",
      "upToDate": "તમે નવીનતમ વર્ઝન પર છો."
    },
    "badge": {
      "updateAvailable": "અપડેટ ઉપલબ્ધ",
      "upToDate": "અપ ટુ ડેટ"
    },
    "checkForUpdates": {
      "title": "અપડેટ્સ તપાસો",
      "description": "હસ્તકૌશલ્યથી તપાસો કે નવું વર્ઝન ઉપલબ્ધ છે કે નહીં"
    },
    "checking": "તપાસી રહ્યું છે…",
    "toast": {
      "latest": "તમે નવીનતમ વર્ઝન વાપરી રહ્યા છો.",
      "updateAvailable": "અપડેટ ઉપલબ્ધ: {{version}}",
      "error": "અપડેટ્સ તપાસી શક્યા નથી. કૃપા કરીને પછી ફરી પ્રયાસ કરો."
    }
  },"accountPage": {
    "title": "એકાઉન્ટ",
    "securityNotifications": "સુરક્ષા સૂચનાઓ",
    "passkeys": "પાસકી",
    "emailAddress": "ઇમેલ સરનામું",
    "twoStep": "ટૂ-સ્ટેપ ચકાસણી",
    "changeNumber": "નંબર બદલો",
    "requestInfo": "એકાઉન્ટ માહિતી માંગો",
    "addAccount": "એકાઉન્ટ ઉમેરો",
    "deleteAccount": "એકાઉન્ટ કાઢી નાખો",
    "confirmDelete": {
      "title": "એકાઉન્ટ કાઢી નાખવું છે?",
      "message": "આ ક્રિયા તમારું એકાઉન્ટ અને ડેટા કાયમી રીતે કાઢી નાખશે.",
      "confirm": "કાઢી નાખો",
      "cancel": "રદ કરો",
      "log": "એકાઉન્ટ કાઢી નાખવાનું મોડલ ખોલાયું"
    }
  },"accessibility": {
  "title": "ઍક્સેસિબિલિટી",
  "groups": {
    "displayMotion": "પ્રદર્શન અને ગતિ",
    "interaction": "ક્રિયાપ્રતિક્રિયા"
  },
  "increaseContrast": {
    "title": "કોન્ટ્રાસ્ટ વધારો",
    "desc": "હળવા મોડમાં વાંચનની સરળતા માટે મુખ્ય રંગો ગાઢ કરો."
  },
  "reduceMotion": {
    "title": "ગતિ ઘટાડો",
    "desc": "એનિમેટેડ સ્ટિકર, GIFs અને ટ્રાન્ઝિશન ઘટાડો."
  },
  "largeText": {
    "title": "મોટો ટેક્સ્ટ",
    "desc": "વાંચવામાં સરળતા માટે સિસ્ટમ ફૉન્ટ સાઇઝ વધારો."
  },
  "simpleAnimations": {
    "title": "સરળ એનિમેશન",
    "desc": "સરળ ઇન્ટરેક્ટ માટે જટિલ એનિમેશન ઘટાડો."
  },
  "grayscale": {
    "title": "ગ્રેસ્કેલ મોડ",
    "desc": "દૃષ્ટિ થાક ઘટાડવા માટે બધી રંગોને ગ્રે શેડમાં ફેરવો."
  }
}
,"privacyPage": {
    "title": "ગોપનીયતા",
    "groups": {
      "whoCanSee": "મારી માહિતી કોણ જોઈ શકે",
      "other": "અન્ય"
    },
    "lastSeen": {
      "title": "છેલ્લે જોવામાં & ઑનલાઇન",
      "desc": "કોણ તમારું છેલ્લે જોવામાં અને ઑનલાઇન સ્થિતિ જોઈ શકે તે નિયંત્રિત કરો"
    },
    "profilePhoto": {
      "title": "પ્રોફાઇલ ફોટો",
      "desc": "કોણ તમારો ફોટો જોઈ શકે તે પસંદ કરો"
    },
    "about": {
      "title": "વિશે",
      "desc": "કોણ તમારી વિષયક માહિતી જોઈ શકે તે નિયંત્રિત કરો"
    },
    "status": {
      "title": "સ્થિતિ",
      "desc": "કોણ તમારી સ્થિતિ અપડેટ્સ જોઈ શકે તે મેનેજ કરો"
    },
    "blocked": {
      "title": "બ્લોક કરેલ સંપર્કો",
      "desc": "બ્લોક કરેલા વપરાશકર્તાઓ જુઓ અને મેનેજ કરો"
    },
    "options": {
      "everyone": "બધા",
      "contacts": "મારા સંપર્કો",
      "nobody": "કોઈ નહીં"
    }
  },"avatarPage": {
    "title": "તમારો અવતાર બનાવો",
    "previewAlt": "અવતાર પૂર્વદર્શન",
    "sections": {
      "customization": "કસ્ટમાઇઝેશન વિકલ્પો"
    },
    "fields": {
      "hair": "વાળ",
      "accessories": "ઍક્સેસરીઝ",
      "hairColor": "વાળનો રંગ",
      "eyes": "આંખો",
      "mouth": "મોઢું",
      "clothes": "કપડાં",
      "skin": "ચામડી"
    },
    "placeholders": {
      "hair": "વાળની શૈલી પસંદ કરો",
      "accessories": "ઍક્સેસરીઝ પસંદ કરો",
      "hairColor": "વાળનો રંગ પસંદ કરો",
      "eyes": "આંખોની શૈલી પસંદ કરો",
      "mouth": "મોઢાની શૈલી પસંદ કરો",
      "clothes": "કપડાં પસંદ કરો",
      "skin": "ચામડીનો રંગ પસંદ કરો"
    },
    "buttons": {
      "download": "ડાઉનલોડ",
      "downloading": "ડાઉનલોડ થઈ રહ્યું છે…",
      "save": "સેવ કરો"
    },
    "toast": {
      "saved": "અવતાર વિકલ્પો સ્થાનિક રીતે સાચવવામાં આવ્યા છે.",
      "downloadError": "ડાઉનલોડ નિષ્ફળ ગયું. ફરી પ્રયત્ન કરો."
    }
  }, "notifications": {
    "title": "સૂચનાઓ",
    "highPriority": {
      "title": "હાઇ પ્રાયોરિટી સૂચનાઓનો ઉપયોગ કરો",
      "desc": "ડુ નોટ ડિસ્ટર્બ ચાલુ હોવા છતાં અવાજ અને પૂર્વાવલોકન સાથે સૂચનાઓ મેળવો"
    },
    "message": {
      "title": "સંદેશ સૂચનાઓ",
      "desc": "સંદેશો માટે એલર્ટ કસ્ટમાઇઝ કરો"
    },
    "group": {
      "title": "ગ્રુપ ચેટ સૂચનાઓ",
      "desc": "ગ્રુપ ચેટ માટે સૂચનાઓ મેનેજ કરો"
    },
    "call": {
      "title": "કોલ સૂચનાઓ",
      "desc": "રિંગટોન અને વાઇબ્રેશન સેટિંગ્સ"
    }
  },"storage": {
    "title": "સ્ટોરેજ અને ડેટા",
    "totalUsedHuman": "{{used}} MB માંથી {{total}} MB",
    "cards": {
      "usage": {
        "title": "સ્ટોરેજ ઉપયોગ",
        "used": "{{mb}} MB ઉપયોગમાં",
        "total": "કુલ {{mb}} MB"
      }
    },
    "sections": {
      "network": "નેટવર્ક ઉપયોગ",
      "manage": "મેનેજ"
    },
    "network": {
      "sent": {
        "title": "મોકલેલ ડેટા",
        "subtitle": "{{val}}"
      },
      "received": {
        "title": "પ્રાપ્ત ડેટા",
        "subtitle": "{{val}}"
      }
    },
    "manage": {
      "title": "સ્ટોરેજ મેનેજ કરો",
      "desc": "મોટી ફાઇલો, ચેટ્સ અને મીડિયા સમીક્ષા કરો અને કાઢી નાખો"
    },
    "autoDownload": {
      "title": "મીડિયા ઑટો-ડાઉનલોડ",
      "desc": "મોબાઇલ/વાઇ-ફાઇ/રોમિંગ પર શું ડાઉનલોડ થાય છે તે નિયંત્રિત કરો"
    },
    "actions": {
      "analyze": "વિશ્લેષણ કરો",
      "clearCache": "કૅશ સાફ કરો",
      "resetStats": "આંકડાઓ રીસેટ કરો"
    },
    "toast": {
      "cleared": "{{mb}} MB કૅશ સાફ કરી",
      "statsReset": "નેટવર્ક આંકડાઓ રીસેટ થયા"
    }
  },"chats": {
    "title": "ચેટ્સ",
    "sections": {
      "appearance": "દેખાવ",
      "behavior": "સંદેશ વર્તન",
      "management": "ચેટ મેનેજમેન્ટ"
    },
    "items": {
      "theme": {
        "title": "થીમ",
        "sub": "સિસ્ટમ ડિફોલ્ટ"
      },
      "chatTheme": {
        "title": "ડિફોલ્ટ ચેટ થીમ",
        "sub": "વોલપેપર અથવા થીમ પસંદ કરો"
      },
      "fontSize": {
        "title": "ફોન્ટ સાઇઝ",
        "sub": "મધ્યમ"
      },
      "enterToSend": {
        "title": "એન્ટરથી મોકલો",
        "sub": "સંદેશ મોકલવા માટે Enter દબાવો"
      },
      "mediaVisibility": {
        "title": "મીડિયા દૃશ્યતા",
        "sub": "નવી ડાઉનલોડ કરેલી મીડિયા તમારી ગેલેરીમાં બતાવો"
      },
      "keepArchived": {
        "title": "ચેટ્સ આર્કાઇવ રાખો",
        "sub": "નવી સંદેશાઓ આવે ત્યારે આર્કાઇવ કરેલી ચેટ્સ આર્કાઇવ જ રહેશે"
      },
      "transcripts": {
        "title": "વોઇસ મેસેજ ટ્રાન્સક્રિપ્ટ્સ",
        "sub": "નવી વોઇસ મેસેજિસ આપમેળે ટ્રાન્સક્રાઇબ કરો"
      },
      "backup": {
        "title": "ચેટ બેકઅપ",
        "sub": "સંદેશોને ક્લાઉડ સ્ટોરેજમાં બેકઅપ કરો"
      },
      "transfer": {
        "title": "ચેટ્સ ટ્રાન્સફર કરો",
        "sub": "ઉપકરણો વચ્ચે ચેટ્સ ખસેડો"
      },
      "history": {
        "title": "ચેટ ઇતિહાસ",
        "sub": "બધા ચેટ્સ નિકાસ કરો, આર્કાઇવ કરો, સાફ કરો અથવા કાઢી નાંખો"
      }
    },
    "toasts": {
      "enter": {
        "enabled": "એન્ટર-ટુ-સેન્ડ ચાલુ",
        "disabled": "એન્ટર-ટુ-સેન્ડ બંધ"
      },
      "media": {
        "on": "મીડિયા દૃશ્યતા ચાલુ",
        "off": "મીડિયા દૃશ્યતા બંધ"
      },
      "archived": {
        "enabled": "આર્કાઇવ રાખવું ચાલુ",
        "disabled": "આર્કાઇવ રાખવું બંધ"
      },
      "transcripts": {
        "enabled": "વોઇસ મેસેજ ટ્રાન્સક્રિપ્ટ્સ ચાલુ",
        "disabled": "વોઇસ મેસેજ ટ્રાન્સક્રિપ્ટ્સ બંધ"
      },
      "backup": {
        "starting": "બેકઅપ શરૂ થઈ રહ્યું છે…",
        "done": "બેકઅપ પૂર્ણ થયું"
      }
    }
  },"profilePage": {
    "title": "પ્રોફાઇલ",
    "imageAlt": "પ્રોફાઇલ ચિત્ર",
    "buttons": {
      "edit": "ફેરફાર કરો",
      "addLinks": "લિંક્સ ઉમેરો",
      "cancel": "રદ કરો"
    },
    "fields": {
      "name": "નામ",
      "about": "વિશે",
      "phone": "ફોન",
      "links": "લિંક્સ"
    },
    "actions": {
      "source": {
        "header": "ચિત્રનો સ્ત્રોત પસંદ કરો",
        "camera": "કેમેરા",
        "gallery": "ગેલેરી"
      }
    },
    "loading": {
      "openingCamera": "કેમેરા ખોલાઈ રહ્યો છે...",
      "processing": "ચિત્ર પ્રક્રિયા થઈ રહ્યું છે...",
      "updating": "પ્રોફાઇલ ચિત્ર અપડેટ થઈ રહ્યું છે..."
    },
    "validation": {
      "size": "ચિત્રનું કદ 5MB કરતા ઓછું હોવું જોઈએ",
      "type": "કૃપા કરીને માન્ય ચિત્ર ફાઇલ પસંદ કરો (JPEG, PNG, WebP)"
    },
    "toast": {
      "loadFailed": "પ્રોફાઇલ ડેટા લોડ કરવામાં નિષ્ફળ",
      "imageLoadFailed": "પ્રોફાઇલ ચિત્ર લોડ કરવામાં નિષ્ફળ",
      "selectFailed": "ચિત્ર પસંદ કરવામાં નિષ્ફળ. કૃપા કરીને ફરી પ્રયાસ કરો.",
      "processFailed": "ચિત્ર પ્રક્રિયા કરતી વખતે ભૂલ. કૃપા કરીને ફરી પ્રયાસ કરો.",
      "noUser": "યૂઝર આઈડી મળ્યો નથી",
      "updated": "પ્રોફાઇલ ચિત્ર સફળતાપૂર્વક અપડેટ થયું!",
      "updateFailed": "પ્રોફાઇલ ચિત્ર અપડેટ કરવામાં નિષ્ફળ"
    }
  },"footerTabs": {
    "chat": "ચેટ",
    "updates": "અપડેટ્સ",
    "communities": "સમુદાયો",
    "calls": "કૉલ્સ",
    "badges": {
      "unreadChats": "{{count}} ન વાંચેલ ચેટ્સ",
      "unreadUpdates": "{{count}} અપડેટ્સ"
    }
  },"socialLinks": {
    "title": "લિંક્સ",
    "intro": "તમારા પ્રોફાઇલમાં લિંક્સ ઉમેરવાથી તમારા સંપર્કોને તમારા અન્ય પ્રોફાઇલ સરળતાથી જોવા મદદ મળે છે.",
    "instagram": {
      "title": "ઇન્સ્ટાગ્રામ",
      "add": "તમારું ઇન્સ્ટાગ્રામ ઉમેરો"
    },
    "actions": {
      "add": "ઉમેરો",
      "edit": "ફેરફાર કરો"
    },
    "privacy": {
      "note": "કોણ તમારા લિંક્સ જોઈ શકે તે મેનેજ કરવા માટે જાઓ",
      "link": "પ્રાઈવસી સેટિંગ્સ"
    }
  },
  "addInstagram": {
    "title": "ઇન્સ્ટાગ્રામ ઉમેરો",
    "loading": "લોડ થઈ રહ્યું છે...",
    "saving": "સાચવી રહ્યા છીએ...",
    "usernameLabel": "ઇન્સ્ટાગ્રામ યુઝરનેમ",
    "usernamePlaceholder": "username",
    "hint": {
      "text": "ઇન્સ્ટાગ્રામ યુઝરનેમ ઉમેરવાથી તે તમારા પ્રોફાઇલ પર દેખાશે.",
      "learnMore": "વધુ જાણો"
    },
    "save": "સાચવો",
    "validation": {
      "required": "કૃપા કરીને તમારું ઇન્સ્ટાગ્રામ યુઝરનેમ દાખલ કરો",
      "invalid": "માન્ય યુઝરનેમ દાખલ કરો (ખાલી જગ્યા નહીં, મહત્તમ 30 અક્ષર)"
    },
    "toast": {
      "fetchFailed": "ઇન્સ્ટાગ્રામ લિંક મેળવવામાં નિષ્ફળ",
      "saved": "ઇન્સ્ટાગ્રામ સફળતાપૂર્વક સાચવ્યું!",
      "saveFailed": "ઇન્સ્ટાગ્રામ લિંક અપડેટ કરવામાં નિષ્ફળ. ફરી પ્રયાસ કરો."
    }
  },"home": {
    "search": { "placeholder": " ને પૂછો અથવા શોધો" },
    "filters": { "all": "બધા", "read": "વાંચેલ", "unread": "ન વાંચેલ", "groups": "જૂથો" },
    "groupCreator": { "placeholder": "જૂથનું નામ દાખલ કરો" },
    "typing": "ટાઈપ કરી રહ્યા છે...",
    "time": { "yesterday": "ગઇકાલે" },
    "preview": {
      "deleted": "આ સંદેશ કાઢી નાખવામાં આવ્યો હતો",
      "encrypted": "[એન્ક્રિપ્ટેડ]",
      "media": {
        "photo": "ફોટો",
        "video": "વિડિઓ",
        "audio": "ઑડિયો",
        "file": "જોડાણ",
        "generic": "[મીડિયા]"
      }
    },
    "actions": {
      "scan": "QR સ્કેન કરો",
      "camera": "કેમેરા ખોલો",
      "menu": "મેનુ ખોલો",
      "contacts": "સંપર્કો"
    },
    "scan": {
      "onlyDevice": "બારકોડ સ્કેનિંગ ફક્ત વાસ્તવિક ઉપકરણ પર જ કાર્ય કરે છે.",
      "permission": "બારકોડ સ્કેન કરવા માટે કેમેરાની પરવાનગી જરૂરી છે.",
      "notFound": "કોઈ બારકોડ મળ્યો નથી.",
      "error": "સ્કેનિંગ દરમિયાન કંઈક ખોટું થયું."
    },
    "logout": {
      "header": "લૉગ આઉટ",
      "message": "સત્ર સમય સમાપ્ત/સમાપ્ત થયું."
    },
    "alt": { "profile": "પ્રોફાઇલ" }
  },"menu": {
    "newGroup": "નવું જૂથ",
    "newCommunity": "નવી કોમ્યુનિટી",
    "newBroadcast": "નવો પ્રસારણ (WIP)",
    "starred": "સ્ટાર્ડ (WIP)",
    "readAll": "બધું વાંચો (WIP)",
    "settings": "સેટિંગ્સ",
    "createChannels": "ચેનલ્સ બનાવો (WIP)",
    "statusPrivacy": "સ્ટેટસ પ્રાઈવસી (WIP)",
    "clearCallLogs": "કૉલ લોગ્સ સાફ કરો (WIP)"
  }, "userabout": {
    "members": "સભ્યો",
    "group": "ગ્રુપ",
    "groups": "ગ્રુપ્સ",
    "inCommon": "સામાન્ય",
    "toolbar": {
      "message": "સંદેશ",
      "call": "કૉલ",
      "video": "વિડિયો",
      "add": "ઉમેરો"
    },
    "defaults": {
      "heyThere": "હાય! હું Telldemm નો ઉપયોગ કરી રહ્યો છું.",
      "noGroupDescription": "કોઈ ગ્રુપ વર્ણન નથી.",
      "unknown": "અજ્ઞાત",
      "unknownDate": "અજ્ઞાત તારીખ",
      "unnamedGroup": "નામ વિનાનું ગ્રુપ"
    },
    "updatedOn": "પર અપડેટ થયું",
    "createdByOn": "{{name}} દ્વારા બનાવવામાં આવ્યું",
    "media": {
      "title": "મીડિયા, લિંક્સ અને દસ્તાવેજો"
    },
    "notifications": "સૂચનાઓ",
    "mediaVisibility": "મીડિયા દૃશ્યતા",
    "encryption": {
      "title": "એન્ક્રિપ્શન",
      "subtitle": "સંદેશાઓ અને કૉલ્સ એન્ડ-ટુ-એન્ડ એન્ક્રિપ્ટ થયેલા છે. ચકાસવા માટે ટૅપ કરો."
    },
    "disappearing": "ગાયબ થતી સંદેશાઓ",
    "chatLock": {
      "title": "ચેટ લૉક",
      "subtitle": "આ ઉપકરણ પર આ ચેટ લૉક કરો અને છુપાવો."
    },
    "advancedPrivacy": {
      "title": "ઉન્નત ચેટ ગોપનીયતા",
      "off": "બંધ"
    },
    "createGroupWith": "{{name}} સાથે ગ્રુપ બનાવો",
    "commonGroupWith": "{{name}} સાથે સામાન્ય ગ્રુપ",
    "groupMembers": "ગ્રુપ સભ્યો",
    "addMembers": "સભ્યો ઉમેરો",
    "groupAdmin": "ગ્રુપ એડમિન",
    "viewPastMembers": "ભૂતકાળના સભ્યો જુઓ",
    "addToFavourites": "ફેવરિટ્સમાં ઉમેરો",
    "addToList": "યાદીમાં ઉમેરો",
    "block": "{{name}} ને બ્લોક કરો",
    "unblock": "{{name}} ને અનબ્લોક કરો",
    "report": "{{name}} ને રિપોર્ટ કરો",
    "actions": {
      "message": "સંદેશ",
      "dismissAdmin": "એડમિનમાંથી દૂર કરો",
      "makeAdmin": "એડમિન બનાવો",
      "removeFromGroup": "ગ્રુપમાંથી દૂર કરો"
    },
    "toasts": {
      "madeAdmin": "{{name}} હવે એડમિન છે",
      "dismissedAdmin": "{{name}} હવે એડમિન નથી",
      "removedFromGroup": "{{name}} ગ્રુપમાંથી દૂર કરવામાં આવ્યો છે",
      "blocked": "{{name}} ને બ્લોક કરવામાં આવ્યો છે.",
      "unblocked": "{{name}} ને અનબ્લોક કરવામાં આવ્યો છે.",
      "reported": "{{name}} ને રિપોર્ટ કરવામાં આવ્યો છે.",
      "reportedAndBlocked": "{{name}} ને રિપોર્ટ અને બ્લોક કરવામાં આવ્યો છે."
    },
    "errors": {
      "makeAdmin": "{{name}} ને એડમિન બનાવવા નિષ્ફળ",
      "dismissAdmin": "{{name}} ને એડમિનમાંથી દૂર કરવામાં નિષ્ફળ",
      "removeMember": "સભ્યને દૂર કરતી વખતે ભૂલ"
    },
    "alerts": {
      "block": {
        "header": "સંપર્કને બ્લોક કરો",
        "message": "તમે હવે {{name}} પાસેથી સંદેશાઓ અથવા કૉલ્સ પ્રાપ્ત નહીં કરો.",
        "cta": "બ્લોક"
      },
      "unblock": {
        "header": "સંપર્કને અનબ્લોક કરો",
        "message": "શું તમે ખરેખર {{name}} ને અનબ્લોક કરવા માંગો છો?"
      },
      "report": {
        "header": "સંપર્કને રિપોર્ટ કરો",
        "message": "{{name}} ના છેલ્લા 5 સંદેશાઓ રિપોર્ટ કરવામાં આવશે. શું તમે આ યુઝરને પણ બ્લોક કરવા માંગો છો?",
        "alsoBlock": "સંપર્કને પણ બ્લોક કરો",
        "cta": "રિપોર્ટ"
      }
    }
  },"invite": {
    "header": "મિત્રને આમંત્રિત કરો",
    "actions": {
      "search": "સંપર્ક શોધો",
      "shareLink": "ઍપ લિંક શેર કરો",
      "fromContacts": "સંપર્કમાંથી આમંત્રિત કરો",
      "invite": "આમંત્રિત કરો"
    },
    "share": {
      "title": "આ ઍપ પર મારી સાથે જોડાઓ!",
      "subtitle": "કોઈપણ ઍપ મારફતે ડાઉનલોડ લિંક મોકલો",
      "body": "આ અદ્ભુત ઍપ જુઓ. તેને અહીંથી ડાઉનલોડ કરો:",
      "button": "શેર કરો",
      "success": "લિંક શેર થઈ",
      "copied": "લિંક નકલ થઈ"
    },
    "contacts": {
      "title": "સંપર્કમાંથી",
      "subtitle": "તમારા ફોનબુકમાંથી સીધું આમંત્રિત કરો",
      "header": "સંપર્કમાંથી",
      "notOnApp": "હજી સુધી ઍપ પર નથી"
    },
    "title": "આ ઍપ પર મારી સાથે જોડાઓ!",
    "text": "આ અદ્ભુત ઍપ જુઓ. તેને અહીંથી ડાઉનલોડ કરો:",
    "dialogTitle": "ઍપ લિંક શેર કરો",
    "toasts": {
      "openContacts": "સંપર્ક ખોલી રહ્યા છીએ...",
      "searchContacts": "સંપર્ક શોધ ટૅપ થઈ.",
      "invited": "{{phone}} ને આમંત્રણ મોકલવામાં આવ્યું"
    },
    "errors": {
      "shareFailed": "શેર શીટ ખોલી શક્યા નથી."
    }
  }, "community": {
    "manageGroups": {
    "title": "જૂથો મેનેજ કરો",
    "groups": "જૂથો",
    "createNew": "નવું જૂથ બનાવો",
    "addExisting": "મોજુદા જૂથો ઉમેરો",
    "info": "સભ્યો એડમિન મંજૂરી માટે મોજુદા જૂથો સૂચવી શકે છે અને સીધા નવા જૂથો ઉમેરી શકે છે. જુઓ",
    "settingsLink": "કમ્યુનિટી સેટિંગ્સ",
    "listHeader": "આ સમુદાયના જૂથો",
    "loading": "જૂથો લોડ થઈ રહ્યા છે...",
    "empty": "આ સમુદાય માટે કોઈ જૂથ મળ્યાં નથી",
    "members": "સભ્યો",
    "unnamedGroup": "બિનનામનું જૂથ",
    "remove": {
      "header": "જૂથને સમુદાયમાંથી દૂર કરો",
      "message": "શું તમે આ જૂથને સમુદાયમાંથી દૂર કરવા માંગો છો? જૂથ રહેશે પરંતુ હવે સમુદાયનો ભાગ નહીં રહે.",
      "alsoRemoveMembers": "આ જૂથના સભ્યોને પણ સમુદાય અને જૂથમાંથી દૂર કરો",
      "cta": "દૂર કરો",
      "aria": "જૂથને સમુદાયમાંથી દૂર કરો"
    },
    "toasts": {
      "removed": "જૂથ સમુદાયમાંથી દૂર કરવામાં આવ્યો અને સભ્યો અપડેટ થયા",
      "removeFailed": "જૂથ દૂર કરવામાં નિષ્ફળ. ફરી પ્રયાસ કરો."
    }
  },
    "title": "સમુદાયો",
    "actions": {
      "qr": "QR ક્રિયાઓ ખોલો",
      "menu": "મેનૂ ખોલો"
    },
    "newCommunity": "નવો સમુદાય",
    "unnamedCommunity": "નામ વિનાનો સમુદાય",
    "viewAll": "બધું જુઓ",
    "groupType": {
    "normal": "સામાન્ય જૂથ",
    "announcement": "જાહેરાત જૂથ",
    "general": "જનરલ જૂથ"
  },
    "newGroup": {
      "header": "નવો જૂથ",
      "placeholder": "જૂથનું નામ",
      "create": "બનાવો"
    },
    "toasts": {
      "groupCreated": "જૂથ બનાવાયું"
    }
  },"community_menu_component": {
    "info": "સમુદાય માહિતી",
    "invite": "સભ્યોને આમંત્રણ આપો",
    "settings": "સમુદાય સેટિંગ્સ"
  },
  "group_preview_modal_component": {
    "close": "બંધ કરો",
    "groupIcon": "જૂથ આઇકન",
    "createdBy": "{{name}} દ્વારા બનાવવામાં આવ્યું",
    "noMembers": "હજુ સુધી કોઈ સભ્યો નથી",
    "noDescription": "કોઈ વર્ણન નથી",
    "communityLabel": "સમુદાય:",
    "joinNote": "જોડાતા જ તમે તરત જ સભ્ય બની જશો.",
    "joinCta": "જૂથમાં જોડાઓ"
  }, "add_existing_groups_page": {
    "header": "મોજુદા જૂથો ઉમેરો",
    "actions": {
      "search": "જૂથો શોધો",
      "confirm": "પસંદગીની પુષ્ટિ કરો",
      "removeChip": "પસંદ કરેલ જૂથ દૂર કરો"
    },
    "of": "માંથી",
    "selected": "પસંદ કરેલ",
    "banner": "જૂથોમાંના બધા સભ્યો સમુદાયમાં ઉમેરાશે.",
    "listHeader": "તમે એડમિન છો એવા જૂથો",
    "loading": "જૂથો લોડ કરી રહ્યા છીએ...",
    "empty": "કોઈ એડમિન જૂથ મળ્યા નથી",
    "checkboxLabel": "જૂથ પસંદ કરો",
    "unnamedGroup": "બિનનામનું જૂથ",
    "toasts": {
      "selectAtLeastOne": "ઓછામાં ઓછો એક જૂથ પસંદ કરો"
    }
  }
}
