{
  "meta": {
    "generatedAt": "2025-09-25T06:49:05.846991Z",
    "note": "Translations for email-edit page.",
    "translated": true,
    "locale": "hi-IN"
  },
  "emailEdit": {
    "title": "ईमेल पता",
    "description": "ईमेल आपको अपने खाते तक पहुँचने में मदद करता है। यह दूसरों को दिखाई नहीं देता।",
    "label": "ईमेल",
    "verified": "सत्यापित",
    "placeholder": "you@example.com",
    "edit": "संपादित करें",
    "cancel": "रद्द करें",
    "save": "सहेजें",
    "savedSuccess": "ईमेल सफलतापूर्वक सहेजा गया।",
    "validation": {
      "required": "ईमेल आवश्यक है।",
      "invalid": "कृपया एक मान्य ईमेल पता दर्ज करें।",
      "maxlength": "ईमेल बहुत लंबा है (अधिकतम 254 अक्षर)।"
    }
  },
  "helpPage": {
    "title": "सहायता",
    "helpCenter": {
      "title": "सहायता केंद्र",
      "description": "सहायता प्राप्त करें, सामान्य प्रश्न और संपर्क के विकल्प।"
    },
    "terms": {
      "title": "शर्तें और गोपनीयता नीति",
      "description": "हमारी शर्तें और डेटा नीति पढ़ें।"
    },
    "channelReports": {
      "title": "चैनल रिपोर्ट्स",
      "description": "रिपोर्ट प्रबंधित और देखें।"
    },
    "appInfo": {
      "title": "ऐप जानकारी",
      "description": "संस्करण, कानूनी और तकनीकी विवरण।"
    }
  },"common": {
    "ok": "ठीक है",
    "cancel": "रद्द करें",
    "logout": "लॉग आउट"
  },
  "settingsPage": {
    "title": "सेटिंग्स",
    "account": { "title": "खाता", "description": "गोपनीयता, सुरक्षा, नंबर बदलें" },
    "privacy": { "title": "गोपनीयता", "description": "अपनी गोपनीयता सेटिंग्स नियंत्रित करें" },
    "avatar": { "title": "अवतार", "description": "प्रोफ़ाइल चित्र बदलें" },
    "chats": { "title": "चैट", "description": "थीम, वॉलपेपर, बैकअप" },
    "accessibility": { "title": "एक्सेसिबिलिटी", "description": "पाठ का आकार और प्रदर्शन विकल्प" },
    "notifications": { "title": "सूचनाएँ", "description": "संदेश, समूह और कॉल अलर्ट" },
    "storage": { "title": "स्टोरेज और डेटा", "description": "स्टोरेज और नेटवर्क उपयोग प्रबंधित करें" },
    "appLanguage": { "title": "ऐप की भाषा", "description": "ऐप की भाषा चुनें" },
    "help": { "title": "सहायता और प्रतिक्रिया", "description": "सहायता केंद्र, हमसे संपर्क करें, ऐप जानकारी" },
    "updates": { "title": "ऐप अपडेट", "description": "अपडेट जांचें, ऑटो-अपडेट" },
    "invite": { "title": "मित्र को आमंत्रित करें", "description": "ऐप अपने संपर्कों के साथ साझा करें" },
    "logout": {
      "title": "लॉग आउट",
      "description": "ऐप डेटा साफ़ करें और साइन आउट करें",
      "confirmHeader": "लॉग आउट की पुष्टि करें",
      "confirmMessage": "क्या आप वाकई लॉग आउट करना और ऐप डेटा साफ़ करना चाहते हैं?",
      "loadingHeader": "लॉग आउट हो रहा है",
      "loadingMessage": "कृपया प्रतीक्षा करें...",
      "successHeader": "लॉग आउट किया गया",
      "successMessage": "आप सफलतापूर्वक लॉग आउट हो गए हैं।"
    },
    "defaultStatus": "उपलब्ध"
  },
  "appUpdates": {
    "title": "ऐप अपडेट्स",
    "version": "संस्करण",
    "latestAvailable": "नवीनतम उपलब्ध",
    "status": "स्थिति",
    "statusMessages": {
      "updateAvailable": "एक अपडेट उपलब्ध है।",
      "upToDate": "आप नवीनतम संस्करण पर हैं।"
    },
    "badge": {
      "updateAvailable": "अपडेट उपलब्ध",
      "upToDate": "नवीनतम"
    },
    "checkForUpdates": {
      "title": "अपडेट्स जांचें",
      "description": "मैन्युअल रूप से जांचें कि नया संस्करण उपलब्ध है या नहीं"
    },
    "checking": "जांच हो रही है…",
    "toast": {
      "latest": "आप नवीनतम संस्करण का उपयोग कर रहे हैं।",
      "updateAvailable": "अपडेट उपलब्ध: {{version}}",
      "error": "अपडेट की जांच नहीं हो सकी। कृपया बाद में पुनः प्रयास करें।"
    }
  },"accountPage": {
    "title": "खाता",
    "securityNotifications": "सुरक्षा सूचनाएँ",
    "passkeys": "पासकी",
    "emailAddress": "ईमेल पता",
    "twoStep": "दो-चरणीय सत्यापन",
    "changeNumber": "नंबर बदलें",
    "requestInfo": "खाते की जानकारी का अनुरोध करें",
    "addAccount": "खाता जोड़ें",
    "deleteAccount": "खाता हटाएँ",
    "confirmDelete": {
      "title": "खाता हटाएँ?",
      "message": "यह क्रिया आपके खाते और डेटा को स्थायी रूप से हटा देगी।",
      "confirm": "हटाएँ",
      "cancel": "रद्द करें",
      "log": "खाता हटाने का मोडल खोला गया"
    }
  },"accessibility": {
  "title": "विनियोग्यता",
  "groups": {
    "displayMotion": "डिस्प्ले एवं गति",
    "interaction": "इंटरैक्शन"
  },
  "increaseContrast": {
    "title": "विपरीतता बढ़ाएँ",
    "desc": "हल्के मोड में पठनीयता सुधारने के लिए मुख्य रंगों को गहरा करें।"
  },
  "reduceMotion": {
    "title": "गति कम करें",
    "desc": "एनिमेटेड स्टिकर्स, GIFs और ट्रांज़िशन को न्यूनतम करें।"
  },
  "largeText": {
    "title": "बड़ी टेक्स्ट",
    "desc": "पाठ को आसान पढ़ने के लिए सिस्टम फ़ॉन्ट स्केल बढ़ाएँ।"
  },
  "simpleAnimations": {
    "title": "सरल एनीमेशन",
    "desc": "आसान इंटरैक्शन के लिए जटिल एनीमेशन को कम करें।"
  },
  "grayscale": {
    "title": "धूसर स्तर (ग्रेस्केल) मोड",
    "desc": "दृश्य थकान को कम करने के लिए सभी इंटरफ़ेस रंगों को ग्रे के शेड्स में बदलें।"
  }
},"privacyPage": {
    "title": "गोपनीयता",
    "groups": {
      "whoCanSee": "मेरी जानकारी कौन देख सकता है",
      "other": "अन्य"
    },
    "lastSeen": {
      "title": "लास्ट सीन और ऑनलाइन",
      "desc": "कौन आपका लास्ट सीन और ऑनलाइन स्टेटस देख सकता है, नियंत्रित करें"
    },
    "profilePhoto": {
      "title": "प्रोफ़ाइल फ़ोटो",
      "desc": "कौन आपकी फ़ोटो देख सकता है, चुनें"
    },
    "about": {
      "title": "अबाउट",
      "desc": "कौन आपकी अबाउट जानकारी देख सकता है, नियंत्रित करें"
    },
    "status": {
      "title": "स्टेटस",
      "desc": "कौन आपके स्टेटस अपडेट देख सकता है, प्रबंधित करें"
    },
    "blocked": {
      "title": "ब्लॉक किए गए संपर्क",
      "desc": "ब्लॉक किए गए उपयोगकर्ताओं को देखें और प्रबंधित करें"
    },
    "options": {
      "everyone": "सभी",
      "contacts": "मेरे संपर्क",
      "nobody": "कोई नहीं"
    }
  },"avatarPage": {
    "title": "अपना अवतार बनाएं",
    "previewAlt": "अवतार पूर्वावलोकन",
    "sections": {
      "customization": "कस्टमाइजेशन विकल्प"
    },
    "fields": {
      "hair": "बाल",
      "accessories": "एसेसरीज़",
      "hairColor": "बालों का रंग",
      "eyes": "आंखें",
      "mouth": "मुंह",
      "clothes": "कपड़े",
      "skin": "त्वचा"
    },
    "placeholders": {
      "hair": "हेयर स्टाइल चुनें",
      "accessories": "एसेसरीज़ चुनें",
      "hairColor": "बालों का रंग चुनें",
      "eyes": "आंखों की शैली चुनें",
      "mouth": "मुंह की शैली चुनें",
      "clothes": "कपड़े चुनें",
      "skin": "त्वचा का रंग चुनें"
    },
    "buttons": {
      "download": "डाउनलोड",
      "downloading": "डाउनलोड हो रहा है…",
      "save": "सहेजें"
    },
    "toast": {
      "saved": "अवतार विकल्प स्थानीय रूप से सहेजे गए।",
      "downloadError": "डाउनलोड विफल हुआ। कृपया पुनः प्रयास करें।"
    }
  },"notifications": {
    "title": "सूचनाएँ",
    "highPriority": {
      "title": "हाई प्रायोरिटी सूचनाएँ उपयोग करें",
      "desc": "डू नॉट डिस्टर्ब चालू होने पर भी ध्वनि और पूर्वावलोकन के साथ सूचनाएँ प्राप्त करें"
    },
    "message": {
      "title": "संदेश सूचनाएँ",
      "desc": "संदेशों के लिए अलर्ट को अनुकूलित करें"
    },
    "group": {
      "title": "ग्रुप चैट सूचनाएँ",
      "desc": "ग्रुप चैट के लिए सूचनाओं का प्रबंधन करें"
    },
    "call": {
      "title": "कॉल सूचनाएँ",
      "desc": "रिंगटोन और वाइब्रेशन सेटिंग्स"
    }
  },"storage": {
    "title": "स्टोरेज और डेटा",
    "totalUsedHuman": "{{used}} MB में से {{total}} MB",
    "cards": {
      "usage": {
        "title": "स्टोरेज उपयोग",
        "used": "{{mb}} MB उपयोग किया गया",
        "total": "कुल {{mb}} MB"
      }
    },
    "sections": {
      "network": "नेटवर्क उपयोग",
      "manage": "प्रबंधित करें"
    },
    "network": {
      "sent": {
        "title": "भेजा गया डेटा",
        "subtitle": "{{val}}"
      },
      "received": {
        "title": "प्राप्त डेटा",
        "subtitle": "{{val}}"
      }
    },
    "manage": {
      "title": "स्टोरेज प्रबंधित करें",
      "desc": "बड़ी फ़ाइलें, चैट और मीडिया की समीक्षा करें और हटाएँ"
    },
    "autoDownload": {
      "title": "मीडिया ऑटो-डाउनलोड",
      "desc": "मोबाइल/वाई-फाई/रोमिंग पर क्या डाउनलोड हो उसे नियंत्रित करें"
    },
    "actions": {
      "analyze": "विश्लेषण करें",
      "clearCache": "कैश साफ़ करें",
      "resetStats": "आँकड़े रीसेट करें"
    },
    "toast": {
      "cleared": "{{mb}} MB कैश साफ़ किया गया",
      "statsReset": "नेटवर्क आँकड़े रीसेट किए गए"
    }
  },"chats": {
    "title": "चैट",
    "sections": {
      "appearance": "रूप",
      "behavior": "संदेश व्यवहार",
      "management": "चैट प्रबंधन"
    },
    "items": {
      "theme": {
        "title": "थीम",
        "sub": "सिस्टम डिफ़ॉल्ट"
      },
      "chatTheme": {
        "title": "डिफ़ॉल्ट चैट थीम",
        "sub": "वॉलपेपर या थीम चुनें"
      },
      "fontSize": {
        "title": "फ़ॉन्ट आकार",
        "sub": "मध्यम"
      },
      "enterToSend": {
        "title": "एंटर से भेजें",
        "sub": "संदेश भेजने के लिए Enter दबाएँ"
      },
      "mediaVisibility": {
        "title": "मीडिया दृश्यता",
        "sub": "नई डाउनलोड की गई मीडिया को अपनी गैलरी में दिखाएँ"
      },
      "keepArchived": {
        "title": "चैट को आर्काइव रखें",
        "sub": "नई संदेश आने पर भी आर्काइव चैट्स आर्काइव में रहेंगी"
      },
      "transcripts": {
        "title": "वॉइस संदेश ट्रांसक्रिप्ट्स",
        "sub": "नए वॉइस संदेश स्वचालित रूप से ट्रांसक्राइब करें"
      },
      "backup": {
        "title": "चैट बैकअप",
        "sub": "संदेशों का बैकअप क्लाउड स्टोरेज में लें"
      },
      "transfer": {
        "title": "चैट ट्रांसफर",
        "sub": "डिवाइसों के बीच चैट स्थानांतरित करें"
      },
      "history": {
        "title": "चैट इतिहास",
        "sub": "सभी चैट्स एक्सपोर्ट, आर्काइव, साफ़ या डिलीट करें"
      }
    },
    "toasts": {
      "enter": {
        "enabled": "एंटर-टू-सेंड सक्षम",
        "disabled": "एंटर-टू-सेंड अक्षम"
      },
      "media": {
        "on": "मीडिया दृश्यता चालू",
        "off": "मीडिया दृश्यता बंद"
      },
      "archived": {
        "enabled": "आर्काइव रखना सक्षम",
        "disabled": "आर्काइव रखना अक्षम"
      },
      "transcripts": {
        "enabled": "वॉइस संदेश ट्रांसक्रिप्ट्स सक्षम",
        "disabled": "वॉइस संदेश ट्रांसक्रिप्ट्स अक्षम"
      },
      "backup": {
        "starting": "बैकअप शुरू हो रहा है…",
        "done": "बैकअप पूरा हुआ"
      }
    }
  },"profilePage": {
    "title": "प्रोफ़ाइल",
    "imageAlt": "प्रोफ़ाइल चित्र",
    "buttons": {
      "edit": "संपादित करें",
      "addLinks": "लिंक जोड़ें",
      "cancel": "रद्द करें"
    },
    "fields": {
      "name": "नाम",
      "about": "के बारे में",
      "phone": "फ़ोन",
      "links": "लिंक"
    },
    "actions": {
      "source": {
        "header": "छवि स्रोत चुनें",
        "camera": "कैमरा",
        "gallery": "गैलरी"
      }
    },
    "loading": {
      "openingCamera": "कैमरा खोला जा रहा है...",
      "processing": "छवि प्रोसेस की जा रही है...",
      "updating": "प्रोफ़ाइल चित्र अपडेट किया जा रहा है..."
    },
    "validation": {
      "size": "छवि का आकार 5MB से कम होना चाहिए",
      "type": "कृपया मान्य छवि फ़ाइल चुनें (JPEG, PNG, WebP)"
    },
    "toast": {
      "loadFailed": "प्रोफ़ाइल डेटा लोड करने में विफल",
      "imageLoadFailed": "प्रोफ़ाइल चित्र लोड करने में विफल",
      "selectFailed": "छवि चुनने में विफल। कृपया पुनः प्रयास करें।",
      "processFailed": "छवि प्रोसेसिंग में त्रुटि। कृपया पुनः प्रयास करें।",
      "noUser": "यूज़र आईडी नहीं मिली",
      "updated": "प्रोफ़ाइल चित्र सफलतापूर्वक अपडेट हुआ!",
      "updateFailed": "प्रोफ़ाइल चित्र अपडेट करने में विफल"
    }
  },"footerTabs": {
    "chat": "चैट",
    "updates": "अपडेट्स",
    "communities": "समुदाय",
    "calls": "कॉल्स",
    "badges": {
      "unreadChats": "{{count}} अपठित चैट्स",
      "unreadUpdates": "{{count}} अपडेट्स"
    }
  },"socialLinks": {
    "title": "लिंक्स",
    "intro": "प्रोफ़ाइल में लिंक जोड़ने से आपके संपर्क आपके अन्य प्रोफ़ाइल आसानी से देख सकते हैं।",
    "instagram": {
      "title": "इंस्टाग्राम",
      "add": "अपना इंस्टाग्राम जोड़ें"
    },
    "actions": {
      "add": "जोड़ें",
      "edit": "संपादित करें"
    },
    "privacy": {
      "note": "कौन आपके लिंक देख सकता है यह प्रबंधित करने के लिए जाएँ",
      "link": "गोपनीयता सेटिंग्स"
    }
  },
  "addInstagram": {
    "title": "इंस्टाग्राम जोड़ें",
    "loading": "लोड हो रहा है...",
    "saving": "सहेजा जा रहा है...",
    "usernameLabel": "इंस्टाग्राम यूज़रनेम",
    "usernamePlaceholder": "username",
    "hint": {
      "text": "इंस्टाग्राम यूज़रनेम जोड़ने पर यह आपके प्रोफ़ाइल पर दिखाई देगा।",
      "learnMore": "और जानें"
    },
    "save": "सहेजें",
    "validation": {
      "required": "कृपया अपना इंस्टाग्राम यूज़रनेम दर्ज करें",
      "invalid": "मान्य यूज़रनेम दर्ज करें (स्पेस नहीं, अधिकतम 30 अक्षर)"
    },
    "toast": {
      "fetchFailed": "इंस्टाग्राम लिंक प्राप्त करने में विफल",
      "saved": "इंस्टाग्राम सफलतापूर्वक सहेजा गया!",
      "saveFailed": "इंस्टाग्राम लिंक अपडेट करने में विफल। फिर से प्रयास करें।"
    }
  },"home": {
    "search": { "placeholder": " से पूछें या खोजें" },
    "filters": { "all": "सभी", "read": "पढ़ा हुआ", "unread": "अपठित", "groups": "समूह" },
    "groupCreator": { "placeholder": "समूह का नाम दर्ज करें" },
    "typing": "टाइप कर रहा है...",
    "time": { "yesterday": "कल" },
    "preview": {
      "deleted": "यह संदेश हटा दिया गया था",
      "encrypted": "[एन्क्रिप्टेड]",
      "media": {
        "photo": "फोटो",
        "video": "वीडियो",
        "audio": "ऑडियो",
        "file": "संलग्नक",
        "generic": "[मीडिया]"
      }
    },
    "actions": {
      "scan": "QR स्कैन करें",
      "camera": "कैमरा खोलें",
      "menu": "मेन्यू खोलें",
      "contacts": "संपर्क"
    },
    "scan": {
      "onlyDevice": "बारकोड स्कैनिंग केवल वास्तविक डिवाइस पर काम करती है।",
      "permission": "बारकोड स्कैन करने के लिए कैमरा अनुमति आवश्यक है।",
      "notFound": "कोई बारकोड नहीं मिला।",
      "error": "स्कैनिंग के दौरान कुछ गलत हो गया।"
    },
    "logout": {
      "header": "लॉगआउट",
      "message": "सत्र का समय समाप्त/समाप्त हो गया।"
    },
    "alt": { "profile": "प्रोफ़ाइल" }
  },"menu": {
    "newGroup": "नया समूह",
    "newCommunity": "नया समुदाय",
    "newBroadcast": "नया प्रसारण (WIP)",
    "starred": "सितारे वाले (WIP)",
    "readAll": "सभी पढ़ें (WIP)",
    "settings": "सेटिंग्स",
    "createChannels": "चैनल बनाएं (WIP)",
    "statusPrivacy": "स्टेटस गोपनीयता (WIP)",
    "clearCallLogs": "कॉल लॉग्स साफ करें (WIP)"
  },"userabout": {
    "members": "सदस्य",
    "group": "समूह",
    "groups": "समूह",
    "inCommon": "साझा",
    "toolbar": {
      "message": "संदेश",
      "call": "कॉल",
      "video": "वीडियो",
      "add": "जोड़ें"
    },
    "defaults": {
      "heyThere": "नमस्ते! मैं Telldemm का उपयोग कर रहा हूँ।",
      "noGroupDescription": "कोई समूह विवरण नहीं।",
      "unknown": "अज्ञात",
      "unknownDate": "अज्ञात तिथि",
      "unnamedGroup": "बेनाम समूह"
    },
    "updatedOn": "अपडेट किया गया",
    "createdByOn": "{{name}} द्वारा बनाया गया",
    "media": {
      "title": "मीडिया, लिंक और दस्तावेज़"
    },
    "notifications": "सूचनाएँ",
    "mediaVisibility": "मीडिया दृश्यता",
    "encryption": {
      "title": "एन्क्रिप्शन",
      "subtitle": "संदेश और कॉल एंड-टू-एंड एन्क्रिप्टेड हैं। सत्यापित करने के लिए टैप करें।"
    },
    "disappearing": "गायब होने वाले संदेश",
    "chatLock": {
      "title": "चैट लॉक",
      "subtitle": "इस डिवाइस पर इस चैट को लॉक और छिपाएँ।"
    },
    "advancedPrivacy": {
      "title": "उन्नत चैट गोपनीयता",
      "off": "बंद"
    },
    "createGroupWith": "{{name}} के साथ समूह बनाएँ",
    "commonGroupWith": "{{name}} के साथ साझा समूह",
    "groupMembers": "समूह सदस्य",
    "addMembers": "सदस्य जोड़ें",
    "groupAdmin": "समूह व्यवस्थापक",
    "viewPastMembers": "पिछले सदस्यों को देखें",
    "addToFavourites": "पसंदीदा में जोड़ें",
    "addToList": "सूची में जोड़ें",
    "block": "{{name}} को ब्लॉक करें",
    "unblock": "{{name}} को अनब्लॉक करें",
    "report": "{{name}} की रिपोर्ट करें",
    "actions": {
      "message": "संदेश",
      "dismissAdmin": "व्यवस्थापक से हटाएँ",
      "makeAdmin": "व्यवस्थापक बनाएँ",
      "removeFromGroup": "समूह से हटाएँ"
    },
    "toasts": {
      "madeAdmin": "{{name}} अब व्यवस्थापक है",
      "dismissedAdmin": "{{name}} अब व्यवस्थापक नहीं है",
      "removedFromGroup": "{{name}} को समूह से हटाया गया",
      "blocked": "{{name}} ब्लॉक कर दिया गया है।",
      "unblocked": "{{name}} अनब्लॉक कर दिया गया है।",
      "reported": "{{name}} रिपोर्ट किया गया है।",
      "reportedAndBlocked": "{{name}} रिपोर्ट और ब्लॉक कर दिया गया है।"
    },
    "errors": {
      "makeAdmin": "{{name}} को व्यवस्थापक बनाने में विफल",
      "dismissAdmin": "{{name}} को हटाने में विफल",
      "removeMember": "सदस्य को हटाने में त्रुटि"
    },
    "alerts": {
      "block": {
        "header": "संपर्क ब्लॉक करें",
        "message": "आपको अब {{name}} से संदेश या कॉल प्राप्त नहीं होंगे।",
        "cta": "ब्लॉक"
      },
      "unblock": {
        "header": "संपर्क अनब्लॉक करें",
        "message": "क्या आप वाकई {{name}} को अनब्लॉक करना चाहते हैं?"
      },
      "report": {
        "header": "संपर्क की रिपोर्ट करें",
        "message": "पिछले 5 संदेश {{name}} से रिपोर्ट किए जाएंगे। क्या आप इस उपयोगकर्ता को ब्लॉक भी करना चाहते हैं?",
        "alsoBlock": "संपर्क को भी ब्लॉक करें",
        "cta": "रिपोर्ट"
      }
    }
  },"invite": {
    "header": "मित्र को आमंत्रित करें",
    "actions": {
      "search": "संपर्क खोजें",
      "shareLink": "ऐप लिंक साझा करें",
      "fromContacts": "संपर्कों से आमंत्रित करें",
      "invite": "आमंत्रित करें"
    },
    "share": {
      "title": "इस ऐप पर मेरे साथ जुड़ें!",
      "subtitle": "किसी भी ऐप से डाउनलोड लिंक भेजें",
      "body": "इस शानदार ऐप को देखें। इसे यहाँ से डाउनलोड करें:",
      "button": "साझा करें",
      "success": "लिंक साझा किया गया",
      "copied": "लिंक कॉपी किया गया"
    },
    "contacts": {
      "title": "संपर्कों से",
      "subtitle": "अपने फोनबुक से सीधे आमंत्रित करें",
      "header": "संपर्कों से",
      "notOnApp": "अभी ऐप पर नहीं हैं"
    },
    "title": "इस ऐप पर मेरे साथ जुड़ें!",
    "text": "इस शानदार ऐप को देखें। इसे यहाँ से डाउनलोड करें:",
    "dialogTitle": "ऐप लिंक साझा करें",
    "toasts": {
      "openContacts": "संपर्क खोल रहे हैं...",
      "searchContacts": "संपर्क खोज टैप किया गया।",
      "invited": "{{phone}} को आमंत्रण भेजा गया"
    },
    "errors": {
      "shareFailed": "शेयर शीट नहीं खोली जा सकी।"
    }
  },"community": {
    "manageGroups": {
    "title": "समूह प्रबंधित करें",
    "groups": "समूह",
    "createNew": "नया समूह बनाएँ",
    "addExisting": "मौजूदा समूह जोड़ें",
    "info": "सदस्य एडमिन की मंजूरी के लिए मौजूदा समूह सुझा सकते हैं और सीधे नए समूह जोड़ सकते हैं। देखें",
    "settingsLink": "समुदाय सेटिंग्स",
    "listHeader": "इस समुदाय के समूह",
    "loading": "समूह लोड हो रहे हैं...",
    "empty": "इस समुदाय के लिए कोई समूह नहीं मिला",
    "members": "सदस्य",
    "unnamedGroup": "बेनाम समूह",
    "remove": {
      "header": "समुदाय से समूह हटाएँ",
      "message": "क्या आप इस समूह को समुदाय से हटाना चाहते हैं? समूह रहेगा लेकिन अब समुदाय का हिस्सा नहीं होगा।",
      "alsoRemoveMembers": "इस समूह के सदस्यों को भी समुदाय और समूह से हटाएँ",
      "cta": "हटाएँ",
      "aria": "समुदाय से समूह हटाएँ"
    },
    "toasts": {
      "removed": "समूह समुदाय से हटा दिया गया और सदस्य अपडेट हुए",
      "removeFailed": "समूह हटाने में विफल। फिर से प्रयास करें।"
    }
  },
    "title": "समुदाय",
    "actions": {
      "qr": "QR क्रियाएँ खोलें",
      "menu": "मेनू खोलें"
    },
    "newCommunity": "नया समुदाय",
    "unnamedCommunity": "बेनाम समुदाय",
    "viewAll": "सभी देखें",
     "groupType": {
    "normal": "सामान्य समूह",
    "announcement": "घोषणा समूह",
    "general": "जनरल समूह"
  },
    "newGroup": {
      "header": "नया समूह",
      "placeholder": "समूह का नाम",
      "create": "बनाएँ"
    },
    "toasts": {
      "groupCreated": "समूह बनाया गया"
    }
  },"community_menu_component": {
    "info": "समुदाय जानकारी",
    "invite": "सदस्यों को आमंत्रित करें",
    "settings": "समुदाय सेटिंग्स"
  },
  "group_preview_modal_component": {
    "close": "बंद करें",
    "groupIcon": "समूह आइकन",
    "createdBy": "{{name}} द्वारा बनाया गया",
    "noMembers": "अभी तक कोई सदस्य नहीं",
    "noDescription": "कोई विवरण नहीं",
    "communityLabel": "समुदाय:",
    "joinNote": "जुड़ते ही आप तुरंत सदस्य बन जाएंगे।",
    "joinCta": "समूह से जुड़ें"
  },"add_existing_groups_page": {
    "header": "मौजूदा समूह जोड़ें",
    "actions": {
      "search": "समूह खोजें",
      "confirm": "चयन की पुष्टि करें",
      "removeChip": "चयनित समूह हटाएँ"
    },
    "of": "का",
    "selected": "चयनित",
    "banner": "समूहों के सभी लोग समुदाय में जोड़ दिए जाएंगे।",
    "listHeader": "वे समूह जिनके आप एडमिन हैं",
    "loading": "समूह लोड हो रहे हैं...",
    "empty": "कोई एडमिन समूह नहीं मिला",
    "checkboxLabel": "समूह चुनें",
    "unnamedGroup": "बेनाम समूह",
    "toasts": {
      "selectAtLeastOne": "कम से कम एक समूह चुनें"
    }
  }
}
