{
  "meta": {
    "generatedAt": "2025-09-25T06:49:05.846991Z",
    "note": "Translations for email-edit page.",
    "translated": true,
    "locale": "ko-KR"
  },
  "emailEdit": {
    "title": "이메일 주소",
    "description": "이메일은 계정에 접근하는 데 도움이 됩니다. 다른 사람에게는 표시되지 않습니다.",
    "label": "이메일",
    "verified": "확인됨",
    "placeholder": "you@example.com",
    "edit": "편집",
    "cancel": "취소",
    "save": "저장",
    "savedSuccess": "이메일이 성공적으로 저장되었습니다.",
    "validation": {
      "required": "이메일은 필수입니다.",
      "invalid": "유효한 이메일 주소를 입력해 주세요.",
      "maxlength": "이메일이 너무 깁니다 (최대 254자)."
    }
  },
  "helpPage": {
    "title": "도움말",
    "helpCenter": {
      "title": "도움말 센터",
      "description": "도움말, FAQ 및 문의 옵션을 확인하세요."
    },
    "terms": {
      "title": "약관 및 개인정보처리방침",
      "description": "약관 및 데이터 정책을 읽어보세요."
    },
    "channelReports": {
      "title": "채널 신고",
      "description": "신고를 관리하고 확인하세요."
    },
    "appInfo": {
      "title": "앱 정보",
      "description": "버전, 법적 및 기술적 세부사항."
    }
  },"common": {
    "ok": "확인",
    "cancel": "취소",
    "logout": "로그아웃"
  },
  "settingsPage": {
    "title": "설정",
    "account": { "title": "계정", "description": "개인정보, 보안, 번호 변경" },
    "privacy": { "title": "개인정보", "description": "개인정보 설정 관리" },
    "avatar": { "title": "아바타", "description": "프로필 사진 변경" },
    "chats": { "title": "채팅", "description": "테마, 배경화면, 백업" },
    "accessibility": { "title": "접근성", "description": "글자 크기 및 표시 옵션" },
    "notifications": { "title": "알림", "description": "메시지, 그룹, 통화 알림" },
    "storage": { "title": "저장소 및 데이터", "description": "저장소 및 네트워크 사용 관리" },
    "appLanguage": { "title": "앱 언어", "description": "앱 언어 선택" },
    "help": { "title": "도움말 및 피드백", "description": "도움말 센터, 문의하기, 앱 정보" },
    "updates": { "title": "앱 업데이트", "description": "업데이트 확인, 자동 업데이트" },
    "invite": { "title": "친구 초대", "description": "앱을 연락처와 공유" },
    "logout": {
      "title": "로그아웃",
      "description": "앱 데이터를 지우고 로그아웃합니다",
      "confirmHeader": "로그아웃 확인",
      "confirmMessage": "정말 로그아웃하고 앱 데이터를 지우시겠습니까?",
      "loadingHeader": "로그아웃 중",
      "loadingMessage": "잠시만 기다려주세요...",
      "successHeader": "로그아웃 완료",
      "successMessage": "성공적으로 로그아웃되었습니다."
    },
    "defaultStatus": "사용 가능"
  },
  "appUpdates": {
    "title": "앱 업데이트",
    "version": "버전",
    "latestAvailable": "최신 사용 가능",
    "status": "상태",
    "statusMessages": {
      "updateAvailable": "업데이트가 있습니다.",
      "upToDate": "최신 버전을 사용 중입니다."
    },
    "badge": {
      "updateAvailable": "업데이트 가능",
      "upToDate": "최신"
    },
    "checkForUpdates": {
      "title": "업데이트 확인",
      "description": "새 버전이 있는지 수동으로 확인하세요"
    },
    "checking": "확인 중…",
    "toast": {
      "latest": "최신 버전을 사용 중입니다.",
      "updateAvailable": "업데이트 가능: {{version}}",
      "error": "업데이트를 확인할 수 없습니다. 나중에 다시 시도하세요."
    }
  }, "accountPage": {
    "title": "계정",
    "securityNotifications": "보안 알림",
    "passkeys": "패스키",
    "emailAddress": "이메일 주소",
    "twoStep": "2단계 인증",
    "changeNumber": "번호 변경",
    "requestInfo": "계정 정보 요청",
    "addAccount": "계정 추가",
    "deleteAccount": "계정 삭제",
    "confirmDelete": {
      "title": "계정을 삭제하시겠습니까?",
      "message": "이 작업은 계정과 데이터를 영구적으로 삭제합니다.",
      "confirm": "삭제",
      "cancel": "취소",
      "log": "계정 삭제 모달 열림"
    }
  },"accessibility": {
  "title": "접근성",
  "groups": {
    "displayMotion": "화면 및 동작",
    "interaction": "상호작용"
  },
  "increaseContrast": {
    "title": "대비 향상",
    "desc": "라이트 모드에서 가독성을 높이기 위해 주요 색상을 어둡게 합니다."
  },
  "reduceMotion": {
    "title": "동작 줄이기",
    "desc": "애니메이션 스티커, GIF 및 전환 효과를 최소화합니다."
  },
  "largeText": {
    "title": "큰 텍스트",
    "desc": "읽기 쉽게 시스템 글꼴 크기를 늘립니다."
  },
  "simpleAnimations": {
    "title": "단순화된 애니메이션",
    "desc": "복잡한 애니메이션을 줄여 상호작용을 쉽게 합니다."
  },
  "grayscale": {
    "title": "그레이스케일 모드",
    "desc": "시각적 피로를 줄이기 위해 모든 색상을 회색조로 변환합니다."
  }
}
,"privacyPage": {
    "title": "개인정보",
    "groups": {
      "whoCanSee": "내 정보를 볼 수 있는 사람",
      "other": "기타"
    },
    "lastSeen": {
      "title": "마지막 접속 및 온라인",
      "desc": "마지막 접속 및 온라인 상태를 볼 수 있는 사람을 제어합니다"
    },
    "profilePhoto": {
      "title": "프로필 사진",
      "desc": "사진을 볼 수 있는 사람을 선택하세요"
    },
    "about": {
      "title": "소개",
      "desc": "내 소개 정보를 볼 수 있는 사람을 제어합니다"
    },
    "status": {
      "title": "상태",
      "desc": "상태 업데이트를 볼 수 있는 사람을 관리합니다"
    },
    "blocked": {
      "title": "차단된 연락처",
      "desc": "차단된 사용자를 보고 관리합니다"
    },
    "options": {
      "everyone": "모두",
      "contacts": "내 연락처",
      "nobody": "없음"
    }
  },"avatarPage": {
    "title": "아바타 만들기",
    "previewAlt": "아바타 미리보기",
    "sections": {
      "customization": "맞춤 옵션"
    },
    "fields": {
      "hair": "머리카락",
      "accessories": "액세서리",
      "hairColor": "머리 색상",
      "eyes": "눈",
      "mouth": "입",
      "clothes": "옷",
      "skin": "피부"
    },
    "placeholders": {
      "hair": "헤어스타일 선택",
      "accessories": "액세서리 선택",
      "hairColor": "머리 색상 선택",
      "eyes": "눈 모양 선택",
      "mouth": "입 모양 선택",
      "clothes": "옷 선택",
      "skin": "피부 톤 선택"
    },
    "buttons": {
      "download": "다운로드",
      "downloading": "다운로드 중…",
      "save": "저장"
    },
    "toast": {
      "saved": "아바타 선택 항목이 로컬에 저장되었습니다.",
      "downloadError": "다운로드 실패. 다시 시도하세요."
    }
  },"notifications": {
    "title": "알림",
    "highPriority": {
      "title": "높은 우선순위 알림 사용",
      "desc": "방해 금지 모드에서도 소리와 미리보기로 알림을 받습니다"
    },
    "message": {
      "title": "메시지 알림",
      "desc": "메시지 알림을 사용자 지정"
    },
    "group": {
      "title": "그룹 채팅 알림",
      "desc": "그룹 채팅 알림 관리"
    },
    "call": {
      "title": "통화 알림",
      "desc": "벨소리 및 진동 설정"
    }
  },"storage": {
    "title": "스토리지 및 데이터",
    "totalUsedHuman": "{{used}} MB / {{total}} MB",
    "cards": {
      "usage": {
        "title": "스토리지 사용량",
        "used": "{{mb}} MB 사용됨",
        "total": "총 {{mb}} MB"
      }
    },
    "sections": {
      "network": "네트워크 사용량",
      "manage": "관리"
    },
    "network": {
      "sent": {
        "title": "전송된 데이터",
        "subtitle": "{{val}}"
      },
      "received": {
        "title": "수신된 데이터",
        "subtitle": "{{val}}"
      }
    },
    "manage": {
      "title": "스토리지 관리",
      "desc": "큰 파일, 채팅 및 미디어 검토 및 삭제"
    },
    "autoDownload": {
      "title": "미디어 자동 다운로드",
      "desc": "모바일/Wi-Fi/로밍에서 다운로드할 항목 제어"
    },
    "actions": {
      "analyze": "분석",
      "clearCache": "캐시 지우기",
      "resetStats": "통계 초기화"
    },
    "toast": {
      "cleared": "{{mb}} MB 캐시 삭제됨",
      "statsReset": "네트워크 통계가 초기화됨"
    }
  }, "chats": {
    "title": "채팅",
    "sections": {
      "appearance": "모양",
      "behavior": "메시지 동작",
      "management": "채팅 관리"
    },
    "items": {
      "theme": {
        "title": "테마",
        "sub": "시스템 기본값"
      },
      "chatTheme": {
        "title": "기본 채팅 테마",
        "sub": "배경화면 또는 테마 선택"
      },
      "fontSize": {
        "title": "글꼴 크기",
        "sub": "보통"
      },
      "enterToSend": {
        "title": "Enter로 보내기",
        "sub": "Enter 키를 눌러 메시지 전송"
      },
      "mediaVisibility": {
        "title": "미디어 표시",
        "sub": "새로 다운로드한 미디어를 갤러리에 표시"
      },
      "keepArchived": {
        "title": "채팅 보관 유지",
        "sub": "새 메시지가 와도 보관된 채팅은 그대로 유지됩니다"
      },
      "transcripts": {
        "title": "음성 메시지 전사",
        "sub": "새 음성 메시지를 자동으로 전사"
      },
      "backup": {
        "title": "채팅 백업",
        "sub": "메시지를 클라우드에 백업"
      },
      "transfer": {
        "title": "채팅 전송",
        "sub": "기기 간에 채팅 이동"
      },
      "history": {
        "title": "채팅 기록",
        "sub": "모든 채팅 내보내기, 보관, 지우기 또는 삭제"
      }
    },
    "toasts": {
      "enter": {
        "enabled": "Enter로 보내기 활성화됨",
        "disabled": "Enter로 보내기 비활성화됨"
      },
      "media": {
        "on": "미디어 표시 켜짐",
        "off": "미디어 표시 꺼짐"
      },
      "archived": {
        "enabled": "보관 유지 활성화됨",
        "disabled": "보관 유지 비활성화됨"
      },
      "transcripts": {
        "enabled": "음성 메시지 전사 활성화됨",
        "disabled": "음성 메시지 전사 비활성화됨"
      },
      "backup": {
        "starting": "백업 시작 중…",
        "done": "백업 완료"
      }
    }
  },"profilePage": {
    "title": "프로필",
    "imageAlt": "프로필 이미지",
    "buttons": {
      "edit": "편집",
      "addLinks": "링크 추가",
      "cancel": "취소"
    },
    "fields": {
      "name": "이름",
      "about": "소개",
      "phone": "전화번호",
      "links": "링크"
    },
    "actions": {
      "source": {
        "header": "이미지 소스 선택",
        "camera": "카메라",
        "gallery": "갤러리"
      }
    },
    "loading": {
      "openingCamera": "카메라 여는 중...",
      "processing": "이미지 처리 중...",
      "updating": "프로필 이미지 업데이트 중..."
    },
    "validation": {
      "size": "이미지 크기는 5MB 미만이어야 합니다",
      "type": "유효한 이미지 파일을 선택하세요 (JPEG, PNG, WebP)"
    },
    "toast": {
      "loadFailed": "프로필 데이터를 불러오지 못했습니다",
      "imageLoadFailed": "프로필 이미지를 불러오지 못했습니다",
      "selectFailed": "이미지를 선택하지 못했습니다. 다시 시도하세요.",
      "processFailed": "이미지 처리 오류가 발생했습니다. 다시 시도하세요.",
      "noUser": "사용자 ID를 찾을 수 없습니다",
      "updated": "프로필 이미지가 성공적으로 업데이트되었습니다!",
      "updateFailed": "프로필 이미지 업데이트 실패"
    }
  },"footerTabs": {
    "chat": "채팅",
    "updates": "업데이트",
    "communities": "커뮤니티",
    "calls": "통화",
    "badges": {
      "unreadChats": "{{count}}개의 안 읽은 채팅",
      "unreadUpdates": "{{count}}개의 업데이트"
    }
  },"socialLinks": {
    "title": "링크",
    "intro": "프로필에 링크를 추가하면 연락처가 다른 프로필로 쉽게 이동할 수 있습니다.",
    "instagram": {
      "title": "인스타그램",
      "add": "인스타그램 추가"
    },
    "actions": {
      "add": "추가",
      "edit": "편집"
    },
    "privacy": {
      "note": "누가 내 링크를 볼 수 있는지 관리하려면",
      "link": "개인정보 설정"
    }
  },
  "addInstagram": {
    "title": "인스타그램 추가",
    "loading": "로드 중...",
    "saving": "저장 중...",
    "usernameLabel": "인스타그램 사용자 이름",
    "usernamePlaceholder": "username",
    "hint": {
      "text": "인스타그램 사용자 이름을 추가하면 프로필에 표시됩니다.",
      "learnMore": "자세히 알아보기"
    },
    "save": "저장",
    "validation": {
      "required": "인스타그램 사용자 이름을 입력해 주세요",
      "invalid": "유효한 사용자 이름을 입력하세요 (공백 없음, 최대 30자)"
    },
    "toast": {
      "fetchFailed": "인스타그램 링크를 가져오지 못했습니다",
      "saved": "인스타그램이 성공적으로 저장되었습니다!",
      "saveFailed": "인스타그램 링크를 업데이트하지 못했습니다. 다시 시도하세요."
    }
  },"home": {
    "search": { "placeholder": "에게 물어보기 또는 검색" },
    "filters": { "all": "전체", "read": "읽음", "unread": "읽지 않음", "groups": "그룹" },
    "groupCreator": { "placeholder": "그룹 이름 입력" },
    "typing": "입력 중...",
    "time": { "yesterday": "어제" },
    "preview": {
      "deleted": "이 메시지는 삭제되었습니다",
      "encrypted": "[암호화됨]",
      "media": {
        "photo": "사진",
        "video": "동영상",
        "audio": "오디오",
        "file": "첨부 파일",
        "generic": "[미디어]"
      }
    },
    "actions": {
      "scan": "QR 스캔",
      "camera": "카메라 열기",
      "menu": "메뉴 열기",
      "contacts": "연락처"
    },
    "scan": {
      "onlyDevice": "바코드 스캔은 실제 기기에서만 작동합니다.",
      "permission": "바코드를 스캔하려면 카메라 권한이 필요합니다.",
      "notFound": "바코드를 찾을 수 없습니다.",
      "error": "스캔 중 오류가 발생했습니다."
    },
    "logout": {
      "header": "로그아웃",
      "message": "세션이 만료되었습니다."
    },
    "alt": { "profile": "프로필" }
  },"menu": {
    "newGroup": "새 그룹",
    "newCommunity": "새 커뮤니티",
    "newBroadcast": "새 방송 (WIP)",
    "starred": "별표 표시 (WIP)",
    "readAll": "모두 읽음 (WIP)",
    "settings": "설정",
    "createChannels": "채널 만들기 (WIP)",
    "statusPrivacy": "상태 공개 설정 (WIP)",
    "clearCallLogs": "통화 기록 지우기 (WIP)"
  },"userabout": {
    "members": "회원",
    "group": "그룹",
    "groups": "그룹",
    "inCommon": "공통",
    "toolbar": {
      "message": "메시지",
      "call": "통화",
      "video": "비디오",
      "add": "추가"
    },
    "defaults": {
      "heyThere": "안녕하세요! 저는 Telldemm을 사용 중입니다.",
      "noGroupDescription": "그룹 설명이 없습니다.",
      "unknown": "알 수 없음",
      "unknownDate": "알 수 없는 날짜",
      "unnamedGroup": "이름 없는 그룹"
    },
    "updatedOn": "업데이트됨",
    "createdByOn": "{{name}} 님이 생성함",
    "media": {
      "title": "미디어, 링크 및 문서"
    },
    "notifications": "알림",
    "mediaVisibility": "미디어 표시",
    "encryption": {
      "title": "암호화",
      "subtitle": "메시지와 통화는 종단 간 암호화됩니다. 확인하려면 탭하세요."
    },
    "disappearing": "사라지는 메시지",
    "chatLock": {
      "title": "채팅 잠금",
      "subtitle": "이 기기에서 이 채팅을 잠그고 숨깁니다."
    },
    "advancedPrivacy": {
      "title": "고급 채팅 프라이버시",
      "off": "꺼짐"
    },
    "createGroupWith": "{{name}} 와 그룹 만들기",
    "commonGroupWith": "{{name}} 와의 공통 그룹",
    "groupMembers": "그룹 멤버",
    "addMembers": "멤버 추가",
    "groupAdmin": "그룹 관리자",
    "viewPastMembers": "지난 멤버 보기",
    "addToFavourites": "즐겨찾기에 추가",
    "addToList": "목록에 추가",
    "block": "{{name}} 차단",
    "unblock": "{{name}} 차단 해제",
    "report": "{{name}} 신고",
    "actions": {
      "message": "메시지",
      "dismissAdmin": "관리자 해제",
      "makeAdmin": "관리자로 지정",
      "removeFromGroup": "그룹에서 제거"
    },
    "toasts": {
      "madeAdmin": "{{name}} 님이 이제 관리자입니다",
      "dismissedAdmin": "{{name}} 님은 더 이상 관리자가 아닙니다",
      "removedFromGroup": "{{name}} 님이 그룹에서 제거되었습니다",
      "blocked": "{{name}} 님이 차단되었습니다.",
      "unblocked": "{{name}} 님 차단이 해제되었습니다.",
      "reported": "{{name}} 님이 신고되었습니다.",
      "reportedAndBlocked": "{{name}} 님이 신고 및 차단되었습니다."
    },
    "errors": {
      "makeAdmin": "{{name}} 님을 관리자 지정 실패",
      "dismissAdmin": "{{name}} 님 관리자 해제 실패",
      "removeMember": "멤버 제거 중 오류 발생"
    },
    "alerts": {
      "block": {
        "header": "연락처 차단",
        "message": "{{name}} 님의 메시지나 전화를 더 이상 받지 않습니다.",
        "cta": "차단"
      },
      "unblock": {
        "header": "연락처 차단 해제",
        "message": "{{name}} 님 차단을 정말 해제하시겠습니까?"
      },
      "report": {
        "header": "연락처 신고",
        "message": "{{name}} 님의 최근 5개 메시지가 신고됩니다. 이 사용자를 차단하시겠습니까?",
        "alsoBlock": "연락처도 차단",
        "cta": "신고"
      }
    }
  },"invite": {
    "header": "친구 초대",
    "actions": {
      "search": "연락처 검색",
      "shareLink": "앱 링크 공유",
      "fromContacts": "연락처에서 초대",
      "invite": "초대"
    },
    "share": {
      "title": "이 앱에서 함께 하자!",
      "subtitle": "어떤 앱으로든 다운로드 링크 보내기",
      "body": "이 멋진 앱을 확인해 보세요. 여기서 다운로드:",
      "button": "공유",
      "success": "링크가 공유되었습니다",
      "copied": "링크가 복사되었습니다"
    },
    "contacts": {
      "title": "연락처에서",
      "subtitle": "전화번호부에서 직접 초대",
      "header": "연락처에서",
      "notOnApp": "아직 앱에 없음"
    },
    "title": "이 앱에서 함께 하자!",
    "text": "이 멋진 앱을 확인해 보세요. 여기서 다운로드:",
    "dialogTitle": "앱 링크 공유",
    "toasts": {
      "openContacts": "연락처 여는 중...",
      "searchContacts": "연락처 검색 탭됨.",
      "invited": "{{phone}} 에게 초대장을 보냈습니다"
    },
    "errors": {
      "shareFailed": "공유 시트를 열 수 없습니다."
    }
  },"community": {
     "manageGroups": {
    "title": "그룹 관리",
    "groups": "그룹",
    "createNew": "새 그룹 만들기",
    "addExisting": "기존 그룹 추가",
    "info": "회원은 기존 그룹을 관리자 승인을 위해 제안하거나 새 그룹을 직접 추가할 수 있습니다. 보기:",
    "settingsLink": "커뮤니티 설정",
    "listHeader": "이 커뮤니티의 그룹",
    "loading": "그룹 불러오는 중...",
    "empty": "이 커뮤니티에 그룹이 없습니다",
    "members": "회원",
    "unnamedGroup": "이름 없는 그룹",
    "remove": {
      "header": "커뮤니티에서 그룹 제거",
      "message": "이 그룹을 커뮤니티에서 제거하시겠습니까? 그룹은 유지되지만 커뮤니티에 속하지 않습니다.",
      "alsoRemoveMembers": "이 그룹의 구성원도 커뮤니티와 그룹에서 제거",
      "cta": "제거",
      "aria": "커뮤니티에서 그룹 제거"
    },
    "toasts": {
      "removed": "그룹이 커뮤니티에서 제거되었고 멤버가 업데이트되었습니다",
      "removeFailed": "그룹 제거에 실패했습니다. 다시 시도하세요."
    }
  },
    "title": "커뮤니티",
    "actions": {
      "qr": "QR 작업 열기",
      "menu": "메뉴 열기"
    },
    "newCommunity": "새 커뮤니티",
    "unnamedCommunity": "이름 없는 커뮤니티",
    "viewAll": "모두 보기",
    "groupType": {
    "normal": "일반 그룹",
    "announcement": "공지 그룹",
    "general": "공용 그룹"
  },
    "newGroup": {
      "header": "새 그룹",
      "placeholder": "그룹 이름",
      "create": "생성"
    },
    "toasts": {
      "groupCreated": "그룹이 생성되었습니다"
    }
  },"community_menu_component": {
    "info": "커뮤니티 정보",
    "invite": "회원 초대",
    "settings": "커뮤니티 설정"
  },
  "group_preview_modal_component": {
    "close": "닫기",
    "groupIcon": "그룹 아이콘",
    "createdBy": "{{name}} 님이 생성함",
    "noMembers": "아직 멤버가 없습니다",
    "noDescription": "설명 없음",
    "communityLabel": "커뮤니티:",
    "joinNote": "참여하면 즉시 멤버가 됩니다.",
    "joinCta": "그룹 참여"
  },"add_existing_groups_page": {
    "header": "기존 그룹 추가",
    "actions": {
      "search": "그룹 검색",
      "confirm": "선택 확인",
      "removeChip": "선택한 그룹 제거"
    },
    "of": "의",
    "selected": "선택됨",
    "banner": "그룹의 모든 사람이 커뮤니티에 추가됩니다.",
    "listHeader": "당신이 관리자인 그룹",
    "loading": "그룹 불러오는 중...",
    "empty": "관리자 그룹을 찾을 수 없습니다",
    "checkboxLabel": "그룹 선택",
    "unnamedGroup": "이름 없는 그룹",
    "toasts": {
      "selectAtLeastOne": "최소한 하나의 그룹을 선택하세요"
    }
  }
}
