{
  "meta": {
    "generatedAt": "2025-09-25T06:49:05.846991Z",
    "note": "Translations for email-edit page.",
    "translated": true,
    "locale": "mr-IN"
  },
  "emailEdit": {
    "title": "ईमेल पत्ता",
    "description": "ईमेल तुम्हाला तुमच्या खात्यात प्रवेश करण्यास मदत करते. तो इतरांना दिसत नाही.",
    "label": "ईमेल",
    "verified": "सत्यापित",
    "placeholder": "you@example.com",
    "edit": "संपादित करा",
    "cancel": "रद्द करा",
    "save": "जतन करा",
    "savedSuccess": "ईमेल यशस्वीरीत्या जतन केला गेला आहे.",
    "validation": {
      "required": "ईमेल आवश्यक आहे.",
      "invalid": "कृपया वैध ईमेल पत्ता प्रविष्ट करा.",
      "maxlength": "ईमेल खूप लांब आहे (कमाल 254 अक्षरे)."
    }
  },
  "helpPage": {
    "title": "मदत",
    "helpCenter": {
      "title": "मदत केंद्र",
      "description": "मदत मिळवा, वारंवार विचारले जाणारे प्रश्न आणि संपर्क पर्याय."
    },
    "terms": {
      "title": "अटी व गोपनीयता धोरण",
      "description": "आमच्या अटी व डेटा धोरण वाचा."
    },
    "channelReports": {
      "title": "चॅनेल रिपोर्ट्स",
      "description": "रिपोर्ट व्यवस्थापित व पहा."
    },
    "appInfo": {
      "title": "अॅप माहिती",
      "description": "आवृत्ती, कायदेशीर व तांत्रिक तपशील."
    }
  },"common": {
    "ok": "ठीक आहे",
    "cancel": "रद्द करा",
    "logout": "लॉग आऊट"
  },
  "settingsPage": {
    "title": "सेटिंग्ज",
    "account": { "title": "खाते", "description": "गोपनीयता, सुरक्षा, क्रमांक बदला" },
    "privacy": { "title": "गोपनीयता", "description": "आपली गोपनीयता सेटिंग्ज नियंत्रित करा" },
    "avatar": { "title": "अवतार", "description": "प्रोफाइल फोटो बदला" },
    "chats": { "title": "चॅट्स", "description": "थीम, वॉलपेपर, बॅकअप" },
    "accessibility": { "title": "सुलभता", "description": "मजकूराचा आकार आणि प्रदर्शन पर्याय" },
    "notifications": { "title": "सूचना", "description": "संदेश, गट आणि कॉल सूचना" },
    "storage": { "title": "स्टोरेज आणि डेटा", "description": "स्टोरेज आणि नेटवर्क वापर व्यवस्थापित करा" },
    "appLanguage": { "title": "अॅप भाषा", "description": "अॅपची भाषा निवडा" },
    "help": { "title": "मदत आणि अभिप्राय", "description": "मदत केंद्र, आमच्याशी संपर्क साधा, अॅप माहिती" },
    "updates": { "title": "अॅप अपडेट्स", "description": "अपडेट तपासा, स्वयंचलित अपडेट" },
    "invite": { "title": "मित्राला आमंत्रित करा", "description": "अॅप संपर्कांसोबत शेअर करा" },
    "logout": {
      "title": "लॉग आऊट",
      "description": "अॅप डेटा साफ करा आणि साइन आउट करा",
      "confirmHeader": "लॉग आऊटची पुष्टी करा",
      "confirmMessage": "तुम्हाला खात्री आहे की तुम्ही लॉग आऊट करून अॅप डेटा साफ करू इच्छिता?",
      "loadingHeader": "लॉग आऊट होत आहे",
      "loadingMessage": "कृपया थांबा...",
      "successHeader": "लॉग आऊट झाले",
      "successMessage": "तुम्ही यशस्वीरित्या लॉग आऊट केले आहे."
    },
    "defaultStatus": "उपलब्ध"
  },
  "appUpdates": {
    "title": "ॲप अपडेट्स",
    "version": "आवृत्ती",
    "latestAvailable": "नवीनतम उपलब्ध",
    "status": "स्थिती",
    "statusMessages": {
      "updateAvailable": "अपडेट उपलब्ध आहे.",
      "upToDate": "आपण नवीनतम आवृत्ती वापरत आहात."
    },
    "badge": {
      "updateAvailable": "अपडेट उपलब्ध",
      "upToDate": "अप-टू-डेट"
    },
    "checkForUpdates": {
      "title": "अपडेट्स तपासा",
      "description": "नवीन आवृत्ती उपलब्ध आहे का ते मॅन्युअली तपासा"
    },
    "checking": "तपासत आहे…",
    "toast": {
      "latest": "आपण नवीनतम आवृत्ती वापरत आहात.",
      "updateAvailable": "अपडेट उपलब्ध: {{version}}",
      "error": "अपडेट तपासता आले नाही. कृपया नंतर पुन्हा प्रयत्न करा."
    }
  },"accountPage": {
    "title": "खाते",
    "securityNotifications": "सुरक्षा सूचना",
    "passkeys": "पासकी",
    "emailAddress": "ईमेल पत्ता",
    "twoStep": "दोन-स्तरीय पडताळणी",
    "changeNumber": "क्रमांक बदला",
    "requestInfo": "खात्याची माहिती मागवा",
    "addAccount": "खाते जोडा",
    "deleteAccount": "खाते हटवा",
    "confirmDelete": {
      "title": "खाते हटवायचे?",
      "message": "ही क्रिया तुमचे खाते आणि डेटा कायमचे हटवेल.",
      "confirm": "हटवा",
      "cancel": "रद्द करा",
      "log": "खाते हटवण्याचे मोडल उघडले"
    }
  },"accessibility": {
  "title": "सुलभता",
  "groups": {
    "displayMotion": "प्रदर्शन आणि हालचाल",
    "interaction": "परस्परसंवाद"
  },
  "increaseContrast": {
    "title": "कॉन्ट्रास्ट वाढवा",
    "desc": "हलक्या मोडमध्ये वाचन सुलभ करण्यासाठी मुख्य रंग गडद करा."
  },
  "reduceMotion": {
    "title": "हालचाल कमी करा",
    "desc": "अॅनिमेटेड स्टिकर्स, GIFs आणि ट्रान्झिशन्स कमी करा."
  },
  "largeText": {
    "title": "मोठा मजकूर",
    "desc": "वाचायला सोपे करण्यासाठी सिस्टम फॉन्ट आकार वाढवा."
  },
  "simpleAnimations": {
    "title": "साधे अॅनिमेशन",
    "desc": "सुलभ वापरासाठी गुंतागुंतीचे अॅनिमेशन कमी करा."
  },
  "grayscale": {
    "title": "ग्रेस्केल मोड",
    "desc": "दृष्टीवरील ताण कमी करण्यासाठी सर्व रंगांना करड्या छटांमध्ये रूपांतरित करा."
  }
}
,"privacyPage": {
    "title": "गोपनीयता",
    "groups": {
      "whoCanSee": "माझी माहिती कोण पाहू शकतो",
      "other": "इतर"
    },
    "lastSeen": {
      "title": "शेवटचे पाहिले आणि ऑनलाइन",
      "desc": "तुमचे शेवटचे पाहिले आणि ऑनलाइन स्थिती कोण पाहू शकते ते नियंत्रित करा"
    },
    "profilePhoto": {
      "title": "प्रोफाइल फोटो",
      "desc": "तुमचा फोटो कोण पाहू शकतो ते निवडा"
    },
    "about": {
      "title": "बद्दल",
      "desc": "तुमची माहिती कोण पाहू शकतो ते नियंत्रित करा"
    },
    "status": {
      "title": "स्टेटस",
      "desc": "तुमची स्टेटस अपडेट्स कोण पाहू शकते ते व्यवस्थापित करा"
    },
    "blocked": {
      "title": "ब्लॉक केलेले संपर्क",
      "desc": "ब्लॉक केलेले वापरकर्ते पहा आणि व्यवस्थापित करा"
    },
    "options": {
      "everyone": "सर्व",
      "contacts": "माझे संपर्क",
      "nobody": "कोणीही नाही"
    }
  },"avatarPage": {
    "title": "तुमचा अवतार तयार करा",
    "previewAlt": "अवतार पूर्वावलोकन",
    "sections": {
      "customization": "सानुकूलन पर्याय"
    },
    "fields": {
      "hair": "केस",
      "accessories": "अॅक्सेसरीज",
      "hairColor": "केसांचा रंग",
      "eyes": "डोळे",
      "mouth": "तोंड",
      "clothes": "कपडे",
      "skin": "त्वचा"
    },
    "placeholders": {
      "hair": "केसांची शैली निवडा",
      "accessories": "अॅक्सेसरीज निवडा",
      "hairColor": "केसांचा रंग निवडा",
      "eyes": "डोळ्यांची शैली निवडा",
      "mouth": "तोंडाची शैली निवडा",
      "clothes": "कपडे निवडा",
      "skin": "त्वचेचा रंग निवडा"
    },
    "buttons": {
      "download": "डाउनलोड",
      "downloading": "डाउनलोड होत आहे…",
      "save": "जतन करा"
    },
    "toast": {
      "saved": "अवतार पर्याय स्थानिक पातळीवर जतन केले गेले.",
      "downloadError": "डाउनलोड अयशस्वी झाले. कृपया पुन्हा प्रयत्न करा."
    }
  },"notifications": {
    "title": "सूचना",
    "highPriority": {
      "title": "उच्च प्राधान्य सूचना वापरा",
      "desc": "डू नॉट डिस्टर्ब सुरू असतानाही आवाज आणि पूर्वावलोकनासह सूचना मिळवा"
    },
    "message": {
      "title": "संदेश सूचना",
      "desc": "संदेशांसाठी अलर्ट सानुकूलित करा"
    },
    "group": {
      "title": "गट चॅट सूचना",
      "desc": "गट चॅटसाठी सूचना व्यवस्थापित करा"
    },
    "call": {
      "title": "कॉल सूचना",
      "desc": "रिंगटोन आणि व्हायब्रेशन सेटिंग्ज"
    }
  },"storage": {
    "title": "स्टोरेज आणि डेटा",
    "totalUsedHuman": "{{used}} MB पैकी {{total}} MB",
    "cards": {
      "usage": {
        "title": "स्टोरेज वापर",
        "used": "{{mb}} MB वापरले",
        "total": "एकूण {{mb}} MB"
      }
    },
    "sections": {
      "network": "नेटवर्क वापर",
      "manage": "व्यवस्थापित करा"
    },
    "network": {
      "sent": {
        "title": "पाठवलेला डेटा",
        "subtitle": "{{val}}"
      },
      "received": {
        "title": "प्राप्त डेटा",
        "subtitle": "{{val}}"
      }
    },
    "manage": {
      "title": "स्टोरेज व्यवस्थापित करा",
      "desc": "मोठ्या फाईल्स, चॅट्स आणि मीडिया पुनरावलोकन करा आणि हटवा"
    },
    "autoDownload": {
      "title": "मीडिया ऑटो-डाउनलोड",
      "desc": "मोबाईल/वाय-फाय/रोमिंगवर काय डाउनलोड होईल ते नियंत्रित करा"
    },
    "actions": {
      "analyze": "विश्लेषण करा",
      "clearCache": "कॅश साफ करा",
      "resetStats": "आकडेवारी रीसेट करा"
    },
    "toast": {
      "cleared": "{{mb}} MB कॅश साफ केले",
      "statsReset": "नेटवर्क आकडेवारी रीसेट केली"
    }
  },"chats": {
    "title": "चॅट्स",
    "sections": {
      "appearance": "देखावा",
      "behavior": "संदेशाचे वर्तन",
      "management": "चॅट व्यवस्थापन"
    },
    "items": {
      "theme": {
        "title": "थीम",
        "sub": "सिस्टम डिफॉल्ट"
      },
      "chatTheme": {
        "title": "डिफॉल्ट चॅट थीम",
        "sub": "वॉलपेपर किंवा थीम निवडा"
      },
      "fontSize": {
        "title": "फॉन्ट आकार",
        "sub": "मध्यम"
      },
      "enterToSend": {
        "title": "एंटरने पाठवा",
        "sub": "संदेश पाठवण्यासाठी Enter दाबा"
      },
      "mediaVisibility": {
        "title": "मीडिया दृश्यता",
        "sub": "नवीन डाउनलोड केलेले मीडिया गॅलरीमध्ये दाखवा"
      },
      "keepArchived": {
        "title": "चॅट्स आर्काइव्ह ठेवा",
        "sub": "नवीन संदेश आल्यावर आर्काइव्ह केलेले चॅट्स आर्काइव्हमध्येच राहतील"
      },
      "transcripts": {
        "title": "व्हॉइस संदेश लिप्यंतर",
        "sub": "नवीन व्हॉइस संदेश आपोआप लिप्यंतरित करा"
      },
      "backup": {
        "title": "चॅट बॅकअप",
        "sub": "संदेशांचे बॅकअप क्लाउड स्टोरेजमध्ये घ्या"
      },
      "transfer": {
        "title": "चॅट्स ट्रान्सफर करा",
        "sub": "डिव्हाइसेस दरम्यान चॅट्स हलवा"
      },
      "history": {
        "title": "चॅट इतिहास",
        "sub": "सर्व चॅट्स एक्सपोर्ट, आर्काइव्ह, क्लिअर किंवा डिलीट करा"
      }
    },
    "toasts": {
      "enter": {
        "enabled": "एंटर-टू-सेंड सुरू केले",
        "disabled": "एंटर-टू-सेंड बंद केले"
      },
      "media": {
        "on": "मीडिया दृश्यता सुरू",
        "off": "मीडिया दृश्यता बंद"
      },
      "archived": {
        "enabled": "आर्काइव्ह ठेवणे सुरू",
        "disabled": "आर्काइव्ह ठेवणे बंद"
      },
      "transcripts": {
        "enabled": "व्हॉइस संदेश लिप्यंतर सुरू",
        "disabled": "व्हॉइस संदेश लिप्यंतर बंद"
      },
      "backup": {
        "starting": "बॅकअप सुरू करत आहे…",
        "done": "बॅकअप पूर्ण झाले"
      }
    }
  },"profilePage": {
    "title": "प्रोफाइल",
    "imageAlt": "प्रोफाइल चित्र",
    "buttons": {
      "edit": "संपादित करा",
      "addLinks": "लिंक्स जोडा",
      "cancel": "रद्द करा"
    },
    "fields": {
      "name": "नाव",
      "about": "माहिती",
      "phone": "फोन",
      "links": "लिंक्स"
    },
    "actions": {
      "source": {
        "header": "प्रतिमा स्त्रोत निवडा",
        "camera": "कॅमेरा",
        "gallery": "गॅलरी"
      }
    },
    "loading": {
      "openingCamera": "कॅमेरा उघडला जात आहे...",
      "processing": "प्रतिमा प्रक्रिया सुरू...",
      "updating": "प्रोफाइल चित्र अपडेट होत आहे..."
    },
    "validation": {
      "size": "प्रतिमेचा आकार 5MB पेक्षा कमी असावा",
      "type": "कृपया वैध प्रतिमा फाइल निवडा (JPEG, PNG, WebP)"
    },
    "toast": {
      "loadFailed": "प्रोफाइल डेटा लोड करण्यात अयशस्वी",
      "imageLoadFailed": "प्रोफाइल चित्र लोड करण्यात अयशस्वी",
      "selectFailed": "प्रतिमा निवडण्यात अयशस्वी. कृपया पुन्हा प्रयत्न करा.",
      "processFailed": "प्रतिमा प्रक्रियेमध्ये त्रुटी. कृपया पुन्हा प्रयत्न करा.",
      "noUser": "वापरकर्ता आयडी सापडला नाही",
      "updated": "प्रोफाइल चित्र यशस्वीरीत्या अपडेट झाले!",
      "updateFailed": "प्रोफाइल चित्र अपडेट करण्यात अयशस्वी"
    }
  },"footerTabs": {
    "chat": "चॅट",
    "updates": "अपडेट्स",
    "communities": "समुदाय",
    "calls": "कॉल्स",
    "badges": {
      "unreadChats": "{{count}} न वाचलेल्या चॅट्स",
      "unreadUpdates": "{{count}} अपडेट्स"
    }
  },"socialLinks": {
    "title": "लिंक्स",
    "intro": "तुमच्या प्रोफाइलमध्ये लिंक्स जोडल्याने तुमचे संपर्क सहजपणे तुमची इतर प्रोफाइल पाहू शकतात.",
    "instagram": {
      "title": "इंस्टाग्राम",
      "add": "तुमचे इंस्टाग्राम जोडा"
    },
    "actions": {
      "add": "जोडा",
      "edit": "संपादित करा"
    },
    "privacy": {
      "note": "कोण तुमचे लिंक्स पाहू शकते हे व्यवस्थापित करण्यासाठी जा",
      "link": "गोपनीयता सेटिंग्ज"
    }
  },
  "addInstagram": {
    "title": "इंस्टाग्राम जोडा",
    "loading": "लोड होत आहे...",
    "saving": "जतन करत आहे...",
    "usernameLabel": "इंस्टाग्राम वापरकर्तानाव",
    "usernamePlaceholder": "username",
    "hint": {
      "text": "इंस्टाग्राम वापरकर्तानाव जोडल्यावर ते तुमच्या प्रोफाइलवर दिसेल.",
      "learnMore": "अधिक जाणून घ्या"
    },
    "save": "जतन करा",
    "validation": {
      "required": "कृपया तुमचे इंस्टाग्राम वापरकर्तानाव प्रविष्ट करा",
      "invalid": "वैध वापरकर्तानाव प्रविष्ट करा (स्पेस नाही, जास्तीत जास्त 30 अक्षरे)"
    },
    "toast": {
      "fetchFailed": "इंस्टाग्राम लिंक आणण्यात अयशस्वी",
      "saved": "इंस्टाग्राम यशस्वीरित्या जतन केले!",
      "saveFailed": "इंस्टाग्राम लिंक अपडेट करण्यात अयशस्वी. पुन्हा प्रयत्न करा."
    }
  }, "home": {
    "search": { "placeholder": " ला विचारा किंवा शोधा" },
    "filters": { "all": "सर्व", "read": "वाचलेले", "unread": "न वाचलेले", "groups": "गट" },
    "groupCreator": { "placeholder": "गटाचे नाव प्रविष्ट करा" },
    "typing": "टाइप करत आहे...",
    "time": { "yesterday": "काल" },
    "preview": {
      "deleted": "हा संदेश हटविण्यात आला आहे",
      "encrypted": "[एन्क्रिप्टेड]",
      "media": {
        "photo": "फोटो",
        "video": "व्हिडिओ",
        "audio": "ऑडिओ",
        "file": "जोडणी",
        "generic": "[मीडिया]"
      }
    },
    "actions": {
      "scan": "QR स्कॅन करा",
      "camera": "कॅमेरा उघडा",
      "menu": "मेनू उघडा",
      "contacts": "संपर्क"
    },
    "scan": {
      "onlyDevice": "बारकोड स्कॅनिंग फक्त खऱ्या डिव्हाइसवर कार्य करते.",
      "permission": "बारकोड स्कॅन करण्यासाठी कॅमेरा परवानगी आवश्यक आहे.",
      "notFound": "कोणताही बारकोड सापडला नाही.",
      "error": "स्कॅनिंगदरम्यान काहीतरी चूक झाली."
    },
    "logout": {
      "header": "लॉगआउट",
      "message": "सत्राची वेळ संपली/कालबाह्य झाले."
    },
    "alt": { "profile": "प्रोफाइल" }
  }, "menu": {
    "newGroup": "नवीन गट",
    "newCommunity": "नवीन कम्युनिटी",
    "newBroadcast": "नवीन प्रसारण (WIP)",
    "starred": "स्टार केलेले (WIP)",
    "readAll": "सर्व वाचा (WIP)",
    "settings": "सेटिंग्ज",
    "createChannels": "चॅनेल तयार करा (WIP)",
    "statusPrivacy": "स्टेटस प्रायव्हसी (WIP)",
    "clearCallLogs": "कॉल लॉग्स साफ करा (WIP)"
  },"userabout": {
    "members": "सदस्य",
    "group": "गट",
    "groups": "गट",
    "inCommon": "सामान्य",
    "toolbar": {
      "message": "संदेश",
      "call": "कॉल",
      "video": "व्हिडिओ",
      "add": "जोडा"
    },
    "defaults": {
      "heyThere": "हाय! मी Telldemm वापरत आहे.",
      "noGroupDescription": "गटाचे वर्णन नाही.",
      "unknown": "अज्ञात",
      "unknownDate": "अज्ञात तारीख",
      "unnamedGroup": "नाव नसलेला गट"
    },
    "updatedOn": "अपडेट केले",
    "createdByOn": "{{name}} ने तयार केले",
    "media": {
      "title": "मीडिया, लिंक्स आणि दस्तऐवज"
    },
    "notifications": "सूचना",
    "mediaVisibility": "मीडिया दृश्यता",
    "encryption": {
      "title": "एन्क्रिप्शन",
      "subtitle": "संदेश आणि कॉल एंड-टू-एंड एन्क्रिप्टेड आहेत. पडताळण्यासाठी टॅप करा."
    },
    "disappearing": "गायब होणारे संदेश",
    "chatLock": {
      "title": "चॅट लॉक",
      "subtitle": "या डिव्हाइसवर ही चॅट लॉक करा आणि लपवा."
    },
    "advancedPrivacy": {
      "title": "प्रगत चॅट गोपनीयता",
      "off": "बंद"
    },
    "createGroupWith": "{{name}} सोबत गट तयार करा",
    "commonGroupWith": "{{name}} सोबत सामान्य गट",
    "groupMembers": "गट सदस्य",
    "addMembers": "सदस्य जोडा",
    "groupAdmin": "गट प्रशासक",
    "viewPastMembers": "माजी सदस्य पहा",
    "addToFavourites": "फेव्हरिटमध्ये जोडा",
    "addToList": "यादीत जोडा",
    "block": "{{name}} ला ब्लॉक करा",
    "unblock": "{{name}} ला अनब्लॉक करा",
    "report": "{{name}} ची तक्रार करा",
    "actions": {
      "message": "संदेश",
      "dismissAdmin": "प्रशासकातून काढा",
      "makeAdmin": "प्रशासक बनवा",
      "removeFromGroup": "गटातून काढा"
    },
    "toasts": {
      "madeAdmin": "{{name}} आता प्रशासक आहे",
      "dismissedAdmin": "{{name}} आता प्रशासक नाही",
      "removedFromGroup": "{{name}} गटातून काढण्यात आला आहे",
      "blocked": "{{name}} ब्लॉक केले आहे.",
      "unblocked": "{{name}} अनब्लॉक केले आहे.",
      "reported": "{{name}} ची तक्रार करण्यात आली आहे.",
      "reportedAndBlocked": "{{name}} ची तक्रार आणि ब्लॉक करण्यात आला आहे."
    },
    "errors": {
      "makeAdmin": "{{name}} ला प्रशासक बनवण्यात अयशस्वी",
      "dismissAdmin": "{{name}} ला काढण्यात अयशस्वी",
      "removeMember": "सदस्य काढताना त्रुटी"
    },
    "alerts": {
      "block": {
        "header": "संपर्क ब्लॉक करा",
        "message": "आपल्याला आता {{name}} कडून संदेश किंवा कॉल प्राप्त होणार नाहीत.",
        "cta": "ब्लॉक"
      },
      "unblock": {
        "header": "संपर्क अनब्लॉक करा",
        "message": "आपण {{name}} ला अनब्लॉक करू इच्छिता याची खात्री आहे का?"
      },
      "report": {
        "header": "संपर्काची तक्रार करा",
        "message": "{{name}} कडील शेवटच्या 5 संदेशांची तक्रार केली जाईल. आपण हा वापरकर्ता देखील ब्लॉक करू इच्छिता?",
        "alsoBlock": "संपर्कालाही ब्लॉक करा",
        "cta": "तक्रार"
      }
    }
  },"invite": {
    "header": "मित्राला आमंत्रित करा",
    "actions": {
      "search": "संपर्क शोधा",
      "shareLink": "ऍप लिंक शेअर करा",
      "fromContacts": "संपर्कातून आमंत्रित करा",
      "invite": "आमंत्रित करा"
    },
    "share": {
      "title": "या ऍपवर माझ्यासोबत जोडा!",
      "subtitle": "कोणत्याही ऍपमधून डाउनलोड लिंक पाठवा",
      "body": "हे अप्रतिम ऍप पाहा. येथे डाउनलोड करा:",
      "button": "शेअर करा",
      "success": "लिंक शेअर झाली",
      "copied": "लिंक कॉपी झाली"
    },
    "contacts": {
      "title": "संपर्कातून",
      "subtitle": "फोनबुकमधून थेट आमंत्रित करा",
      "header": "संपर्कातून",
      "notOnApp": "अजून ऍपवर नाहीत"
    },
    "title": "या ऍपवर माझ्यासोबत जोडा!",
    "text": "हे अप्रतिम ऍप पाहा. येथे डाउनलोड करा:",
    "dialogTitle": "ऍप लिंक शेअर करा",
    "toasts": {
      "openContacts": "संपर्क उघडत आहोत...",
      "searchContacts": "संपर्क शोध टॅप केला.",
      "invited": "{{phone}} ला आमंत्रण पाठवले"
    },
    "errors": {
      "shareFailed": "शेअर शीट उघडता आली नाही."
    }
  },
  "community": {
    "manageGroups": {
    "title": "गट व्यवस्थापित करा",
    "groups": "गट",
    "createNew": "नवीन गट तयार करा",
    "addExisting": "विद्यमान गट जोडा",
    "info": "सदस्य विद्यमान गट अॅडमिन मंजुरीसाठी सुचवू शकतात आणि नवीन गट थेट जोडू शकतात. पहा",
    "settingsLink": "समुदाय सेटिंग्ज",
    "listHeader": "या समुदायातील गट",
    "loading": "गट लोड होत आहेत...",
    "empty": "या समुदायासाठी कोणतेही गट आढळले नाहीत",
    "members": "सदस्य",
    "unnamedGroup": "नाव नसलेला गट",
    "remove": {
      "header": "समुदायातून गट काढा",
      "message": "तुम्हाला हा गट समुदायातून काढायचा आहे का? गट राहील परंतु समुदायाचा भाग राहणार नाही.",
      "alsoRemoveMembers": "या गटातील सदस्यांनाही समुदाय आणि गटातून काढा",
      "cta": "काढा",
      "aria": "समुदायातून गट काढा"
    },
    "toasts": {
      "removed": "गट समुदायातून काढण्यात आला आणि सदस्य अद्यतनित झाले",
      "removeFailed": "गट काढण्यात अयशस्वी. पुन्हा प्रयत्न करा."
    }
  },
    "title": "समुदाय",
    "actions": {
      "qr": "QR क्रिया उघडा",
      "menu": "मेनू उघडा"
    },
    "newCommunity": "नवीन समुदाय",
    "unnamedCommunity": "नाव नसलेला समुदाय",
    "viewAll": "सर्व पहा",
     "groupType": {
    "normal": "सामान्य गट",
    "announcement": "जाहिरात गट",
    "general": "जनरल गट"
  },
    "newGroup": {
      "header": "नवीन गट",
      "placeholder": "गटाचे नाव",
      "create": "तयार करा"
    },
    "toasts": {
      "groupCreated": "गट तयार केला गेला"
    }
  },"community_menu_component": {
    "info": "समुदाय माहिती",
    "invite": "सदस्यांना आमंत्रित करा",
    "settings": "समुदाय सेटिंग्ज"
  },
  "group_preview_modal_component": {
    "close": "बंद करा",
    "groupIcon": "गट चिन्ह",
    "createdBy": "{{name}} यांनी तयार केले",
    "noMembers": "अजून कोणतेही सदस्य नाहीत",
    "noDescription": "वर्णन उपलब्ध नाही",
    "communityLabel": "समुदाय:",
    "joinNote": "जोडताच आपण लगेच सदस्य व्हाल.",
    "joinCta": "गटात सामील व्हा"
  },"add_existing_groups_page": {
    "header": "विद्यमान गट जोडा",
    "actions": {
      "search": "गट शोधा",
      "confirm": "निवड पुष्टी करा",
      "removeChip": "निवडलेला गट काढा"
    },
    "of": "पैकी",
    "selected": "निवडलेले",
    "banner": "गटातील सर्वांना समुदायात जोडले जाईल.",
    "listHeader": "ज्या गटांचे आपण प्रशासक आहात",
    "loading": "गट लोड होत आहेत...",
    "empty": "कोणतेही प्रशासक गट आढळले नाहीत",
    "checkboxLabel": "गट निवडा",
    "unnamedGroup": "नाव नसलेला गट",
    "toasts": {
      "selectAtLeastOne": "किमान एक गट निवडा"
    }
  }

}
