{
  "meta": {
    "generatedAt": "2025-09-25T06:49:05.846991Z",
    "note": "Translations for email-edit page.",
    "translated": true,
    "locale": "pa-IN"
  },
  "emailEdit": {
    "title": "ਈਮੇਲ ਪਤਾ",
    "description": "ਈਮੇਲ ਤੁਹਾਨੂੰ ਆਪਣੇ ਖਾਤੇ ਤੱਕ ਪਹੁੰਚ ਕਰਨ ਵਿੱਚ ਮਦਦ ਕਰਦਾ ਹੈ। ਇਹ ਹੋਰਨਾਂ ਨੂੰ ਦਿਖਾਈ ਨਹੀਂ ਦਿੰਦਾ।",
    "label": "ਈਮੇਲ",
    "verified": "ਪ੍ਰਮਾਣਿਤ",
    "placeholder": "you@example.com",
    "edit": "ਸੋਧੋ",
    "cancel": "ਰੱਦ ਕਰੋ",
    "save": "ਸੰਭਾਲੋ",
    "savedSuccess": "ਈਮੇਲ ਸਫਲਤਾਪੂਰਵਕ ਸੰਭਾਲਿਆ ਗਿਆ ਹੈ।",
    "validation": {
      "required": "ਈਮੇਲ ਲਾਜ਼ਮੀ ਹੈ।",
      "invalid": "ਕਿਰਪਾ ਕਰਕੇ ਇੱਕ ਵੈਧ ਈਮੇਲ ਪਤਾ ਦਰਜ ਕਰੋ।",
      "maxlength": "ਈਮੇਲ ਬਹੁਤ ਲੰਬਾ ਹੈ (ਵੱਧ ਤੋਂ ਵੱਧ 254 ਅੱਖਰ)।"
    }
  },
  "helpPage": {
    "title": "ਸਹਾਇਤਾ",
    "helpCenter": {
      "title": "ਸਹਾਇਤਾ ਕੇਂਦਰ",
      "description": "ਸਹਾਇਤਾ ਪ੍ਰਾਪਤ ਕਰੋ, ਅਕਸਰ ਪੁੱਛੇ ਜਾਣ ਵਾਲੇ ਪ੍ਰਸ਼ਨ ਅਤੇ ਸੰਪਰਕ ਵਿਕਲਪ।"
    },
    "terms": {
      "title": "ਸ਼ਰਤਾਂ ਅਤੇ ਗੋਪਨੀਯਤਾ ਨੀਤੀ",
      "description": "ਸਾਡੀਆਂ ਸ਼ਰਤਾਂ ਅਤੇ ਡੇਟਾ ਨੀਤੀ ਪੜ੍ਹੋ।"
    },
    "channelReports": {
      "title": "ਚੈਨਲ ਰਿਪੋਰਟਸ",
      "description": "ਰਿਪੋਰਟਾਂ ਪ੍ਰਬੰਧਤ ਅਤੇ ਵੇਖੋ।"
    },
    "appInfo": {
      "title": "ਐਪ ਜਾਣਕਾਰੀ",
      "description": "ਵਰਜ਼ਨ, ਕਾਨੂੰਨੀ ਅਤੇ ਤਕਨੀਕੀ ਵੇਰਵੇ।"
    }
  },"common": {
    "ok": "ਠੀਕ ਹੈ",
    "cancel": "ਰੱਦ ਕਰੋ",
    "logout": "ਲਾੱਗ ਆਉਟ"
  },
  "settingsPage": {
    "title": "ਸੈਟਿੰਗਜ਼",
    "account": { "title": "ਖਾਤਾ", "description": "ਪ੍ਰਾਈਵੇਸੀ, ਸੁਰੱਖਿਆ, ਨੰਬਰ ਬਦਲੋ" },
    "privacy": { "title": "ਪ੍ਰਾਈਵੇਸੀ", "description": "ਆਪਣੀਆਂ ਪ੍ਰਾਈਵੇਸੀ ਸੈਟਿੰਗਜ਼ ਕੰਟਰੋਲ ਕਰੋ" },
    "avatar": { "title": "ਅਵਤਾਰ", "description": "ਪ੍ਰੋਫਾਈਲ ਤਸਵੀਰ ਬਦਲੋ" },
    "chats": { "title": "ਚੈਟਾਂ", "description": "ਥੀਮ, ਵਾਲਪੇਪਰ, ਬੈਕਅੱਪ" },
    "accessibility": { "title": "ਪਹੁੰਚਯੋਗਤਾ", "description": "ਲਿਖਤ ਦਾ ਆਕਾਰ ਅਤੇ ਪ੍ਰਦਰਸ਼ਨ ਵਿਕਲਪ" },
    "notifications": { "title": "ਨੋਟੀਫਿਕੇਸ਼ਨ", "description": "ਸੁਨੇਹੇ, ਸਮੂਹ ਅਤੇ ਕਾਲ ਅਲਰਟ" },
    "storage": { "title": "ਸਟੋਰੇਜ ਅਤੇ ਡਾਟਾ", "description": "ਸਟੋਰੇਜ ਅਤੇ ਨੈੱਟਵਰਕ ਵਰਤੋਂ ਪ੍ਰਬੰਧਿਤ ਕਰੋ" },
    "appLanguage": { "title": "ਐਪ ਭਾਸ਼ਾ", "description": "ਐਪ ਭਾਸ਼ਾ ਚੁਣੋ" },
    "help": { "title": "ਮਦਦ ਅਤੇ ਫੀਡਬੈਕ", "description": "ਮਦਦ ਕੇਂਦਰ, ਸਾਡੇ ਨਾਲ ਸੰਪਰਕ ਕਰੋ, ਐਪ ਜਾਣਕਾਰੀ" },
    "updates": { "title": "ਐਪ ਅੱਪਡੇਟ", "description": "ਅੱਪਡੇਟ ਚੈੱਕ ਕਰੋ, ਆਟੋਮੈਟਿਕ ਅੱਪਡੇਟ" },
    "invite": { "title": "ਦੋਸਤ ਨੂੰ ਸੱਦਾ ਦਿਓ", "description": "ਐਪ ਸੰਪਰਕਾਂ ਨਾਲ ਸਾਂਝੀ ਕਰੋ" },
    "logout": {
      "title": "ਲਾੱਗ ਆਉਟ",
      "description": "ਐਪ ਡਾਟਾ ਸਾਫ ਕਰੋ ਅਤੇ ਸਾਈਨ ਆਉਟ ਕਰੋ",
      "confirmHeader": "ਲਾੱਗ ਆਉਟ ਦੀ ਪੁਸ਼ਟੀ ਕਰੋ",
      "confirmMessage": "ਕੀ ਤੁਸੀਂ ਯਕੀਨੀ ਤੌਰ 'ਤੇ ਲਾੱਗ ਆਉਟ ਕਰਨਾ ਅਤੇ ਐਪ ਡਾਟਾ ਸਾਫ ਕਰਨਾ ਚਾਹੁੰਦੇ ਹੋ?",
      "loadingHeader": "ਲਾੱਗ ਆਉਟ ਕੀਤਾ ਜਾ ਰਿਹਾ ਹੈ",
      "loadingMessage": "ਕਿਰਪਾ ਕਰਕੇ ਉਡੀਕ ਕਰੋ...",
      "successHeader": "ਲਾੱਗ ਆਉਟ ਹੋ ਗਿਆ",
      "successMessage": "ਤੁਸੀਂ ਸਫਲਤਾਪੂਰਵਕ ਲਾੱਗ ਆਉਟ ਕਰ ਦਿੱਤਾ ਹੈ।"
    },
    "defaultStatus": "ਉਪਲਬਧ"
  },
  "appUpdates": {
    "title": "ਐਪ ਅੱਪਡੇਟਸ",
    "version": "ਵਰਜਨ",
    "latestAvailable": "ਤਾਜ਼ਾ ਉਪਲਬਧ",
    "status": "ਸਥਿਤੀ",
    "statusMessages": {
      "updateAvailable": "ਇੱਕ ਅੱਪਡੇਟ ਉਪਲਬਧ ਹੈ।",
      "upToDate": "ਤੁਸੀਂ ਤਾਜ਼ਾ ਵਰਜਨ ਵਰਤ ਰਹੇ ਹੋ।"
    },
    "badge": {
      "updateAvailable": "ਅੱਪਡੇਟ ਉਪਲਬਧ",
      "upToDate": "ਅਪ-ਟੂ-ਡੇਟ"
    },
    "checkForUpdates": {
      "title": "ਅੱਪਡੇਟਸ ਦੀ ਜਾਂਚ ਕਰੋ",
      "description": "ਮੈਨੁਅਲ ਤੌਰ 'ਤੇ ਚੈਕ ਕਰੋ ਕਿ ਨਵਾਂ ਵਰਜਨ ਉਪਲਬਧ ਹੈ ਜਾਂ ਨਹੀਂ"
    },
    "checking": "ਜਾਂਚ ਕੀਤੀ ਜਾ ਰਹੀ ਹੈ…",
    "toast": {
      "latest": "ਤੁਸੀਂ ਤਾਜ਼ਾ ਵਰਜਨ ਵਰਤ ਰਹੇ ਹੋ।",
      "updateAvailable": "ਅੱਪਡੇਟ ਉਪਲਬਧ: {{version}}",
      "error": "ਅੱਪਡੇਟਸ ਦੀ ਜਾਂਚ ਨਹੀਂ ਹੋ ਸਕੀ। ਬਾਅਦ ਵਿੱਚ ਦੁਬਾਰਾ ਕੋਸ਼ਿਸ਼ ਕਰੋ।"
    }
  }, "accountPage": {
    "title": "ਖਾਤਾ",
    "securityNotifications": "ਸੁਰੱਖਿਆ ਸੂਚਨਾਵਾਂ",
    "passkeys": "ਪਾਸਕੀ",
    "emailAddress": "ਈਮੇਲ ਪਤਾ",
    "twoStep": "ਦੋ-ਕਦਮ ਪ੍ਰਮਾਣਿਕਤਾ",
    "changeNumber": "ਨੰਬਰ ਬਦਲੋ",
    "requestInfo": "ਖਾਤੇ ਦੀ ਜਾਣਕਾਰੀ ਦੀ ਬੇਨਤੀ ਕਰੋ",
    "addAccount": "ਖਾਤਾ ਜੋੜੋ",
    "deleteAccount": "ਖਾਤਾ ਮਿਟਾਓ",
    "confirmDelete": {
      "title": "ਖਾਤਾ ਮਿਟਾਉਣਾ ਹੈ?",
      "message": "ਇਹ ਕਾਰਵਾਈ ਤੁਹਾਡਾ ਖਾਤਾ ਅਤੇ ਡਾਟਾ ਸਥਾਈ ਤੌਰ 'ਤੇ ਮਿਟਾ ਦੇਵੇਗੀ।",
      "confirm": "ਮਿਟਾਓ",
      "cancel": "ਰੱਦ ਕਰੋ",
      "log": "ਖਾਤਾ ਮਿਟਾਉਣ ਵਾਲਾ ਮੋਡਲ ਖੋਲ੍ਹਿਆ ਗਿਆ"
    }
  },"accessibility": {
  "title": "ਪਹੁੰਚ ਯੋਗਤਾ",
  "groups": {
    "displayMotion": "ਡਿਸਪਲੇਅ ਅਤੇ ਹਿਲਚਲ",
    "interaction": "ਇੰਟਰੈਕਸ਼ਨ"
  },
  "increaseContrast": {
    "title": "ਕਾਂਟ੍ਰਾਸਟ ਵਧਾਓ",
    "desc": "ਹਲਕੇ ਮੋਡ ਵਿੱਚ ਪੜ੍ਹਨਯੋਗਤਾ ਸੁਧਾਰਨ ਲਈ ਮੁੱਖ ਰੰਗਾਂ ਨੂੰ ਗੂੜ੍ਹਾ ਕਰੋ।"
  },
  "reduceMotion": {
    "title": "ਹਿਲਚਲ ਘਟਾਓ",
    "desc": "ਐਨੀਮੇਟਡ ਸਟਿਕਰ, GIF ਅਤੇ ਟ੍ਰਾਂਜ਼ੀਸ਼ਨ ਘਟਾਓ।"
  },
  "largeText": {
    "title": "ਵੱਡਾ ਟੈਕਸਟ",
    "desc": "ਆਸਾਨ ਪੜ੍ਹਨ ਲਈ ਸਿਸਟਮ ਫੌਂਟ ਆਕਾਰ ਵਧਾਓ।"
  },
  "simpleAnimations": {
    "title": "ਸਰਲ ਐਨੀਮੇਸ਼ਨ",
    "desc": "ਸੌਖੀ ਇੰਟਰੈਕਸ਼ਨ ਲਈ ਜਟਿਲ ਐਨੀਮੇਸ਼ਨ ਘਟਾਓ।"
  },
  "grayscale": {
    "title": "ਗ੍ਰੇਸਕੇਲ ਮੋਡ",
    "desc": "ਦ੍ਰਿਸ਼ਟੀਕੋਣ ਥਕਾਵਟ ਘਟਾਉਣ ਲਈ ਸਾਰੇ ਰੰਗਾਂ ਨੂੰ ਸਲੇਟੀ ਰੰਗ ਵਿੱਚ ਬਦਲੋ।"
  }
}
, "privacyPage": {
    "title": "ਪਰਾਈਵੇਸੀ",
    "groups": {
      "whoCanSee": "ਮੇਰੀ ਜਾਣਕਾਰੀ ਕੌਣ ਦੇਖ ਸਕਦਾ ਹੈ",
      "other": "ਹੋਰ"
    },
    "lastSeen": {
      "title": "ਆਖਰੀ ਵਾਰ ਵੇਖਿਆ ਅਤੇ ਆਨਲਾਈਨ",
      "desc": "ਕੌਣ ਤੁਹਾਡੀ ਆਖਰੀ ਵਾਰ ਵੇਖੀ ਅਤੇ ਆਨਲਾਈਨ ਸਥਿਤੀ ਦੇਖ ਸਕਦਾ ਹੈ, ਨਿਯੰਤਰਣ ਕਰੋ"
    },
    "profilePhoto": {
      "title": "ਪ੍ਰੋਫਾਈਲ ਫੋਟੋ",
      "desc": "ਚੁਣੋ ਕੌਣ ਤੁਹਾਡੀ ਫੋਟੋ ਦੇਖ ਸਕਦਾ ਹੈ"
    },
    "about": {
      "title": "ਬਾਰੇ",
      "desc": "ਕੌਣ ਤੁਹਾਡੀ ਬਾਰੇ ਜਾਣਕਾਰੀ ਦੇਖ ਸਕਦਾ ਹੈ, ਨਿਯੰਤਰਣ ਕਰੋ"
    },
    "status": {
      "title": "ਸਟੇਟਸ",
      "desc": "ਕੌਣ ਤੁਹਾਡੇ ਸਟੇਟਸ ਅਪਡੇਟਸ ਦੇਖ ਸਕਦਾ ਹੈ, ਮੈਨੇਜ ਕਰੋ"
    },
    "blocked": {
      "title": "ਬਲੌਕ ਕੀਤੇ ਸੰਪਰਕ",
      "desc": "ਬਲੌਕ ਕੀਤੇ ਵਰਤੋਂਕਾਰ ਵੇਖੋ ਅਤੇ ਮੈਨੇਜ ਕਰੋ"
    },
    "options": {
      "everyone": "ਸਾਰੇ",
      "contacts": "ਮੇਰੇ ਸੰਪਰਕ",
      "nobody": "ਕੋਈ ਨਹੀਂ"
    }
  },"avatarPage": {
    "title": "ਆਪਣਾ ਅਵਤਾਰ ਬਣਾਓ",
    "previewAlt": "ਅਵਤਾਰ ਪ੍ਰੀਵਿਊ",
    "sections": {
      "customization": "ਕਸਟਮਾਈਜ਼ੇਸ਼ਨ ਵਿਕਲਪ"
    },
    "fields": {
      "hair": "ਵਾਲ",
      "accessories": "ਐਕਸੈਸਰੀਜ਼",
      "hairColor": "ਵਾਲਾਂ ਦਾ ਰੰਗ",
      "eyes": "ਅੱਖਾਂ",
      "mouth": "ਮੂੰਹ",
      "clothes": "ਕੱਪੜੇ",
      "skin": "ਚਮੜੀ"
    },
    "placeholders": {
      "hair": "ਵਾਲਾਂ ਦੀ ਸ਼ੈਲੀ ਚੁਣੋ",
      "accessories": "ਐਕਸੈਸਰੀਜ਼ ਚੁਣੋ",
      "hairColor": "ਵਾਲਾਂ ਦਾ ਰੰਗ ਚੁਣੋ",
      "eyes": "ਅੱਖਾਂ ਦੀ ਸ਼ੈਲੀ ਚੁਣੋ",
      "mouth": "ਮੂੰਹ ਦੀ ਸ਼ੈਲੀ ਚੁਣੋ",
      "clothes": "ਕੱਪੜੇ ਚੁਣੋ",
      "skin": "ਚਮੜੀ ਦਾ ਰੰਗ ਚੁਣੋ"
    },
    "buttons": {
      "download": "ਡਾਊਨਲੋਡ",
      "downloading": "ਡਾਊਨਲੋਡ ਹੋ ਰਿਹਾ ਹੈ…",
      "save": "ਸੇਵ ਕਰੋ"
    },
    "toast": {
      "saved": "ਅਵਤਾਰ ਚੋਣਾਂ ਸਥਾਨਕ ਤੌਰ 'ਤੇ ਸੇਵ ਕੀਤੀਆਂ ਗਈਆਂ ਹਨ।",
      "downloadError": "ਡਾਊਨਲੋਡ ਅਸਫਲ ਹੋਇਆ। ਕਿਰਪਾ ਕਰਕੇ ਦੁਬਾਰਾ ਕੋਸ਼ਿਸ਼ ਕਰੋ।"
    }
  },"notifications": {
    "title": "ਨੋਟੀਫਿਕੇਸ਼ਨ",
    "highPriority": {
      "title": "ਉੱਚ ਤਰਜੀਹ ਵਾਲੀਆਂ ਨੋਟੀਫਿਕੇਸ਼ਨ ਵਰਤੋ",
      "desc": "ਡੂ ਨਾਟ ਡਿਸਟਰਬ ਚਾਲੂ ਹੋਣ 'ਤੇ ਵੀ ਆਵਾਜ਼ ਅਤੇ ਪ੍ਰੀਵਿਊ ਨਾਲ ਨੋਟੀਫਿਕੇਸ਼ਨ ਪ੍ਰਾਪਤ ਕਰੋ"
    },
    "message": {
      "title": "ਸੁਨੇਹਾ ਨੋਟੀਫਿਕੇਸ਼ਨ",
      "desc": "ਸੁਨੇਹਿਆਂ ਲਈ ਅਲਰਟ ਨੂੰ ਕਸਟਮਾਈਜ਼ ਕਰੋ"
    },
    "group": {
      "title": "ਗਰੁੱਪ ਚੈਟ ਨੋਟੀਫਿਕੇਸ਼ਨ",
      "desc": "ਗਰੁੱਪ ਚੈਟ ਲਈ ਨੋਟੀਫਿਕੇਸ਼ਨ ਪ੍ਰਬੰਧਿਤ ਕਰੋ"
    },
    "call": {
      "title": "ਕਾਲ ਨੋਟੀਫਿਕੇਸ਼ਨ",
      "desc": "ਰਿੰਗਟੋਨ ਅਤੇ ਵਾਈਬ੍ਰੇਸ਼ਨ ਸੈਟਿੰਗਜ਼"
    }
  },"storage": {
    "title": "ਸਟੋਰੇਜ ਅਤੇ ਡੇਟਾ",
    "totalUsedHuman": "{{used}} MB ਵਿੱਚੋਂ {{total}} MB",
    "cards": {
      "usage": {
        "title": "ਸਟੋਰੇਜ ਵਰਤੋਂ",
        "used": "{{mb}} MB ਵਰਤੀ",
        "total": "ਕੁੱਲ {{mb}} MB"
      }
    },
    "sections": {
      "network": "ਨੈੱਟਵਰਕ ਵਰਤੋਂ",
      "manage": "ਮੈਨੇਜ ਕਰੋ"
    },
    "network": {
      "sent": {
        "title": "ਭੇਜੇ ਡੇਟਾ",
        "subtitle": "{{val}}"
      },
      "received": {
        "title": "ਮਿਲੇ ਡੇਟਾ",
        "subtitle": "{{val}}"
      }
    },
    "manage": {
      "title": "ਸਟੋਰੇਜ ਮੈਨੇਜ ਕਰੋ",
      "desc": "ਵੱਡੀਆਂ ਫਾਈਲਾਂ, ਚੈਟਾਂ ਅਤੇ ਮੀਡੀਆ ਦੀ ਸਮੀਖਿਆ ਕਰੋ ਅਤੇ ਹਟਾਓ"
    },
    "autoDownload": {
      "title": "ਮੀਡੀਆ ਆਟੋ-ਡਾਊਨਲੋਡ",
      "desc": "ਮੋਬਾਇਲ/ਵਾਈ-ਫਾਈ/ਰੋਮਿੰਗ ਤੇ ਕੀ ਡਾਊਨਲੋਡ ਹੋਵੇਗਾ, ਕੰਟਰੋਲ ਕਰੋ"
    },
    "actions": {
      "analyze": "ਵਿਸ਼ਲੇਸ਼ਣ ਕਰੋ",
      "clearCache": "ਕੈਸ਼ ਸਾਫ ਕਰੋ",
      "resetStats": "ਅੰਕੜੇ ਰੀਸੈੱਟ ਕਰੋ"
    },
    "toast": {
      "cleared": "{{mb}} MB ਕੈਸ਼ ਸਾਫ ਕੀਤਾ ਗਿਆ",
      "statsReset": "ਨੈੱਟਵਰਕ ਅੰਕੜੇ ਰੀਸੈੱਟ ਕੀਤੇ ਗਏ"
    }
  },"chats": {
    "title": "ਚੈਟ",
    "sections": {
      "appearance": "ਦਿੱਖ",
      "behavior": "ਸੁਨੇਹਾ ਵਿਵਹਾਰ",
      "management": "ਚੈਟ ਪ੍ਰਬੰਧਨ"
    },
    "items": {
      "theme": {
        "title": "ਥੀਮ",
        "sub": "ਸਿਸਟਮ ਡਿਫਾਲਟ"
      },
      "chatTheme": {
        "title": "ਡਿਫਾਲਟ ਚੈਟ ਥੀਮ",
        "sub": "ਵਾਲਪੇਪਰ ਜਾਂ ਥੀਮ ਚੁਣੋ"
      },
      "fontSize": {
        "title": "ਫੋਂਟ ਆਕਾਰ",
        "sub": "ਮੱਧਮ"
      },
      "enterToSend": {
        "title": "ਐਂਟਰ ਨਾਲ ਭੇਜੋ",
        "sub": "ਸੁਨੇਹਾ ਭੇਜਣ ਲਈ Enter ਦਬਾਓ"
      },
      "mediaVisibility": {
        "title": "ਮੀਡੀਆ ਦ੍ਰਿਸ਼ਤਾ",
        "sub": "ਨਵੀਂ ਡਾਊਨਲੋਡ ਕੀਤੀ ਮੀਡੀਆ ਆਪਣੀ ਗੈਲਰੀ ਵਿੱਚ ਵੇਖੋ"
      },
      "keepArchived": {
        "title": "ਚੈਟਸ ਆਰਕਾਈਵ ਰੱਖੋ",
        "sub": "ਨਵੇਂ ਸੁਨੇਹੇ ਆਉਣ ’ਤੇ ਵੀ ਆਰਕਾਈਵ ਚੈਟਸ ਆਰਕਾਈਵ ਹੀ ਰਹਿਣਗੇ"
      },
      "transcripts": {
        "title": "ਵੌਇਸ ਸੁਨੇਹਾ ਟ੍ਰਾਂਸਕ੍ਰਿਪਟ",
        "sub": "ਨਵੇਂ ਵੌਇਸ ਸੁਨੇਹੇ ਆਟੋਮੈਟਿਕ ਟ੍ਰਾਂਸਕ੍ਰਿਬ ਕਰੋ"
      },
      "backup": {
        "title": "ਚੈਟ ਬੈਕਅਪ",
        "sub": "ਸੁਨੇਹੇ ਕਲਾਉਡ ਸਟੋਰੇਜ ਵਿੱਚ ਬੈਕਅਪ ਕਰੋ"
      },
      "transfer": {
        "title": "ਚੈਟਸ ਟਰਾਂਸਫਰ ਕਰੋ",
        "sub": "ਜੰਤਰਾਂ ਦਰਮਿਆਨ ਚੈਟਸ ਟਰਾਂਸਫਰ ਕਰੋ"
      },
      "history": {
        "title": "ਚੈਟ ਇਤਿਹਾਸ",
        "sub": "ਸਭ ਚੈਟਸ ਐਕਸਪੋਰਟ, ਆਰਕਾਈਵ, ਕਲੀਅਰ ਜਾਂ ਡਿਲੀਟ ਕਰੋ"
      }
    },
    "toasts": {
      "enter": {
        "enabled": "ਐਂਟਰ-ਟੂ-ਸੈਂਡ ਚਾਲੂ",
        "disabled": "ਐਂਟਰ-ਟੂ-ਸੈਂਡ ਬੰਦ"
      },
      "media": {
        "on": "ਮੀਡੀਆ ਦ੍ਰਿਸ਼ਤਾ ਚਾਲੂ",
        "off": "ਮੀਡੀਆ ਦ੍ਰਿਸ਼ਤਾ ਬੰਦ"
      },
      "archived": {
        "enabled": "ਆਰਕਾਈਵ ਰੱਖਣਾ ਚਾਲੂ",
        "disabled": "ਆਰਕਾਈਵ ਰੱਖਣਾ ਬੰਦ"
      },
      "transcripts": {
        "enabled": "ਵੌਇਸ ਸੁਨੇਹਾ ਟ੍ਰਾਂਸਕ੍ਰਿਪਟ ਚਾਲੂ",
        "disabled": "ਵੌਇਸ ਸੁਨੇਹਾ ਟ੍ਰਾਂਸਕ੍ਰਿਪਟ ਬੰਦ"
      },
      "backup": {
        "starting": "ਬੈਕਅਪ ਸ਼ੁਰੂ ਹੋ ਰਿਹਾ ਹੈ…",
        "done": "ਬੈਕਅਪ ਮੁਕੰਮਲ ਹੋਇਆ"
      }
    }
  },"profilePage": {
    "title": "ਪ੍ਰੋਫਾਈਲ",
    "imageAlt": "ਪ੍ਰੋਫਾਈਲ ਚਿੱਤਰ",
    "buttons": {
      "edit": "ਸੋਧੋ",
      "addLinks": "ਲਿੰਕ ਸ਼ਾਮਲ ਕਰੋ",
      "cancel": "ਰੱਦ ਕਰੋ"
    },
    "fields": {
      "name": "ਨਾਮ",
      "about": "ਬਾਰੇ",
      "phone": "ਫੋਨ",
      "links": "ਲਿੰਕ"
    },
    "actions": {
      "source": {
        "header": "ਚਿੱਤਰ ਸਰੋਤ ਚੁਣੋ",
        "camera": "ਕੈਮਰਾ",
        "gallery": "ਗੈਲਰੀ"
      }
    },
    "loading": {
      "openingCamera": "ਕੈਮਰਾ ਖੋਲ੍ਹਿਆ ਜਾ ਰਿਹਾ ਹੈ...",
      "processing": "ਚਿੱਤਰ ਪ੍ਰਕਿਰਿਆ ਹੋ ਰਿਹਾ ਹੈ...",
      "updating": "ਪ੍ਰੋਫਾਈਲ ਚਿੱਤਰ ਅਪਡੇਟ ਕੀਤਾ ਜਾ ਰਿਹਾ ਹੈ..."
    },
    "validation": {
      "size": "ਚਿੱਤਰ ਦਾ ਆਕਾਰ 5MB ਤੋਂ ਘੱਟ ਹੋਣਾ ਚਾਹੀਦਾ ਹੈ",
      "type": "ਕਿਰਪਾ ਕਰਕੇ ਇੱਕ ਵੈਧ ਚਿੱਤਰ ਫਾਈਲ ਚੁਣੋ (JPEG, PNG, WebP)"
    },
    "toast": {
      "loadFailed": "ਪ੍ਰੋਫਾਈਲ ਡੇਟਾ ਲੋਡ ਕਰਨ ਵਿੱਚ ਅਸਫਲ",
      "imageLoadFailed": "ਪ੍ਰੋਫਾਈਲ ਚਿੱਤਰ ਲੋਡ ਕਰਨ ਵਿੱਚ ਅਸਫਲ",
      "selectFailed": "ਚਿੱਤਰ ਚੁਣਨ ਵਿੱਚ ਅਸਫਲ। ਦੁਬਾਰਾ ਕੋਸ਼ਿਸ਼ ਕਰੋ।",
      "processFailed": "ਚਿੱਤਰ ਪ੍ਰਕਿਰਿਆ ਦੌਰਾਨ ਗਲਤੀ। ਦੁਬਾਰਾ ਕੋਸ਼ਿਸ਼ ਕਰੋ।",
      "noUser": "ਯੂਜ਼ਰ ਆਈਡੀ ਨਹੀਂ ਮਿਲੀ",
      "updated": "ਪ੍ਰੋਫਾਈਲ ਚਿੱਤਰ ਸਫਲਤਾਪੂਰਵਕ ਅਪਡੇਟ ਹੋ ਗਿਆ!",
      "updateFailed": "ਪ੍ਰੋਫਾਈਲ ਚਿੱਤਰ ਅਪਡੇਟ ਕਰਨ ਵਿੱਚ ਅਸਫਲ"
    }
  },"footerTabs": {
    "chat": "ਚੈਟ",
    "updates": "ਅਪਡੇਟਸ",
    "communities": "ਕਮਿਊਨਿਟੀਆਂ",
    "calls": "ਕਾਲਾਂ",
    "badges": {
      "unreadChats": "{{count}} ਨਾ ਪੜ੍ਹੀਆਂ ਚੈਟਾਂ",
      "unreadUpdates": "{{count}} ਅਪਡੇਟਸ"
    }
  },
  "socialLinks": {
    "title": "ਲਿੰਕ",
    "intro": "ਆਪਣੇ ਪ੍ਰੋਫਾਈਲ ਵਿੱਚ ਲਿੰਕ ਜੋੜਣ ਨਾਲ ਤੁਹਾਡੇ ਸੰਪਰਕ ਤੁਹਾਡੇ ਹੋਰ ਪ੍ਰੋਫਾਈਲ ਆਸਾਨੀ ਨਾਲ ਵੇਖ ਸਕਦੇ ਹਨ।",
    "instagram": {
      "title": "ਇੰਸਟਾਗ੍ਰਾਮ",
      "add": "ਆਪਣਾ ਇੰਸਟਾਗ੍ਰਾਮ ਜੋੜੋ"
    },
    "actions": {
      "add": "ਜੋੜੋ",
      "edit": "ਸੰਪਾਦਿਤ ਕਰੋ"
    },
    "privacy": {
      "note": "ਕੌਣ ਤੁਹਾਡੇ ਲਿੰਕ ਵੇਖ ਸਕਦਾ ਹੈ ਇਹ ਪ੍ਰਬੰਧਿਤ ਕਰਨ ਲਈ ਜਾਓ",
      "link": "ਪਰਾਈਵੇਸੀ ਸੈਟਿੰਗਜ਼"
    }
  },
  "addInstagram": {
    "title": "ਇੰਸਟਾਗ੍ਰਾਮ ਜੋੜੋ",
    "loading": "ਲੋਡ ਕੀਤਾ ਜਾ ਰਿਹਾ ਹੈ...",
    "saving": "ਸੰਭਾਲਿਆ ਜਾ ਰਿਹਾ ਹੈ...",
    "usernameLabel": "ਇੰਸਟਾਗ੍ਰਾਮ ਯੂਜ਼ਰਨੇਮ",
    "usernamePlaceholder": "username",
    "hint": {
      "text": "ਇੰਸਟਾਗ੍ਰਾਮ ਯੂਜ਼ਰਨੇਮ ਜੋੜਨ ਨਾਲ ਇਹ ਤੁਹਾਡੇ ਪ੍ਰੋਫਾਈਲ 'ਤੇ ਦਿਖਾਈ ਦੇਵੇਗਾ।",
      "learnMore": "ਹੋਰ ਜਾਣੋ"
    },
    "save": "ਸੰਭਾਲੋ",
    "validation": {
      "required": "ਕਿਰਪਾ ਕਰਕੇ ਆਪਣਾ ਇੰਸਟਾਗ੍ਰਾਮ ਯੂਜ਼ਰਨੇਮ ਦਰਜ ਕਰੋ",
      "invalid": "ਵੈਧ ਯੂਜ਼ਰਨੇਮ ਦਰਜ ਕਰੋ (ਕੋਈ ਖਾਲੀ ਥਾਂ ਨਹੀਂ, ਵੱਧ ਤੋਂ ਵੱਧ 30 ਅੱਖਰ)"
    },
    "toast": {
      "fetchFailed": "ਇੰਸਟਾਗ੍ਰਾਮ ਲਿੰਕ ਲਿਆਉਣ ਵਿੱਚ ਅਸਫਲ",
      "saved": "ਇੰਸਟਾਗ੍ਰਾਮ ਸਫਲਤਾਪੂਰਵਕ ਸੰਭਾਲਿਆ ਗਿਆ!",
      "saveFailed": "ਇੰਸਟਾਗ੍ਰਾਮ ਲਿੰਕ ਅੱਪਡੇਟ ਕਰਨ ਵਿੱਚ ਅਸਫਲ। ਦੁਬਾਰਾ ਕੋਸ਼ਿਸ਼ ਕਰੋ।"
    }
  },"home": {
    "search": { "placeholder": " ਨੂੰ ਪੁੱਛੋ ਜਾਂ ਖੋਜੋ" },
    "filters": { "all": "ਸਭ", "read": "ਪੜ੍ਹਿਆ", "unread": "ਨਾ ਪੜ੍ਹਿਆ", "groups": "ਗਰੁੱਪ" },
    "groupCreator": { "placeholder": "ਗਰੁੱਪ ਦਾ ਨਾਮ ਦਰਜ ਕਰੋ" },
    "typing": "ਲਿਖ ਰਿਹਾ ਹੈ...",
    "time": { "yesterday": "ਕੱਲ੍ਹ" },
    "preview": {
      "deleted": "ਇਹ ਸੁਨੇਹਾ ਮਿਟਾ ਦਿੱਤਾ ਗਿਆ ਹੈ",
      "encrypted": "[ਇੰਕ੍ਰਿਪਟਡ]",
      "media": {
        "photo": "ਫੋਟੋ",
        "video": "ਵੀਡੀਓ",
        "audio": "ਆਡੀਓ",
        "file": "ਅਟੈਚਮੈਂਟ",
        "generic": "[ਮੀਡੀਆ]"
      }
    },
    "actions": {
      "scan": "QR ਸਕੈਨ ਕਰੋ",
      "camera": "ਕੈਮਰਾ ਖੋਲ੍ਹੋ",
      "menu": "ਮੀਨੂ ਖੋਲ੍ਹੋ",
      "contacts": "ਸੰਪਰਕ"
    },
    "scan": {
      "onlyDevice": "ਬਾਰਕੋਡ ਸਕੈਨ ਸਿਰਫ ਅਸਲੀ ਡਿਵਾਈਸ 'ਤੇ ਕੰਮ ਕਰਦਾ ਹੈ।",
      "permission": "ਬਾਰਕੋਡ ਸਕੈਨ ਕਰਨ ਲਈ ਕੈਮਰਾ ਅਧਿਕਾਰ ਲੋੜੀਂਦੇ ਹਨ।",
      "notFound": "ਕੋਈ ਬਾਰਕੋਡ ਨਹੀਂ ਮਿਲਿਆ।",
      "error": "ਸਕੈਨ ਕਰਨ ਦੌਰਾਨ ਕੁਝ ਗਲਤੀ ਹੋਈ।"
    },
    "logout": {
      "header": "ਲਾਗਆਉਟ",
      "message": "ਸੈਸ਼ਨ ਸਮਾਪਤ/ਮਿਆਦ ਪੁੱਗ ਗਈ ਹੈ।"
    },
    "alt": { "profile": "ਪ੍ਰੋਫ਼ਾਈਲ" }
  },"menu": {
    "newGroup": "ਨਵਾਂ ਗਰੁੱਪ",
    "newCommunity": "ਨਵੀਂ ਕਮਿਊਨਿਟੀ",
    "newBroadcast": "ਨਵਾਂ ਪ੍ਰਸਾਰਣ (WIP)",
    "starred": "ਸਟਾਰਡ (WIP)",
    "readAll": "ਸਭ ਪੜ੍ਹੋ (WIP)",
    "settings": "ਸੈਟਿੰਗਜ਼",
    "createChannels": "ਚੈਨਲ ਬਣਾਓ (WIP)",
    "statusPrivacy": "ਸਟੇਟਸ ਪਰਾਈਵੇਸੀ (WIP)",
    "clearCallLogs": "ਕਾਲ ਲਾਗਸ ਸਾਫ ਕਰੋ (WIP)"
  },"userabout": {
    "members": "ਮੈਂਬਰ",
    "group": "ਗਰੁੱਪ",
    "groups": "ਗਰੁੱਪਸ",
    "inCommon": "ਸਾਂਝੇ",
    "toolbar": {
      "message": "ਸੁਨੇਹਾ",
      "call": "ਕਾਲ",
      "video": "ਵੀਡੀਓ",
      "add": "ਜੋੜੋ"
    },
    "defaults": {
      "heyThere": "ਹੈਲੋ! ਮੈਂ Telldemm ਵਰਤ ਰਿਹਾ ਹਾਂ।",
      "noGroupDescription": "ਕੋਈ ਗਰੁੱਪ ਵੇਰਵਾ ਨਹੀਂ।",
      "unknown": "ਅਣਜਾਣ",
      "unknownDate": "ਅਣਜਾਣ ਤਾਰੀਖ",
      "unnamedGroup": "ਬਿਨਾਂ ਨਾਮ ਵਾਲਾ ਗਰੁੱਪ"
    },
    "updatedOn": "ਅੱਪਡੇਟ ਕੀਤਾ ਗਿਆ",
    "createdByOn": "{{name}} ਦੁਆਰਾ ਬਣਾਇਆ ਗਿਆ",
    "media": {
      "title": "ਮੀਡੀਆ, ਲਿੰਕ ਅਤੇ ਦਸਤਾਵੇਜ਼"
    },
    "notifications": "ਸੂਚਨਾਵਾਂ",
    "mediaVisibility": "ਮੀਡੀਆ ਦ੍ਰਿਸ਼ਯਤਾ",
    "encryption": {
      "title": "ਇੰਕ੍ਰਿਪਸ਼ਨ",
      "subtitle": "ਸੁਨੇਹੇ ਅਤੇ ਕਾਲਾਂ ਐਂਡ-ਟੂ-ਐਂਡ ਇੰਕ੍ਰਿਪਟ ਕੀਤੀਆਂ ਗਈਆਂ ਹਨ। ਪੁਸ਼ਟੀ ਕਰਨ ਲਈ ਟੈਪ ਕਰੋ।"
    },
    "disappearing": "ਗਾਇਬ ਹੋਣ ਵਾਲੇ ਸੁਨੇਹੇ",
    "chatLock": {
      "title": "ਚੈਟ ਲੌਕ",
      "subtitle": "ਇਸ ਡਿਵਾਈਸ 'ਤੇ ਇਸ ਚੈਟ ਨੂੰ ਲੌਕ ਅਤੇ ਛੁਪਾਓ।"
    },
    "advancedPrivacy": {
      "title": "ਉੱਚ ਚੈਟ ਗੋਪਨੀਯਤਾ",
      "off": "ਬੰਦ"
    },
    "createGroupWith": "{{name}} ਨਾਲ ਗਰੁੱਪ ਬਣਾਓ",
    "commonGroupWith": "{{name}} ਨਾਲ ਸਾਂਝਾ ਗਰੁੱਪ",
    "groupMembers": "ਗਰੁੱਪ ਮੈਂਬਰ",
    "addMembers": "ਮੈਂਬਰ ਜੋੜੋ",
    "groupAdmin": "ਗਰੁੱਪ ਐਡਮਿਨ",
    "viewPastMembers": "ਪਿਛਲੇ ਮੈਂਬਰ ਵੇਖੋ",
    "addToFavourites": "ਪਸੰਦ ਵਿੱਚ ਜੋੜੋ",
    "addToList": "ਸੂਚੀ ਵਿੱਚ ਜੋੜੋ",
    "block": "{{name}} ਨੂੰ ਬਲੌਕ ਕਰੋ",
    "unblock": "{{name}} ਨੂੰ ਅਨਬਲੌਕ ਕਰੋ",
    "report": "{{name}} ਦੀ ਰਿਪੋਰਟ ਕਰੋ",
    "actions": {
      "message": "ਸੁਨੇਹਾ",
      "dismissAdmin": "ਐਡਮਿਨ ਤੋਂ ਹਟਾਓ",
      "makeAdmin": "ਐਡਮਿਨ ਬਣਾਓ",
      "removeFromGroup": "ਗਰੁੱਪ ਤੋਂ ਹਟਾਓ"
    },
    "toasts": {
      "madeAdmin": "{{name}} ਹੁਣ ਐਡਮਿਨ ਹੈ",
      "dismissedAdmin": "{{name}} ਹੁਣ ਐਡਮਿਨ ਨਹੀਂ ਹੈ",
      "removedFromGroup": "{{name}} ਨੂੰ ਗਰੁੱਪ ਤੋਂ ਹਟਾਇਆ ਗਿਆ ਹੈ",
      "blocked": "{{name}} ਨੂੰ ਬਲੌਕ ਕੀਤਾ ਗਿਆ ਹੈ।",
      "unblocked": "{{name}} ਨੂੰ ਅਨਬਲੌਕ ਕੀਤਾ ਗਿਆ ਹੈ।",
      "reported": "{{name}} ਦੀ ਰਿਪੋਰਟ ਕੀਤੀ ਗਈ ਹੈ।",
      "reportedAndBlocked": "{{name}} ਦੀ ਰਿਪੋਰਟ ਅਤੇ ਬਲੌਕ ਕੀਤਾ ਗਿਆ ਹੈ।"
    },
    "errors": {
      "makeAdmin": "{{name}} ਨੂੰ ਐਡਮਿਨ ਬਣਾਉਣ ਵਿੱਚ ਅਸਫਲ",
      "dismissAdmin": "{{name}} ਨੂੰ ਹਟਾਉਣ ਵਿੱਚ ਅਸਫਲ",
      "removeMember": "ਮੈਂਬਰ ਨੂੰ ਹਟਾਉਣ ਵਿੱਚ ਗਲਤੀ"
    },
    "alerts": {
      "block": {
        "header": "ਸੰਪਰਕ ਬਲੌਕ ਕਰੋ",
        "message": "ਤੁਹਾਨੂੰ ਹੁਣ {{name}} ਤੋਂ ਸੁਨੇਹੇ ਜਾਂ ਕਾਲਾਂ ਨਹੀਂ ਮਿਲਣਗੀਆਂ।",
        "cta": "ਬਲੌਕ"
      },
      "unblock": {
        "header": "ਸੰਪਰਕ ਅਨਬਲੌਕ ਕਰੋ",
        "message": "ਕੀ ਤੁਸੀਂ ਯਕੀਨਨ {{name}} ਨੂੰ ਅਨਬਲੌਕ ਕਰਨਾ ਚਾਹੁੰਦੇ ਹੋ?"
      },
      "report": {
        "header": "ਸੰਪਰਕ ਦੀ ਰਿਪੋਰਟ ਕਰੋ",
        "message": "ਆਖਰੀ 5 ਸੁਨੇਹੇ {{name}} ਤੋਂ ਰਿਪੋਰਟ ਕੀਤੇ ਜਾਣਗੇ। ਕੀ ਤੁਸੀਂ ਇਸ ਯੂਜ਼ਰ ਨੂੰ ਵੀ ਬਲੌਕ ਕਰਨਾ ਚਾਹੁੰਦੇ ਹੋ?",
        "alsoBlock": "ਸੰਪਰਕ ਨੂੰ ਵੀ ਬਲੌਕ ਕਰੋ",
        "cta": "ਰਿਪੋਰਟ"
      }
    }
  }, "invite": {
    "header": "ਦੋਸਤ ਨੂੰ ਸੱਦਾ ਦਿਓ",
    "actions": {
      "search": "ਸੰਪਰਕ ਖੋਜੋ",
      "shareLink": "ਐਪ ਲਿੰਕ ਸਾਂਝਾ ਕਰੋ",
      "fromContacts": "ਸੰਪਰਕਾਂ ਤੋਂ ਸੱਦਾ ਦਿਓ",
      "invite": "ਸੱਦਾ ਦਿਓ"
    },
    "share": {
      "title": "ਮੇਰੇ ਨਾਲ ਇਸ ਐਪ 'ਤੇ ਜੁੜੋ!",
      "subtitle": "ਕਿਸੇ ਵੀ ਐਪ ਰਾਹੀਂ ਡਾਊਨਲੋਡ ਲਿੰਕ ਭੇਜੋ",
      "body": "ਇਹ ਸ਼ਾਨਦਾਰ ਐਪ ਵੇਖੋ। ਇੱਥੇ ਡਾਊਨਲੋਡ ਕਰੋ:",
      "button": "ਸਾਂਝਾ ਕਰੋ",
      "success": "ਲਿੰਕ ਸਾਂਝਾ ਕੀਤਾ ਗਿਆ",
      "copied": "ਲਿੰਕ ਕਾਪੀ ਕੀਤਾ ਗਿਆ"
    },
    "contacts": {
      "title": "ਸੰਪਰਕਾਂ ਤੋਂ",
      "subtitle": "ਆਪਣੀ ਫੋਨਬੁੱਕ ਤੋਂ ਸਿੱਧਾ ਸੱਦਾ ਦਿਓ",
      "header": "ਸੰਪਰਕਾਂ ਤੋਂ",
      "notOnApp": "ਹਾਲੇ ਐਪ 'ਤੇ ਨਹੀਂ ਹਨ"
    },
    "title": "ਮੇਰੇ ਨਾਲ ਇਸ ਐਪ 'ਤੇ ਜੁੜੋ!",
    "text": "ਇਹ ਸ਼ਾਨਦਾਰ ਐਪ ਵੇਖੋ। ਇੱਥੇ ਡਾਊਨਲੋਡ ਕਰੋ:",
    "dialogTitle": "ਐਪ ਲਿੰਕ ਸਾਂਝਾ ਕਰੋ",
    "toasts": {
      "openContacts": "ਸੰਪਰਕ ਖੋਲ੍ਹੇ ਜਾ ਰਹੇ ਹਨ...",
      "searchContacts": "ਸੰਪਰਕ ਖੋਜ ਟੈਪ ਕੀਤਾ।",
      "invited": "{{phone}} ਨੂੰ ਸੱਦਾ ਭੇਜਿਆ ਗਿਆ"
    },
    "errors": {
      "shareFailed": "ਸ਼ੇਅਰ ਸ਼ੀਟ ਨਹੀਂ ਖੁੱਲ ਸਕੀ।"
    }
  },"community": {
     "manageGroups": {
    "title": "ਗਰੁੱਪ ਪ੍ਰਬੰਧਿਤ ਕਰੋ",
    "groups": "ਗਰੁੱਪ",
    "createNew": "ਨਵਾਂ ਗਰੁੱਪ ਬਣਾਓ",
    "addExisting": "ਮੌਜੂਦਾ ਗਰੁੱਪ ਸ਼ਾਮਲ ਕਰੋ",
    "info": "ਮੈਂਬਰ ਮੌਜੂਦਾ ਗਰੁੱਪ ਐਡਮਿਨ ਮਨਜ਼ੂਰੀ ਲਈ ਸੁਝਾ ਸਕਦੇ ਹਨ ਅਤੇ ਸਿੱਧੇ ਨਵੇਂ ਗਰੁੱਪ ਸ਼ਾਮਲ ਕਰ ਸਕਦੇ ਹਨ। ਵੇਖੋ",
    "settingsLink": "ਕਮਿਊਨਿਟੀ ਸੈਟਿੰਗਾਂ",
    "listHeader": "ਇਸ ਕਮਿਊਨਿਟੀ ਦੇ ਗਰੁੱਪ",
    "loading": "ਗਰੁੱਪ ਲੋਡ ਹੋ ਰਹੇ ਹਨ...",
    "empty": "ਇਸ ਕਮਿਊਨਿਟੀ ਲਈ ਕੋਈ ਗਰੁੱਪ ਨਹੀਂ ਮਿਲੇ",
    "members": "ਮੈਂਬਰ",
    "unnamedGroup": "ਬਿਨਾਂ ਨਾਮ ਦਾ ਗਰੁੱਪ",
    "remove": {
      "header": "ਕਮਿਊਨਿਟੀ ਤੋਂ ਗਰੁੱਪ ਹਟਾਓ",
      "message": "ਕੀ ਤੁਸੀਂ ਇਸ ਗਰੁੱਪ ਨੂੰ ਕਮਿਊਨਿਟੀ ਤੋਂ ਹਟਾਉਣਾ ਚਾਹੁੰਦੇ ਹੋ? ਗਰੁੱਪ ਰਹੇਗਾ ਪਰ ਹੁਣ ਕਮਿਊਨਿਟੀ ਦਾ ਹਿੱਸਾ ਨਹੀਂ ਹੋਵੇਗਾ।",
      "alsoRemoveMembers": "ਇਸ ਗਰੁੱਪ ਦੇ ਮੈਂਬਰਾਂ ਨੂੰ ਵੀ ਕਮਿਊਨਿਟੀ ਅਤੇ ਗਰੁੱਪ ਤੋਂ ਹਟਾਓ",
      "cta": "ਹਟਾਓ",
      "aria": "ਕਮਿਊਨਿਟੀ ਤੋਂ ਗਰੁੱਪ ਹਟਾਓ"
    },
    "toasts": {
      "removed": "ਗਰੁੱਪ ਕਮਿਊਨਿਟੀ ਤੋਂ ਹਟਾਇਆ ਗਿਆ ਅਤੇ ਮੈਂਬਰ ਅੱਪਡੇਟ ਹੋਏ",
      "removeFailed": "ਗਰੁੱਪ ਹਟਾਉਣ ਵਿੱਚ ਅਸਫਲ। ਦੁਬਾਰਾ ਕੋਸ਼ਿਸ਼ ਕਰੋ।"
    }
  },
    "title": "ਕਮਿਊਨਿਟੀਆਂ",
    "actions": {
      "qr": "QR ਕਾਰਵਾਈਆਂ ਖੋਲ੍ਹੋ",
      "menu": "ਮੇਨੂ ਖੋਲ੍ਹੋ"
    },
    "newCommunity": "ਨਵੀਂ ਕਮਿਊਨਿਟੀ",
    "unnamedCommunity": "ਬਿਨਾਂ ਨਾਮ ਵਾਲੀ ਕਮਿਊਨਿਟੀ",
    "viewAll": "ਸਭ ਵੇਖੋ",
    "groupType": {
    "normal": "सामान्य गट",
    "announcement": "जाहिरात गट",
    "general": "जनरल गट"
  },
    "newGroup": {
      "header": "ਨਵਾਂ ਸਮੂਹ",
      "placeholder": "ਸਮੂਹ ਦਾ ਨਾਮ",
      "create": "ਬਣਾਓ"
    },
    "toasts": {
      "groupCreated": "ਸਮੂਹ ਬਣਾਇਆ ਗਿਆ"
    }
  },"community_menu_component": {
    "info": "ਕਮਿਊਨਿਟੀ ਜਾਣਕਾਰੀ",
    "invite": "ਮੈਂਬਰਾਂ ਨੂੰ ਸੱਦੋ",
    "settings": "ਕਮਿਊਨਿਟੀ ਸੈਟਿੰਗਾਂ"
  },
  "group_preview_modal_component": {
    "close": "ਬੰਦ ਕਰੋ",
    "groupIcon": "ਗਰੁੱਪ ਆਈਕਨ",
    "createdBy": "{{name}} ਦੁਆਰਾ ਬਣਾਇਆ ਗਿਆ",
    "noMembers": "ਹਾਲੇ ਤੱਕ ਕੋਈ ਮੈਂਬਰ ਨਹੀਂ",
    "noDescription": "ਕੋਈ ਵਰਣਨ ਨਹੀਂ",
    "communityLabel": "ਕਮਿਊਨਿਟੀ:",
    "joinNote": "ਜੁੜਦੇ ਹੀ ਤੁਸੀਂ ਤੁਰੰਤ ਮੈਂਬਰ ਬਣ ਜਾਵੋਗੇ।",
    "joinCta": "ਗਰੁੱਪ ਵਿੱਚ ਸ਼ਾਮਲ ਹੋਵੋ"
  }, "add_existing_groups_page": {
    "header": "ਮੌਜੂਦਾ ਗਰੁੱਪ ਸ਼ਾਮਲ ਕਰੋ",
    "actions": {
      "search": "ਗਰੁੱਪ ਲੱਭੋ",
      "confirm": "ਚੋਣ ਦੀ ਪੁਸ਼ਟੀ ਕਰੋ",
      "removeChip": "ਚੁਣਿਆ ਗਰੁੱਪ ਹਟਾਓ"
    },
    "of": "ਵਿੱਚੋਂ",
    "selected": "ਚੁਣਿਆ",
    "banner": "ਗਰੁੱਪਾਂ ਦੇ ਸਭ ਮੈਂਬਰ ਕਮਿਊਨਿਟੀ ਵਿੱਚ ਸ਼ਾਮਲ ਕੀਤੇ ਜਾਣਗੇ।",
    "listHeader": "ਗਰੁੱਪ ਜਿਨ੍ਹਾਂ ਦੇ ਤੁਸੀਂ ਐਡਮਿਨ ਹੋ",
    "loading": "ਗਰੁੱਪ ਲੋਡ ਹੋ ਰਹੇ ਹਨ...",
    "empty": "ਕੋਈ ਐਡਮਿਨ ਗਰੁੱਪ ਨਹੀਂ ਮਿਲੇ",
    "checkboxLabel": "ਗਰੁੱਪ ਚੁਣੋ",
    "unnamedGroup": "ਬਿਨਾਂ ਨਾਮ ਦਾ ਗਰੁੱਪ",
    "toasts": {
      "selectAtLeastOne": "ਘੱਟੋ-ਘੱਟ ਇੱਕ ਗਰੁੱਪ ਚੁਣੋ"
    }
  }
}
