{
  "meta": {
    "generatedAt": "2025-09-25T06:49:05.846991Z",
    "note": "Translations for email-edit page.",
    "translated": true,
    "locale": "ru-RU"
  },
  "emailEdit": {
    "title": "Адрес электронной почты",
    "description": "Электронная почта помогает вам получить доступ к вашему аккаунту. Она не видна другим пользователям.",
    "label": "Электронная почта",
    "verified": "Подтверждено",
    "placeholder": "you@example.com",
    "edit": "Редактировать",
    "cancel": "Отмена",
    "save": "Сохранить",
    "savedSuccess": "Электронная почта успешно сохранена.",
    "validation": {
      "required": "Электронная почта обязательна.",
      "invalid": "Пожалуйста, введите действительный адрес электронной почты.",
      "maxlength": "Электронная почта слишком длинная (максимум 254 символа)."
    }
  },
  "helpPage": {
    "title": "Справка",
    "helpCenter": {
      "title": "Справочный центр",
      "description": "Получите помощь, часто задаваемые вопросы и варианты связи."
    },
    "terms": {
      "title": "Условия и политика конфиденциальности",
      "description": "Прочтите наши условия и политику в отношении данных."
    },
    "channelReports": {
      "title": "Отчёты каналов",
      "description": "Управление и просмотр отчётов."
    },
    "appInfo": {
      "title": "Информация о приложении",
      "description": "Версия, юридические и технические детали."
    }
  },"common": {
    "ok": "ОК",
    "cancel": "Отмена",
    "logout": "Выйти"
  },
  "settingsPage": {
    "title": "Настройки",
    "account": { "title": "Аккаунт", "description": "Конфиденциальность, безопасность, смена номера" },
    "privacy": { "title": "Конфиденциальность", "description": "Управление настройками конфиденциальности" },
    "avatar": { "title": "Аватар", "description": "Сменить фото профиля" },
    "chats": { "title": "Чаты", "description": "Тема, фон, резервное копирование" },
    "accessibility": { "title": "Специальные возможности", "description": "Размер текста и параметры отображения" },
    "notifications": { "title": "Уведомления", "description": "Оповещения о сообщениях, группах и звонках" },
    "storage": { "title": "Хранилище и данные", "description": "Управление хранилищем и использованием сети" },
    "appLanguage": { "title": "Язык приложения", "description": "Выбрать язык приложения" },
    "help": { "title": "Помощь и обратная связь", "description": "Центр помощи, свяжитесь с нами, информация о приложении" },
    "updates": { "title": "Обновления приложения", "description": "Проверить обновления, автообновление" },
    "invite": { "title": "Пригласить друга", "description": "Поделиться приложением с контактами" },
    "logout": {
      "title": "Выйти",
      "description": "Очистить данные приложения и выйти",
      "confirmHeader": "Подтвердите выход",
      "confirmMessage": "Вы уверены, что хотите выйти и очистить данные приложения?",
      "loadingHeader": "Выход",
      "loadingMessage": "Пожалуйста, подождите...",
      "successHeader": "Выход выполнен",
      "successMessage": "Вы успешно вышли из системы."
    },
    "defaultStatus": "Доступен"
  },
  "appUpdates": {
    "title": "Обновления приложения",
    "version": "Версия",
    "latestAvailable": "Последняя доступная",
    "status": "Статус",
    "statusMessages": {
      "updateAvailable": "Доступно обновление.",
      "upToDate": "У вас установлена последняя версия."
    },
    "badge": {
      "updateAvailable": "Доступно обновление",
      "upToDate": "Актуально"
    },
    "checkForUpdates": {
      "title": "Проверить обновления",
      "description": "Проверьте вручную, доступна ли новая версия"
    },
    "checking": "Проверка…",
    "toast": {
      "latest": "Вы используете последнюю версию.",
      "updateAvailable": "Доступно обновление: {{version}}",
      "error": "Не удалось проверить обновления. Попробуйте позже."
    }
  },"accountPage": {
    "title": "Аккаунт",
    "securityNotifications": "Уведомления безопасности",
    "passkeys": "Ключи доступа",
    "emailAddress": "Адрес электронной почты",
    "twoStep": "Двухэтапная проверка",
    "changeNumber": "Сменить номер",
    "requestInfo": "Запросить данные аккаунта",
    "addAccount": "Добавить аккаунт",
    "deleteAccount": "Удалить аккаунт",
    "confirmDelete": {
      "title": "Удалить аккаунт?",
      "message": "Это действие навсегда удалит ваш аккаунт и данные.",
      "confirm": "Удалить",
      "cancel": "Отмена",
      "log": "Окно удаления аккаунта открыто"
    }
  },"accessibility": {
  "title": "Специальные возможности",
  "groups": {
    "displayMotion": "Отображение и движение",
    "interaction": "Взаимодействие"
  },
  "increaseContrast": {
    "title": "Увеличить контрастность",
    "desc": "Затемните основные цвета, чтобы улучшить читаемость в светлом режиме."
  },
  "reduceMotion": {
    "title": "Уменьшить движение",
    "desc": "Минимизируйте анимированные стикеры, GIF и переходы."
  },
  "largeText": {
    "title": "Крупный текст",
    "desc": "Увеличьте размер системного шрифта для удобного чтения."
  },
  "simpleAnimations": {
    "title": "Упрощённые анимации",
    "desc": "Сократите сложные анимации для более лёгкого взаимодействия."
  },
  "grayscale": {
    "title": "Режим оттенков серого",
    "desc": "Преобразуйте все цвета интерфейса в оттенки серого, чтобы снизить нагрузку на глаза."
  }
}
,"privacyPage": {
    "title": "Конфиденциальность",
    "groups": {
      "whoCanSee": "Кто может видеть мою информацию",
      "other": "Другое"
    },
    "lastSeen": {
      "title": "Последний визит и онлайн",
      "desc": "Управляйте, кто может видеть ваш последний визит и статус онлайн"
    },
    "profilePhoto": {
      "title": "Фото профиля",
      "desc": "Выберите, кто может видеть вашу фотографию"
    },
    "about": {
      "title": "Информация",
      "desc": "Управляйте, кто может видеть вашу информацию 'О себе'"
    },
    "status": {
      "title": "Статус",
      "desc": "Управляйте, кто может видеть ваши обновления статуса"
    },
    "blocked": {
      "title": "Заблокированные контакты",
      "desc": "Просмотр и управление заблокированными пользователями"
    },
    "options": {
      "everyone": "Все",
      "contacts": "Мои контакты",
      "nobody": "Никто"
    }
  },"avatarPage": {
    "title": "Создайте свой аватар",
    "previewAlt": "Предпросмотр аватара",
    "sections": {
      "customization": "Варианты настройки"
    },
    "fields": {
      "hair": "Волосы",
      "accessories": "Аксессуары",
      "hairColor": "Цвет волос",
      "eyes": "Глаза",
      "mouth": "Рот",
      "clothes": "Одежда",
      "skin": "Кожа"
    },
    "placeholders": {
      "hair": "Выберите прическу",
      "accessories": "Выберите аксессуары",
      "hairColor": "Выберите цвет волос",
      "eyes": "Выберите стиль глаз",
      "mouth": "Выберите стиль рта",
      "clothes": "Выберите одежду",
      "skin": "Выберите тон кожи"
    },
    "buttons": {
      "download": "Скачать",
      "downloading": "Скачивание…",
      "save": "Сохранить"
    },
    "toast": {
      "saved": "Выбор аватара сохранён локально.",
      "downloadError": "Сбой загрузки. Пожалуйста, попробуйте снова."
    }
  },"notifications": {
    "title": "Уведомления",
    "highPriority": {
      "title": "Использовать уведомления с высоким приоритетом",
      "desc": "Получайте уведомления со звуком и предварительным просмотром даже при включенном режиме «Не беспокоить»"
    },
    "message": {
      "title": "Уведомления о сообщениях",
      "desc": "Настройте оповещения для сообщений"
    },
    "group": {
      "title": "Уведомления групповых чатов",
      "desc": "Управляйте уведомлениями для групповых чатов"
    },
    "call": {
      "title": "Уведомления о звонках",
      "desc": "Настройки мелодий звонка и вибрации"
    }
  }, "storage": {
    "title": "Хранилище и данные",
    "totalUsedHuman": "{{used}} МБ из {{total}} МБ",
    "cards": {
      "usage": {
        "title": "Использование хранилища",
        "used": "Использовано {{mb}} МБ",
        "total": "Всего {{mb}} МБ"
      }
    },
    "sections": {
      "network": "Использование сети",
      "manage": "Управление"
    },
    "network": {
      "sent": {
        "title": "Отправленные данные",
        "subtitle": "{{val}}"
      },
      "received": {
        "title": "Полученные данные",
        "subtitle": "{{val}}"
      }
    },
    "manage": {
      "title": "Управление хранилищем",
      "desc": "Просматривайте и удаляйте большие файлы, чаты и медиа"
    },
    "autoDownload": {
      "title": "Автозагрузка медиа",
      "desc": "Контролируйте, что загружается по мобильной сети/Wi-Fi/роумингу"
    },
    "actions": {
      "analyze": "Анализировать",
      "clearCache": "Очистить кэш",
      "resetStats": "Сбросить статистику"
    },
    "toast": {
      "cleared": "Очищено {{mb}} МБ кэша",
      "statsReset": "Статистика сети сброшена"
    }
  },"chats": {
    "title": "Чаты",
    "sections": {
      "appearance": "Внешний вид",
      "behavior": "Поведение сообщений",
      "management": "Управление чатами"
    },
    "items": {
      "theme": {
        "title": "Тема",
        "sub": "Системная по умолчанию"
      },
      "chatTheme": {
        "title": "Тема чата по умолчанию",
        "sub": "Выберите обои или тему"
      },
      "fontSize": {
        "title": "Размер шрифта",
        "sub": "Средний"
      },
      "enterToSend": {
        "title": "Enter для отправки",
        "sub": "Нажмите Enter, чтобы отправить сообщение"
      },
      "mediaVisibility": {
        "title": "Видимость медиа",
        "sub": "Показывать недавно загруженные медиа в галерее"
      },
      "keepArchived": {
        "title": "Сохранять чаты в архиве",
        "sub": "Архивированные чаты остаются в архиве при получении новых сообщений"
      },
      "transcripts": {
        "title": "Транскрипция голосовых сообщений",
        "sub": "Автоматически расшифровывать новые голосовые сообщения"
      },
      "backup": {
        "title": "Резервное копирование чатов",
        "sub": "Создавать резервную копию сообщений в облаке"
      },
      "transfer": {
        "title": "Перенос чатов",
        "sub": "Перемещайте чаты между устройствами"
      },
      "history": {
        "title": "История чатов",
        "sub": "Экспорт, архивирование, очистка или удаление всех чатов"
      }
    },
    "toasts": {
      "enter": {
        "enabled": "Отправка по Enter включена",
        "disabled": "Отправка по Enter отключена"
      },
      "media": {
        "on": "Видимость медиа включена",
        "off": "Видимость медиа выключена"
      },
      "archived": {
        "enabled": "Сохранение архивированных включено",
        "disabled": "Сохранение архивированных отключено"
      },
      "transcripts": {
        "enabled": "Транскрипция голосовых включена",
        "disabled": "Транскрипция голосовых отключена"
      },
      "backup": {
        "starting": "Начало резервного копирования…",
        "done": "Резервное копирование завершено"
      }
    }
  },"profilePage": {
    "title": "Профиль",
    "imageAlt": "Фото профиля",
    "buttons": {
      "edit": "Редактировать",
      "addLinks": "Добавить ссылки",
      "cancel": "Отмена"
    },
    "fields": {
      "name": "Имя",
      "about": "О себе",
      "phone": "Телефон",
      "links": "Ссылки"
    },
    "actions": {
      "source": {
        "header": "Выберите источник изображения",
        "camera": "Камера",
        "gallery": "Галерея"
      }
    },
    "loading": {
      "openingCamera": "Открывается камера...",
      "processing": "Обработка изображения...",
      "updating": "Обновление фото профиля..."
    },
    "validation": {
      "size": "Размер изображения должен быть меньше 5 МБ",
      "type": "Выберите корректный файл изображения (JPEG, PNG, WebP)"
    },
    "toast": {
      "loadFailed": "Не удалось загрузить данные профиля",
      "imageLoadFailed": "Не удалось загрузить фото профиля",
      "selectFailed": "Не удалось выбрать изображение. Попробуйте снова.",
      "processFailed": "Ошибка при обработке изображения. Попробуйте снова.",
      "noUser": "ID пользователя не найден",
      "updated": "Фото профиля успешно обновлено!",
      "updateFailed": "Не удалось обновить фото профиля"
    }
  },"footerTabs": {
    "chat": "Чаты",
    "updates": "Обновления",
    "communities": "Сообщества",
    "calls": "Звонки",
    "badges": {
      "unreadChats": "{{count}} непрочитанных чатов",
      "unreadUpdates": "{{count}} обновлений"
    }
  },"socialLinks": {
    "title": "Ссылки",
    "intro": "Добавление ссылок в ваш профиль помогает вашим контактам легко находить другие ваши профили.",
    "instagram": {
      "title": "Instagram",
      "add": "Добавьте свой Instagram"
    },
    "actions": {
      "add": "Добавить",
      "edit": "Редактировать"
    },
    "privacy": {
      "note": "Чтобы управлять тем, кто может видеть ваши ссылки, перейдите в",
      "link": "настройки конфиденциальности"
    }
  },
  "addInstagram": {
    "title": "Добавить Instagram",
    "loading": "Загрузка...",
    "saving": "Сохранение...",
    "usernameLabel": "Имя пользователя Instagram",
    "usernamePlaceholder": "имя пользователя",
    "hint": {
      "text": "Добавление имени пользователя Instagram сделает его видимым в вашем профиле.",
      "learnMore": "Подробнее"
    },
    "save": "Сохранить",
    "validation": {
      "required": "Пожалуйста, введите имя пользователя Instagram",
      "invalid": "Введите допустимое имя пользователя (без пробелов, максимум 30 символов)"
    },
    "toast": {
      "fetchFailed": "Не удалось получить ссылку Instagram",
      "saved": "Instagram успешно сохранен!",
      "saveFailed": "Не удалось обновить ссылку Instagram. Попробуйте снова."
    }
  }, "home": {
    "search": { "placeholder": "Спросите  или выполните поиск" },
    "filters": { "all": "ВСЕ", "read": "Прочитанные", "unread": "Непрочитанные", "groups": "Группы" },
    "groupCreator": { "placeholder": "Введите название группы" },
    "typing": "печатает...",
    "time": { "yesterday": "Вчера" },
    "preview": {
      "deleted": "Это сообщение было удалено",
      "encrypted": "[Зашифровано]",
      "media": {
        "photo": "Фото",
        "video": "Видео",
        "audio": "Аудио",
        "file": "Вложение",
        "generic": "[Медиа]"
      }
    },
    "actions": {
      "scan": "Сканировать QR",
      "camera": "Открыть камеру",
      "menu": "Открыть меню",
      "contacts": "Контакты"
    },
    "scan": {
      "onlyDevice": "Сканирование штрих-кодов работает только на реальном устройстве.",
      "permission": "Для сканирования штрих-кодов требуется доступ к камере.",
      "notFound": "Штрих-код не найден.",
      "error": "Произошла ошибка во время сканирования."
    },
    "logout": {
      "header": "Выйти",
      "message": "Сеанс завершён/истёк."
    },
    "alt": { "profile": "Профиль" }
  },"menu": {
    "newGroup": "Новая группа",
    "newCommunity": "Новое сообщество",
    "newBroadcast": "Новая рассылка (WIP)",
    "starred": "Избранное (WIP)",
    "readAll": "Отметить всё как прочитанное (WIP)",
    "settings": "Настройки",
    "createChannels": "Создать каналы (WIP)",
    "statusPrivacy": "Приватность статуса (WIP)",
    "clearCallLogs": "Очистить журнал звонков (WIP)"
  },"userabout": {
    "members": "Участники",
    "group": "Группа",
    "groups": "Группы",
    "inCommon": "Общее",
    "toolbar": {
      "message": "Сообщение",
      "call": "Звонок",
      "video": "Видео",
      "add": "Добавить"
    },
    "defaults": {
      "heyThere": "Привет! Я использую Telldemm.",
      "noGroupDescription": "Описание группы отсутствует.",
      "unknown": "Неизвестно",
      "unknownDate": "Неизвестная дата",
      "unnamedGroup": "Безымянная группа"
    },
    "updatedOn": "Обновлено",
    "createdByOn": "Создано {{name}}",
    "media": {
      "title": "Медиа, ссылки и документы"
    },
    "notifications": "Уведомления",
    "mediaVisibility": "Видимость медиа",
    "encryption": {
      "title": "Шифрование",
      "subtitle": "Сообщения и звонки зашифрованы сквозным методом. Нажмите, чтобы проверить."
    },
    "disappearing": "Исчезающие сообщения",
    "chatLock": {
      "title": "Блокировка чата",
      "subtitle": "Заблокируйте и скройте этот чат на этом устройстве."
    },
    "advancedPrivacy": {
      "title": "Расширенная конфиденциальность чата",
      "off": "Выкл."
    },
    "createGroupWith": "Создать группу с {{name}}",
    "commonGroupWith": "Общая группа с {{name}}",
    "groupMembers": "Участники группы",
    "addMembers": "Добавить участников",
    "groupAdmin": "Админ группы",
    "viewPastMembers": "Просмотреть бывших участников",
    "addToFavourites": "Добавить в избранное",
    "addToList": "Добавить в список",
    "block": "Заблокировать {{name}}",
    "unblock": "Разблокировать {{name}}",
    "report": "Пожаловаться на {{name}}",
    "actions": {
      "message": "Сообщение",
      "dismissAdmin": "Снять с админа",
      "makeAdmin": "Назначить админом",
      "removeFromGroup": "Удалить из группы"
    },
    "toasts": {
      "madeAdmin": "{{name}} теперь админ",
      "dismissedAdmin": "{{name}} больше не админ",
      "removedFromGroup": "{{name}} удалён из группы",
      "blocked": "{{name}} был заблокирован.",
      "unblocked": "{{name}} был разблокирован.",
      "reported": "{{name}} был пожалован.",
      "reportedAndBlocked": "{{name}} был пожалован и заблокирован."
    },
    "errors": {
      "makeAdmin": "Не удалось назначить {{name}} админом",
      "dismissAdmin": "Не удалось снять {{name}} с админа",
      "removeMember": "Ошибка при удалении участника"
    },
    "alerts": {
      "block": {
        "header": "Заблокировать контакт",
        "message": "Вы больше не будете получать сообщения или звонки от {{name}}.",
        "cta": "Заблокировать"
      },
      "unblock": {
        "header": "Разблокировать контакт",
        "message": "Вы уверены, что хотите разблокировать {{name}}?"
      },
      "report": {
        "header": "Пожаловаться на контакт",
        "message": "Последние 5 сообщений от {{name}} будут отправлены на проверку. Хотите также заблокировать этого пользователя?",
        "alsoBlock": "Также заблокировать контакт",
        "cta": "Пожаловаться"
      }
    }
  },"invite": {
    "header": "Пригласить друга",
    "actions": {
      "search": "Поиск контактов",
      "shareLink": "Поделиться ссылкой на приложение",
      "fromContacts": "Пригласить из контактов",
      "invite": "Пригласить"
    },
    "share": {
      "title": "Присоединяйся ко мне в этом приложении!",
      "subtitle": "Отправь ссылку для скачивания через любое приложение",
      "body": "Попробуй это отличное приложение. Скачай его здесь:",
      "button": "Поделиться",
      "success": "Ссылка отправлена",
      "copied": "Ссылка скопирована"
    },
    "contacts": {
      "title": "Из контактов",
      "subtitle": "Пригласи напрямую из телефонной книги",
      "header": "Из контактов",
      "notOnApp": "Еще не в приложении"
    },
    "title": "Присоединяйся ко мне в этом приложении!",
    "text": "Попробуй это отличное приложение. Скачай его здесь:",
    "dialogTitle": "Поделиться ссылкой на приложение",
    "toasts": {
      "openContacts": "Открываю контакты...",
      "searchContacts": "Поиск контактов выбран.",
      "invited": "Приглашение отправлено на {{phone}}"
    },
    "errors": {
      "shareFailed": "Не удалось открыть окно общего доступа."
    }
  },"community": {
    "manageGroups": {
    "title": "Управление группами",
    "groups": "группы",
    "createNew": "Создать новую группу",
    "addExisting": "Добавить существующие группы",
    "info": "Участники могут предлагать существующие группы для утверждения администратором и напрямую добавлять новые группы. Смотреть в",
    "settingsLink": "Настройки сообщества",
    "listHeader": "Группы в этом сообществе",
    "loading": "Загрузка групп...",
    "empty": "Для этого сообщества не найдено групп",
    "members": "участники",
    "unnamedGroup": "Безымянная группа",
    "remove": {
      "header": "Удалить группу из сообщества",
      "message": "Вы хотите удалить эту группу из сообщества? Группа останется, но больше не будет принадлежать сообществу.",
      "alsoRemoveMembers": "Также удалить участников этой группы из сообщества и группы",
      "cta": "Удалить",
      "aria": "Удалить группу из сообщества"
    },
    "toasts": {
      "removed": "Группа удалена из сообщества, участники обновлены",
      "removeFailed": "Не удалось удалить группу. Попробуйте снова."
    }
  },
    "title": "Сообщества",
    "actions": {
      "qr": "Открыть действия QR",
      "menu": "Открыть меню"
    },
    "newCommunity": "Новое сообщество",
    "unnamedCommunity": "Сообщество без имени",
    "viewAll": "Посмотреть все",
    "groupType": {
    "normal": "Обычная группа",
    "announcement": "Группа для объявлений",
    "general": "Общая группа"
  },
    "newGroup": {
      "header": "Новая группа",
      "placeholder": "Название группы",
      "create": "Создать"
    },
    "toasts": {
      "groupCreated": "Группа создана"
    }
  },"community_menu_component": {
    "info": "Информация о сообществе",
    "invite": "Пригласить участников",
    "settings": "Настройки сообщества"
  },
  "group_preview_modal_component": {
    "close": "Закрыть",
    "groupIcon": "Иконка группы",
    "createdBy": "Создано {{name}}",
    "noMembers": "Пока нет участников",
    "noDescription": "Описание отсутствует",
    "communityLabel": "Сообщество:",
    "joinNote": "Присоединившись, вы сразу станете участником.",
    "joinCta": "Присоединиться к группе"
  }, "add_existing_groups_page": {
    "header": "Добавить существующие группы",
    "actions": {
      "search": "Поиск групп",
      "confirm": "Подтвердить выбор",
      "removeChip": "Удалить выбранную группу"
    },
    "of": "из",
    "selected": "выбрано",
    "banner": "Все участники групп будут добавлены в сообщество.",
    "listHeader": "Группы, в которых вы администратор",
    "loading": "Загрузка групп...",
    "empty": "Администрируемые группы не найдены",
    "checkboxLabel": "Выберите группу",
    "unnamedGroup": "Безымянная группа",
    "toasts": {
      "selectAtLeastOne": "Выберите хотя бы одну группу"
    }
  }
}
