{
  "meta": {
    "generatedAt": "2025-09-25T06:49:05.846991Z",
    "note": "Translations for email-edit page.",
    "translated": true,
    "locale": "ta-IN"
  },
  "emailEdit": {
    "title": "மின்னஞ்சல் முகவரி",
    "description": "மின்னஞ்சல் உங்கள் கணக்கை அணுக உதவுகிறது. இது பிறருக்கு தெரியாது.",
    "label": "மின்னஞ்சல்",
    "verified": "சரிபார்க்கப்பட்டது",
    "placeholder": "you@example.com",
    "edit": "திருத்து",
    "cancel": "ரத்து செய்",
    "save": "சேமிக்க",
    "savedSuccess": "மின்னஞ்சல் வெற்றிகரமாக சேமிக்கப்பட்டது.",
    "validation": {
      "required": "மின்னஞ்சல் தேவை.",
      "invalid": "சரியான மின்னஞ்சல் முகவரியை உள்ளிடவும்.",
      "maxlength": "மின்னஞ்சல் மிகவும் நீளமாக உள்ளது (அதிகபட்சம் 254 எழுத்துகள்)."
    }
  },
  "helpPage": {
    "title": "உதவி",
    "helpCenter": {
      "title": "உதவி மையம்",
      "description": "உதவி, அடிக்கடி கேட்கப்படும் கேள்விகள் மற்றும் தொடர்பு விருப்பங்கள்."
    },
    "terms": {
      "title": "விதிமுறைகள் மற்றும் தனியுரிமைக் கொள்கை",
      "description": "எங்கள் விதிமுறைகள் மற்றும் தரவு கொள்கையை படியுங்கள்."
    },
    "channelReports": {
      "title": "சேனல் அறிக்கைகள்",
      "description": "அறிக்கைகளை நிர்வகிக்கவும் மற்றும் காண்க."
    },
    "appInfo": {
      "title": "அப்ளிகேஷன் தகவல்கள்",
      "description": "பதிப்பு, சட்ட மற்றும் தொழில்நுட்ப விவரங்கள்."
    }
  },"common": {
    "ok": "சரி",
    "cancel": "ரத்து செய்",
    "logout": "லாக்அவுட்"
  },
  "settingsPage": {
    "title": "அமைப்புகள்",
    "account": { "title": "கணக்கு", "description": "தனியுரிமை, பாதுகாப்பு, எண் மாற்று" },
    "privacy": { "title": "தனியுரிமை", "description": "உங்கள் தனியுரிமை அமைப்புகளை கட்டுப்படுத்தவும்" },
    "avatar": { "title": "அவதார்", "description": "சுயவிவரப் புகைப்படத்தை மாற்றவும்" },
    "chats": { "title": "அரட்டைகள்", "description": "தீம், வால்பேப்பர், காப்பு" },
    "accessibility": { "title": "அணுகல்", "description": "உரை அளவு மற்றும் காட்சி விருப்பங்கள்" },
    "notifications": { "title": "அறிவிப்புகள்", "description": "செய்தி, குழு மற்றும் அழைப்பு எச்சரிக்கைகள்" },
    "storage": { "title": "சேமிப்பு மற்றும் தரவு", "description": "சேமிப்பு மற்றும் நெட்வொர்க் பயன்பாட்டை நிர்வகிக்கவும்" },
    "appLanguage": { "title": "பயன்பாட்டு மொழி", "description": "பயன்பாட்டு மொழியைத் தேர்ந்தெடுக்கவும்" },
    "help": { "title": "உதவி மற்றும் கருத்துகள்", "description": "உதவி மையம், எங்களை தொடர்பு கொள்ளவும், பயன்பாட்டு தகவல்" },
    "updates": { "title": "பயன்பாட்டு புதுப்பிப்புகள்", "description": "புதுப்பிப்புகளைச் சரிபார்க்கவும், தானியங்கி புதுப்பிப்பு" },
    "invite": { "title": "நண்பரை அழைக்கவும்", "description": "பயன்பாட்டை தொடர்புகளுடன் பகிரவும்" },
    "logout": {
      "title": "லாக்அவுட்",
      "description": "பயன்பாட்டு தரவை அழித்து வெளியேறவும்",
      "confirmHeader": "லாக்அவுட் உறுதிப்படுத்தவும்",
      "confirmMessage": "நீங்கள் நிச்சயமாக லாக்அவுட் செய்து பயன்பாட்டு தரவை அழிக்க விரும்புகிறீர்களா?",
      "loadingHeader": "லாக்அவுட் செய்யப்படுகிறது",
      "loadingMessage": "தயவுசெய்து காத்திருக்கவும்...",
      "successHeader": "லாக்அவுட் முடிந்தது",
      "successMessage": "நீங்கள் வெற்றிகரமாக லாக்அவுட் செய்துள்ளீர்கள்."
    },
    "defaultStatus": "கிடைக்கிறது"
  },
  "appUpdates": {
    "title": "ஆப் புதுப்பிப்புகள்",
    "version": "பதிப்பு",
    "latestAvailable": "சமீபத்தியது கிடைக்கும்",
    "status": "நிலை",
    "statusMessages": {
      "updateAvailable": "ஒரு புதுப்பிப்பு கிடைக்கிறது.",
      "upToDate": "நீங்கள் சமீபத்திய பதிப்பைப் பயன்படுத்துகிறீர்கள்."
    },
    "badge": {
      "updateAvailable": "புதுப்பிப்பு கிடைக்கிறது",
      "upToDate": "புதியது"
    },
    "checkForUpdates": {
      "title": "புதுப்பிப்புகளைச் சரிபார்க்கவும்",
      "description": "புதிய பதிப்பு கிடைக்கிறதா என்பதை கையேடு மூலம் சரிபார்க்கவும்"
    },
    "checking": "சரிபார்க்கிறது…",
    "toast": {
      "latest": "நீங்கள் சமீபத்திய பதிப்பைப் பயன்படுத்துகிறீர்கள்.",
      "updateAvailable": "புதுப்பிப்பு கிடைக்கிறது: {{version}}",
      "error": "புதுப்பிப்புகளைச் சரிபார்க்க முடியவில்லை. தயவுசெய்து பிறகு முயற்சிக்கவும்."
    }
  },"accountPage": {
    "title": "கணக்கு",
    "securityNotifications": "பாதுகாப்பு அறிவிப்புகள்",
    "passkeys": "பாஸ்கி",
    "emailAddress": "மின்னஞ்சல் முகவரி",
    "twoStep": "இரு படி சரிபார்ப்பு",
    "changeNumber": "எண்ணை மாற்றவும்",
    "requestInfo": "கணக்கு தகவலை கோரவும்",
    "addAccount": "கணக்கைச் சேர்",
    "deleteAccount": "கணக்கை நீக்கு",
    "confirmDelete": {
      "title": "கணக்கை நீக்கவா?",
      "message": "இந்த செயல் உங்கள் கணக்கு மற்றும் தரவை நிரந்தரமாக நீக்கும்.",
      "confirm": "நீக்கு",
      "cancel": "ரத்து செய்",
      "log": "கணக்கு நீக்கல் மோடல் திறக்கப்பட்டது"
    }
  }, "accessibility": {
  "title": "அணுகல் வசதி",
  "groups": {
    "displayMotion": "காட்சி மற்றும் இயக்கம்",
    "interaction": "இணைவு"
  },
  "increaseContrast": {
    "title": "மாறுபாட்டை அதிகரிக்கவும்",
    "desc": "ஒளி நிலையிலுள்ள வாசிப்பை மேம்படுத்த முக்கிய வண்ணங்களை அடர்த்தி செய்யவும்."
  },
  "reduceMotion": {
    "title": "இயக்கத்தை குறைக்கவும்",
    "desc": "அனிமேஷன் ஸ்டிக்கர்கள், GIFகள் மற்றும் மாற்றங்களை குறைக்கவும்."
  },
  "largeText": {
    "title": "பெரிய எழுத்து",
    "desc": "எளிதில் வாசிக்க சிஸ்டம் எழுத்துரு அளவை அதிகரிக்கவும்."
  },
  "simpleAnimations": {
    "title": "எளிய அனிமேஷன்கள்",
    "desc": "எளிதாகப் பயன்படுத்த சிக்கலான அனிமேஷன்களை குறைக்கவும்."
  },
  "grayscale": {
    "title": "சாம்பல் அளவுகள் முறை",
    "desc": "கண் சோர்வை குறைக்க அனைத்து வண்ணங்களையும் சாம்பல் நிறங்களில் மாற்றவும்."
  }
}
, "privacyPage": {
    "title": "தனியுரிமை",
    "groups": {
      "whoCanSee": "என் தகவலை யார் பார்க்கலாம்",
      "other": "மற்றவை"
    },
    "lastSeen": {
      "title": "கடைசியாக காணப்பட்டது & ஆன்லைன்",
      "desc": "உங்கள் கடைசியாக காணப்பட்டது மற்றும் ஆன்லைன் நிலையை யார் பார்க்க முடியும் என்பதை கட்டுப்படுத்தவும்"
    },
    "profilePhoto": {
      "title": "சுயவிவர படம்",
      "desc": "உங்கள் படத்தை யார் பார்க்க முடியும் என்பதைத் தேர்ந்தெடுக்கவும்"
    },
    "about": {
      "title": "பற்றி",
      "desc": "உங்கள் பற்றி தகவலை யார் பார்க்க முடியும் என்பதை கட்டுப்படுத்தவும்"
    },
    "status": {
      "title": "நிலை",
      "desc": "உங்கள் நிலை மேம்பாடுகளை யார் பார்க்க முடியும் என்பதை நிர்வகிக்கவும்"
    },
    "blocked": {
      "title": "தடைசெய்யப்பட்ட தொடர்புகள்",
      "desc": "தடைசெய்யப்பட்ட பயனர்களைப் பார்க்கவும் மற்றும் நிர்வகிக்கவும்"
    },
    "options": {
      "everyone": "அனைவரும்",
      "contacts": "என் தொடர்புகள்",
      "nobody": "யாரும் இல்லை"
    }
  },"avatarPage": {
    "title": "உங்கள் அவதாரத்தை உருவாக்கவும்",
    "previewAlt": "அவதார் முன்னோட்டம்",
    "sections": {
      "customization": "தனிப்பயன் விருப்பங்கள்"
    },
    "fields": {
      "hair": "முடி",
      "accessories": "அணிகலன்கள்",
      "hairColor": "முடி நிறம்",
      "eyes": "கண்கள்",
      "mouth": "வாய்",
      "clothes": "உடைகள்",
      "skin": "தோல்"
    },
    "placeholders": {
      "hair": "முடி ஸ்டைலைத் தேர்ந்தெடுக்கவும்",
      "accessories": "அணிகலன்களைத் தேர்ந்தெடுக்கவும்",
      "hairColor": "முடி நிறத்தைத் தேர்ந்தெடுக்கவும்",
      "eyes": "கண்களின் ஸ்டைலைத் தேர்ந்தெடுக்கவும்",
      "mouth": "வாயின் ஸ்டைலைத் தேர்ந்தெடுக்கவும்",
      "clothes": "உடைகளைத் தேர்ந்தெடுக்கவும்",
      "skin": "தோல் நிறத்தைத் தேர்ந்தெடுக்கவும்"
    },
    "buttons": {
      "download": "பதிவிறக்கவும்",
      "downloading": "பதிவிறக்கப்படுகிறது…",
      "save": "சேமிக்கவும்"
    },
    "toast": {
      "saved": "அவதார் விருப்பங்கள் உள்ளூரில் சேமிக்கப்பட்டுள்ளன.",
      "downloadError": "பதிவிறக்கம் தோல்வியடைந்தது. மீண்டும் முயற்சிக்கவும்."
    }
  },"notifications": {
    "title": "அறிவிப்புகள்",
    "highPriority": {
      "title": "உயர் முன்னுரிமை அறிவிப்புகளைப் பயன்படுத்தவும்",
      "desc": "Do Not Disturb இயக்கப்பட்டிருந்தாலும், ஒலி மற்றும் முன்னோட்டத்துடன் அறிவிப்புகளைப் பெறுங்கள்"
    },
    "message": {
      "title": "செய்தி அறிவிப்புகள்",
      "desc": "செய்திகளுக்கான எச்சரிக்கைகளை தனிப்பயனாக்கவும்"
    },
    "group": {
      "title": "குழு அரட்டை அறிவிப்புகள்",
      "desc": "குழு அரட்டைக்கான அறிவிப்புகளை நிர்வகிக்கவும்"
    },
    "call": {
      "title": "அழைப்பு அறிவிப்புகள்",
      "desc": "ரிங்டோன்கள் மற்றும் அதிர்வு அமைப்புகள்"
    }
  },"storage": {
    "title": "சேமிப்பு மற்றும் தரவு",
    "totalUsedHuman": "{{used}} MB / {{total}} MB",
    "cards": {
      "usage": {
        "title": "சேமிப்பு பயன்பாடு",
        "used": "{{mb}} MB பயன்படுத்தப்பட்டது",
        "total": "மொத்தம் {{mb}} MB"
      }
    },
    "sections": {
      "network": "நெட்வொர்க் பயன்பாடு",
      "manage": "நிர்வகிக்கவும்"
    },
    "network": {
      "sent": {
        "title": "அனுப்பிய தரவு",
        "subtitle": "{{val}}"
      },
      "received": {
        "title": "பெற்ற தரவு",
        "subtitle": "{{val}}"
      }
    },
    "manage": {
      "title": "சேமிப்பை நிர்வகிக்கவும்",
      "desc": "பெரிய கோப்புகள், அரட்டைகள் மற்றும் மீடியாவை பரிசீலித்து நீக்கவும்"
    },
    "autoDownload": {
      "title": "மீடியா தானியங்கி பதிவிறக்கம்",
      "desc": "மொபைல்/வைஃபை/ரோமிங்கில் எது பதிவிறக்கம் செய்யப்பட வேண்டும் என்பதை கட்டுப்படுத்து"
    },
    "actions": {
      "analyze": "பகுப்பாய்வு",
      "clearCache": "கேஷ் அழிக்கவும்",
      "resetStats": "புள்ளிவிவரங்களை மீட்டமைக்கவும்"
    },
    "toast": {
      "cleared": "{{mb}} MB கேஷ் அழிக்கப்பட்டது",
      "statsReset": "நெட்வொர்க் புள்ளிவிவரங்கள் மீட்டமைக்கப்பட்டன"
    }
  },"chats": {
    "title": "அரட்டைகள்",
    "sections": {
      "appearance": "தோற்றம்",
      "behavior": "செய்தி நடத்தை",
      "management": "அரட்டை மேலாண்மை"
    },
    "items": {
      "theme": {
        "title": "தீம்",
        "sub": "கணினி இயல்புநிலை"
      },
      "chatTheme": {
        "title": "இயல்புநிலை அரட்டை தீம்",
        "sub": "வால்பேப்பர் அல்லது தீம் தேர்ந்தெடுக்கவும்"
      },
      "fontSize": {
        "title": "எழுத்துரு அளவு",
        "sub": "நடுத்தர"
      },
      "enterToSend": {
        "title": "Enter மூலம் அனுப்பவும்",
        "sub": "செய்தி அனுப்ப Enter அழுத்தவும்"
      },
      "mediaVisibility": {
        "title": "மீடியா காட்சி",
        "sub": "புதிய பதிவிறக்கம் செய்யப்பட்ட மீடியாவை உங்கள் கேலரியில் காட்டவும்"
      },
      "keepArchived": {
        "title": "அரட்டைகளை காப்பகத்தில் வைத்திருங்கள்",
        "sub": "புதிய செய்திகள் வந்தாலும் காப்பகத்தில் உள்ள அரட்டைகள் அப்படியே இருக்கும்"
      },
      "transcripts": {
        "title": "குரல் செய்தி உரைகள்",
        "sub": "புதிய குரல் செய்திகளை தானாக உரையில் மாற்றவும்"
      },
      "backup": {
        "title": "அரட்டை காப்பு",
        "sub": "செய்திகளை மேக சேமிப்பில் காப்பு எடுக்கவும்"
      },
      "transfer": {
        "title": "அரட்டைகளை மாற்றவும்",
        "sub": "சாதனங்களுக்கு இடையே அரட்டைகளை நகர்த்தவும்"
      },
      "history": {
        "title": "அரட்டை வரலாறு",
        "sub": "அனைத்து அரட்டைகளையும் ஏற்றுமதி, காப்பக, அழிக்க அல்லது நீக்கவும்"
      }
    },
    "toasts": {
      "enter": {
        "enabled": "Enter மூலம் அனுப்புதல் இயக்கப்பட்டது",
        "disabled": "Enter மூலம் அனுப்புதல் முடக்கப்பட்டது"
      },
      "media": {
        "on": "மீடியா காட்சி இயக்கப்பட்டது",
        "off": "மீடியா காட்சி முடக்கப்பட்டது"
      },
      "archived": {
        "enabled": "காப்பக வைத்திருத்தல் இயக்கப்பட்டது",
        "disabled": "காப்பக வைத்திருத்தல் முடக்கப்பட்டது"
      },
      "transcripts": {
        "enabled": "குரல் செய்தி உரைகள் இயக்கப்பட்டது",
        "disabled": "குரல் செய்தி உரைகள் முடக்கப்பட்டது"
      },
      "backup": {
        "starting": "காப்பு தொடங்குகிறது…",
        "done": "காப்பு நிறைவு பெற்றது"
      }
    }
  }, "profilePage": {
    "title": "சுயவிவரம்",
    "imageAlt": "சுயவிவர படம்",
    "buttons": {
      "edit": "திருத்து",
      "addLinks": "இணைப்புகள் சேர்",
      "cancel": "ரத்து செய்"
    },
    "fields": {
      "name": "பெயர்",
      "about": "பற்றி",
      "phone": "தொலைபேசி",
      "links": "இணைப்புகள்"
    },
    "actions": {
      "source": {
        "header": "பட மூலத்தைத் தேர்ந்தெடு",
        "camera": "கேமரா",
        "gallery": "கேலரி"
      }
    },
    "loading": {
      "openingCamera": "கேமரா திறக்கப்படுகிறது...",
      "processing": "படம் செயலாக்கப்படுகிறது...",
      "updating": "சுயவிவர படம் புதுப்பிக்கப்படுகிறது..."
    },
    "validation": {
      "size": "படத்தின் அளவு 5MB-க்கு குறைவாக இருக்க வேண்டும்",
      "type": "சரியான பட கோப்பைத் தேர்ந்தெடுக்கவும் (JPEG, PNG, WebP)"
    },
    "toast": {
      "loadFailed": "சுயவிவர தரவை ஏற்றுவதில் தோல்வி",
      "imageLoadFailed": "சுயவிவர படத்தை ஏற்றுவதில் தோல்வி",
      "selectFailed": "படத்தைத் தேர்வதில் தோல்வி. மீண்டும் முயற்சிக்கவும்.",
      "processFailed": "படத்தை செயலாக்கும்போது பிழை. மீண்டும் முயற்சிக்கவும்.",
      "noUser": "பயனர் ஐடி காணப்படவில்லை",
      "updated": "சுயவிவர படம் வெற்றிகரமாக புதுப்பிக்கப்பட்டது!",
      "updateFailed": "சுயவிவர படத்தை புதுப்பிக்க முடியவில்லை"
    }
  },"footerTabs": {
    "chat": "அரட்டை",
    "updates": "புதுப்பிப்புகள்",
    "communities": "சமூகங்கள்",
    "calls": "அழைப்புகள்",
    "badges": {
      "unreadChats": "{{count}} படிக்காத அரட்டைகள்",
      "unreadUpdates": "{{count}} புதுப்பிப்புகள்"
    }
  }, "socialLinks": {
    "title": "இணைப்புகள்",
    "intro": "உங்கள் சுயவிவரத்தில் இணைப்புகளைச் சேர்ப்பது, உங்கள் தொடர்புகள் உங்கள் பிற சுயவிவரங்களை எளிதாக அணுக உதவும்.",
    "instagram": {
      "title": "இன்ஸ்டாகிராம்",
      "add": "உங்கள் இன்ஸ்டாகிராமைச் சேர்க்கவும்"
    },
    "actions": {
      "add": "சேர்",
      "edit": "திருத்து"
    },
    "privacy": {
      "note": "யார் உங்கள் இணைப்புகளைப் பார்க்க முடியும் என்பதை நிர்வகிக்க செல்லவும்",
      "link": "தனியுரிமை அமைப்புகள்"
    }
  },
  "addInstagram": {
    "title": "இன்ஸ்டாகிராம் சேர்",
    "loading": "ஏற்றப்படுகிறது...",
    "saving": "சேமிக்கிறது...",
    "usernameLabel": "இன்ஸ்டாகிராம் பயனர் பெயர்",
    "usernamePlaceholder": "பயனர் பெயர்",
    "hint": {
      "text": "இன்ஸ்டாகிராம் பயனர் பெயரைச் சேர்ப்பதால் அது உங்கள் சுயவிவரத்தில் தெரியும்.",
      "learnMore": "மேலும் அறிக"
    },
    "save": "சேமிக்கவும்",
    "validation": {
      "required": "உங்கள் இன்ஸ்டாகிராம் பயனர் பெயரை உள்ளிடவும்",
      "invalid": "சரியான பயனர் பெயரை உள்ளிடவும் (இடைவெளிகள் இன்றி, அதிகபட்சம் 30 எழுத்துகள்)"
    },
    "toast": {
      "fetchFailed": "இன்ஸ்டாகிராம் இணைப்பைப் பெற முடியவில்லை",
      "saved": "இன்ஸ்டாகிராம் வெற்றிகரமாக சேமிக்கப்பட்டது!",
      "saveFailed": "இன்ஸ்டாகிராம் இணைப்பை புதுப்பிக்க முடியவில்லை. மீண்டும் முயற்சிக்கவும்."
    }
  },"home": {
    "search": { "placeholder": "-ஐ கேளுங்கள் அல்லது தேடுங்கள்" },
    "filters": { "all": "அனைத்தும்", "read": "படிக்கப்பட்டது", "unread": "படிக்காதது", "groups": "குழுக்கள்" },
    "groupCreator": { "placeholder": "குழு பெயரை உள்ளிடவும்" },
    "typing": "டைப் செய்கிறது...",
    "time": { "yesterday": "நேற்று" },
    "preview": {
      "deleted": "இந்த செய்தி நீக்கப்பட்டது",
      "encrypted": "[குறியாக்கப்பட்டது]",
      "media": {
        "photo": "புகைப்படம்",
        "video": "வீடியோ",
        "audio": "ஆடியோ",
        "file": "இணைப்பு",
        "generic": "[மீடியா]"
      }
    },
    "actions": {
      "scan": "QR ஸ்கேன் செய்யவும்",
      "camera": "கேமரா திறக்கவும்",
      "menu": "மெனுவை திறக்கவும்",
      "contacts": "தொடர்புகள்"
    },
    "scan": {
      "onlyDevice": "பார்கோடு ஸ்கேன் செய்வது உண்மையான சாதனத்தில் மட்டுமே செயல்படும்.",
      "permission": "பார்கோடு ஸ்கேன் செய்ய கேமரா அனுமதி தேவை.",
      "notFound": "பார்கோடு எதுவும் கிடைக்கவில்லை.",
      "error": "ஸ்கேன் செய்யும் போது ஏதோ தவறு ஏற்பட்டது."
    },
    "logout": {
      "header": "லாக்அவுட்",
      "message": "அமர்வு காலாவதியானது."
    },
    "alt": { "profile": "சுயவிவரம்" }
  },"menu": {
    "newGroup": "புதிய குழு",
    "newCommunity": "புதிய சமூகங்கள்",
    "newBroadcast": "புதிய ஒளிபரப்பு (WIP)",
    "starred": "நட்சத்திரம் (WIP)",
    "readAll": "அனைத்தையும் படிக்கவும் (WIP)",
    "settings": "அமைப்புகள்",
    "createChannels": "சேனல்கள் உருவாக்கவும் (WIP)",
    "statusPrivacy": "நிலையின் தனியுரிமை (WIP)",
    "clearCallLogs": "அழைப்பு பதிவுகளை அழிக்கவும் (WIP)"
  },"userabout": {
    "members": "உறுப்பினர்கள்",
    "group": "குழு",
    "groups": "குழுக்கள்",
    "inCommon": "பொதுவானவை",
    "toolbar": {
      "message": "செய்தி",
      "call": "அழைப்பு",
      "video": "வீடியோ",
      "add": "சேர்"
    },
    "defaults": {
      "heyThere": "வணக்கம்! நான் Telldemm பயன்படுத்துகிறேன்.",
      "noGroupDescription": "குழுவிற்கு விவரணம் இல்லை.",
      "unknown": "தெரியாதது",
      "unknownDate": "தெரியாத தேதி",
      "unnamedGroup": "பெயரிடப்படாத குழு"
    },
    "updatedOn": "புதுப்பிக்கப்பட்டது",
    "createdByOn": "{{name}} உருவாக்கியவர்",
    "media": {
      "title": "ஊடகங்கள், இணைப்புகள் மற்றும் ஆவணங்கள்"
    },
    "notifications": "அறிவிப்புகள்",
    "mediaVisibility": "ஊடகக் காட்சி",
    "encryption": {
      "title": "குறியாக்கம்",
      "subtitle": "செய்திகளும் அழைப்புகளும் முற்றிலும் குறியாக்கம் செய்யப்பட்டுள்ளன. சரிபார்க்க தட்டவும்."
    },
    "disappearing": "காணாமல் போகும் செய்திகள்",
    "chatLock": {
      "title": "அரட்டை பூட்டு",
      "subtitle": "இந்த சாதனத்தில் இந்த அரட்டையை பூட்டவும் மறைக்கவும்."
    },
    "advancedPrivacy": {
      "title": "மேம்பட்ட அரட்டை தனியுரிமை",
      "off": "ஆஃப்"
    },
    "createGroupWith": "{{name}} உடன் குழுவை உருவாக்கு",
    "commonGroupWith": "{{name}} உடன் பொதுவான குழு",
    "groupMembers": "குழு உறுப்பினர்கள்",
    "addMembers": "உறுப்பினர்களைச் சேர்",
    "groupAdmin": "குழு நிர்வாகி",
    "viewPastMembers": "முந்தைய உறுப்பினர்களைப் பார்க்கவும்",
    "addToFavourites": "விருப்பங்களில் சேர்",
    "addToList": "பட்டியலில் சேர்",
    "block": "{{name}}-ஐ தடை செய்",
    "unblock": "{{name}}-ஐ தடையை நீக்கு",
    "report": "{{name}}-ஐ புகார் செய்",
    "actions": {
      "message": "செய்தி",
      "dismissAdmin": "நிர்வாகியிலிருந்து நீக்கு",
      "makeAdmin": "நிர்வாகியாக்கு",
      "removeFromGroup": "குழுவிலிருந்து நீக்கு"
    },
    "toasts": {
      "madeAdmin": "{{name}} இப்போது நிர்வாகி",
      "dismissedAdmin": "{{name}} இனி நிர்வாகி இல்லை",
      "removedFromGroup": "{{name}} குழுவிலிருந்து நீக்கப்பட்டார்",
      "blocked": "{{name}} தடைசெய்யப்பட்டார்.",
      "unblocked": "{{name}} தடையை நீக்கினார்.",
      "reported": "{{name}} புகார் செய்யப்பட்டார்.",
      "reportedAndBlocked": "{{name}} புகார் செய்யப்பட்டு தடைசெய்யப்பட்டார்."
    },
    "errors": {
      "makeAdmin": "{{name}}-ஐ நிர்வாகியாக்க முடியவில்லை",
      "dismissAdmin": "{{name}}-ஐ நிர்வாகியிலிருந்து நீக்க முடியவில்லை",
      "removeMember": "உறுப்பினரை நீக்கும் போது பிழை"
    },
    "alerts": {
      "block": {
        "header": "தொடர்பை தடு",
        "message": "நீங்கள் இனி {{name}}-இருந்து செய்திகள் அல்லது அழைப்புகளை பெற மாட்டீர்கள்.",
        "cta": "தடு"
      },
      "unblock": {
        "header": "தொடர்பை தடையை நீக்கு",
        "message": "நீங்கள் உண்மையிலேயே {{name}}-ஐ தடையை நீக்க விரும்புகிறீர்களா?"
      },
      "report": {
        "header": "தொடர்பை புகார் செய்",
        "message": "கடைசி 5 செய்திகள் {{name}}-இருந்து புகார் செய்யப்படும். இந்த பயனரை தடைசெய்ய விரும்புகிறீர்களா?",
        "alsoBlock": "தொடர்பையும் தடை செய்",
        "cta": "புகார்"
      }
    }
  },"invite": {
    "header": "நண்பரை அழைக்கவும்",
    "actions": {
      "search": "தொடர்புகளைத் தேடவும்",
      "shareLink": "ஆப்பின் இணைப்பை பகிரவும்",
      "fromContacts": "தொடர்புகளில் இருந்து அழைக்கவும்",
      "invite": "அழைக்கவும்"
    },
    "share": {
      "title": "இந்த ஆப்பில் என்னுடன் சேருங்கள்!",
      "subtitle": "ஏதாவது ஒரு ஆப்பின் மூலம் பதிவிறக்க இணைப்பை அனுப்பவும்",
      "body": "இந்த அற்புதமான ஆப்பைப் பாருங்கள். இங்கே பதிவிறக்கவும்:",
      "button": "பகிரவும்",
      "success": "இணைப்பு பகிரப்பட்டது",
      "copied": "இணைப்பு நகலெடுக்கப்பட்டது"
    },
    "contacts": {
      "title": "தொடர்புகளில் இருந்து",
      "subtitle": "உங்கள் தொலைபேசி புத்தகத்திலிருந்து நேரடியாக அழைக்கவும்",
      "header": "தொடர்புகளில் இருந்து",
      "notOnApp": "இன்னும் ஆப்பில் இல்லை"
    },
    "title": "இந்த ஆப்பில் என்னுடன் சேருங்கள்!",
    "text": "இந்த அற்புதமான ஆப்பைப் பாருங்கள். இங்கே பதிவிறக்கவும்:",
    "dialogTitle": "ஆப் இணைப்பைப் பகிரவும்",
    "toasts": {
      "openContacts": "தொடர்புகளைத் திறக்கிறது...",
      "searchContacts": "தொடர்பு தேடல் தட்டப்பட்டது.",
      "invited": "{{phone}} க்கு அழைப்பு அனுப்பப்பட்டது"
    },
    "errors": {
      "shareFailed": "பகிரும் தாளைத் திறக்க முடியவில்லை."
    }
  },"community": {
    "manageGroups": {
    "title": "குழுக்களை நிர்வகிக்கவும்",
    "groups": "குழுக்கள்",
    "createNew": "புதிய குழுவை உருவாக்கவும்",
    "addExisting": "ஏற்கனவே உள்ள குழுக்களைச் சேர்க்கவும்",
    "info": "உறுப்பினர்கள், நிர்வாகி அனுமதிக்காக உள்ள குழுக்களை பரிந்துரைக்கலாம் மற்றும் புதிய குழுக்களை நேரடியாகச் சேர்க்கலாம். பார்க்க",
    "settingsLink": "சமூக அமைப்புகள்",
    "listHeader": "இந்த சமூகத்தில் உள்ள குழுக்கள்",
    "loading": "குழுக்கள் ஏற்றப்படுகின்றன...",
    "empty": "இந்த சமூகத்திற்கு எந்தக் குழுக்களும் கிடைக்கவில்லை",
    "members": "உறுப்பினர்கள்",
    "unnamedGroup": "பெயரிடப்படாத குழு",
    "remove": {
      "header": "சமூகத்திலிருந்து குழுவை அகற்று",
      "message": "இந்தக் குழுவை சமூகத்திலிருந்து அகற்ற விரும்புகிறீர்களா? குழு இருக்கும் ஆனால் இனி சமூகத்திற்குச் சேர்ந்ததாக இருக்காது.",
      "alsoRemoveMembers": "இந்தக் குழுவின் உறுப்பினர்களையும் சமூகத்திலிருந்தும் குழுவிலிருந்தும் அகற்று",
      "cta": "அகற்று",
      "aria": "சமூகத்திலிருந்து குழுவை அகற்று"
    },
    "toasts": {
      "removed": "குழு சமூகத்திலிருந்து அகற்றப்பட்டது மற்றும் உறுப்பினர்கள் புதுப்பிக்கப்பட்டனர்",
      "removeFailed": "குழுவை அகற்ற முடியவில்லை. மீண்டும் முயற்சிக்கவும்."
    }
  },
    "title": "சமூகங்கள்",
    "actions": {
      "qr": "QR செயல்களைத் திறக்கவும்",
      "menu": "மெனுவைத் திறக்கவும்"
    },
    "newCommunity": "புதிய சமூகங்கள்",
    "unnamedCommunity": "பெயரிடப்படாத சமூகங்கள்",
    "viewAll": "அனைத்தையும் பார்க்க",
    "groupType": {
    "normal": "சாதாரண குழு",
    "announcement": "அறிவிப்பு குழு",
    "general": "ஜெனரல் குழு"
  },
    "newGroup": {
      "header": "புதிய குழு",
      "placeholder": "குழு பெயர்",
      "create": "உருவாக்கு"
    },
    "toasts": {
      "groupCreated": "குழு உருவாக்கப்பட்டது"
    }
  },"community_menu_component": {
    "info": "சமூகத் தகவல்",
    "invite": "உறுப்பினர்களை அழைக்கவும்",
    "settings": "சமூக அமைப்புகள்"
  },
  "group_preview_modal_component": {
    "close": "மூடு",
    "groupIcon": "குழு சின்னம்",
    "createdBy": "{{name}} உருவாக்கியது",
    "noMembers": "இன்னும் உறுப்பினர்கள் இல்லை",
    "noDescription": "விளக்கம் இல்லை",
    "communityLabel": "சமூகம்:",
    "joinNote": "சேரும்போது, ​​நீங்கள் உடனடியாக உறுப்பினராகிவிடுவீர்கள்.",
    "joinCta": "குழுவில் சேரவும்"
  }, "add_existing_groups_page": {
    "header": "ஏற்கனவே உள்ள குழுக்களைச் சேர்க்கவும்",
    "actions": {
      "search": "குழுக்களைத் தேடவும்",
      "confirm": "தேர்வை உறுதிப்படுத்தவும்",
      "removeChip": "தேர்ந்தெடுக்கப்பட்ட குழுவை அகற்று"
    },
    "of": "இல்",
    "selected": "தேர்ந்தெடுக்கப்பட்டது",
    "banner": "குழுக்களில் உள்ள அனைவரும் சமூகத்தில் சேர்க்கப்படுவார்கள்.",
    "listHeader": "நீங்கள் நிர்வாகியாக உள்ள குழுக்கள்",
    "loading": "குழுக்கள் ஏற்றப்படுகின்றன...",
    "empty": "எந்த நிர்வாகக் குழுக்களும் இல்லை",
    "checkboxLabel": "குழுவைத் தேர்ந்தெடுக்கவும்",
    "unnamedGroup": "பெயரிடப்படாத குழு",
    "toasts": {
      "selectAtLeastOne": "குறைந்தது ஒரு குழுவையாவது தேர்ந்தெடுக்கவும்"
    }
  }
}
