{
  "meta": {
    "generatedAt": "2025-09-25T06:49:05.846991Z",
    "note": "Translations for email-edit page.",
    "translated": true,
    "locale": "te-IN"
  },
  "emailEdit": {
    "title": "ఈమెయిల్ చిరునామా",
    "description": "ఈమెయిల్ మీ ఖాతాకు ప్రాప్యత పొందడానికి సహాయపడుతుంది. ఇది ఇతరులకు కనిపించదు.",
    "label": "ఈమెయిల్",
    "verified": "ధృవీకరించబడింది",
    "placeholder": "you@example.com",
    "edit": "మార్చు",
    "cancel": "రద్దు చేయి",
    "save": "సేవ్ చేయి",
    "savedSuccess": "ఈమెయిల్ విజయవంతంగా సేవ్ చేయబడింది.",
    "validation": {
      "required": "ఈమెయిల్ అవసరం.",
      "invalid": "దయచేసి సరైన ఈమెయిల్ చిరునామాను నమోదు చేయండి.",
      "maxlength": "ఈమెయిల్ చాలా పొడవుగా ఉంది (గరిష్టంగా 254 అక్షరాలు)."
    }
  },
  "helpPage": {
    "title": "సహాయం",
    "helpCenter": {
      "title": "హెల్ప్ సెంటర్",
      "description": "సహాయం పొందండి, తరచుగా అడిగే ప్రశ్నలు మరియు సంప్రదింపు ఎంపికలు."
    },
    "terms": {
      "title": " నిబంధనలు & గోప్యతా పాలసీ",
      "description": "మా నిబంధనలు మరియు డేటా పాలసీని చదవండి."
    },
    "channelReports": {
      "title": "చానల్ నివేదికలు",
      "description": "నివేదికలను నిర్వహించండి మరియు వీక్షించండి."
    },
    "appInfo": {
      "title": "యాప్ సమాచారం",
      "description": "వర్షన్, చట్టపరమైన మరియు సాంకేతిక వివరాలు."
    }
  },"common": {
    "ok": "సరే",
    "cancel": "రద్దు చేయి",
    "logout": "లాగ్ అవుట్"
  },
  "settingsPage": {
    "title": "సెట్టింగ్‌లు",
    "account": { "title": "ఖాతా", "description": "గోప్యత, భద్రత, నంబర్ మార్చు" },
    "privacy": { "title": "గోప్యత", "description": "మీ గోప్యతా సెట్టింగ్‌లను నియంత్రించండి" },
    "avatar": { "title": "అవతార్", "description": "ప్రొఫైల్ ఫోటోను మార్చండి" },
    "chats": { "title": "చాట్లు", "description": "థీమ్, వాల్‌పేపర్, బ్యాకప్" },
    "accessibility": { "title": "ప్రాప్యత", "description": "పాఠ్యం పరిమాణం మరియు ప్రదర్శన ఎంపికలు" },
    "notifications": { "title": "నోటిఫికేషన్లు", "description": "సందేశాలు, గ్రూపులు మరియు కాల్ అలర్ట్‌లు" },
    "storage": { "title": "స్టోరేజ్ మరియు డేటా", "description": "స్టోరేజ్ మరియు నెట్‌వర్క్ వినియోగాన్ని నిర్వహించండి" },
    "appLanguage": { "title": "యాప్ భాష", "description": "యాప్ భాషను ఎంచుకోండి" },
    "help": { "title": "సహాయం మరియు అభిప్రాయం", "description": "సహాయం కేంద్రం, మమ్మల్ని సంప్రదించండి, యాప్ సమాచారం" },
    "updates": { "title": "యాప్ నవీకరణలు", "description": "నవీకరణలను తనిఖీ చేయండి, ఆటో నవీకరణ" },
    "invite": { "title": "మిత్రుడిని ఆహ్వానించండి", "description": "యాప్‌ను కాంటాక్ట్‌లతో పంచుకోండి" },
    "logout": {
      "title": "లాగ్ అవుట్",
      "description": "యాప్ డేటాను క్లియర్ చేసి సైన్ అవుట్ చేయండి",
      "confirmHeader": "లాగ్ అవుట్‌ను నిర్ధారించండి",
      "confirmMessage": "మీరు ఖచ్చితంగా లాగ్ అవుట్ చేసి యాప్ డేటాను క్లియర్ చేయాలనుకుంటున్నారా?",
      "loadingHeader": "లాగ్ అవుట్ అవుతోంది",
      "loadingMessage": "దయచేసి వేచి ఉండండి...",
      "successHeader": "లాగ్ అవుట్ అయ్యింది",
      "successMessage": "మీరు విజయవంతంగా లాగ్ అవుట్ అయ్యారు."
    },
    "defaultStatus": "అందుబాటులో ఉంది"
  },
  "appUpdates": {
    "title": "యాప్ నవీకరణలు",
    "version": "వెర్షన్",
    "latestAvailable": "తాజా లభ్యం",
    "status": "స్థితి",
    "statusMessages": {
      "updateAvailable": "ఒక నవీకరణ అందుబాటులో ఉంది.",
      "upToDate": "మీరు తాజా వెర్షన్‌లో ఉన్నారు."
    },
    "badge": {
      "updateAvailable": "నవీకరణ అందుబాటులో ఉంది",
      "upToDate": "తాజా"
    },
    "checkForUpdates": {
      "title": "నవీకరణలను తనిఖీ చేయండి",
      "description": "క్రొత్త వెర్షన్ అందుబాటులో ఉందా అని మాన్యువల్‌గా తనిఖీ చేయండి"
    },
    "checking": "తనిఖీ చేస్తోంది…",
    "toast": {
      "latest": "మీరు తాజా వెర్షన్ ఉపయోగిస్తున్నారు.",
      "updateAvailable": "నవీకరణ అందుబాటులో ఉంది: {{version}}",
      "error": "నవీకరణలను తనిఖీ చేయలేకపోయాం. దయచేసి తర్వాత మళ్లీ ప్రయత్నించండి."
    }
  }, "accountPage": {
    "title": "ఖాతా",
    "securityNotifications": "భద్రతా ప్రకటనలు",
    "passkeys": "పాస్‌కీలు",
    "emailAddress": "ఇమెయిల్ చిరునామా",
    "twoStep": "రెండు-దశల ధృవీకరణ",
    "changeNumber": "నంబర్ మార్చండి",
    "requestInfo": "ఖాతా సమాచారాన్ని అభ్యర్థించండి",
    "addAccount": "ఖాతా జోడించండి",
    "deleteAccount": "ఖాతా తొలగించండి",
    "confirmDelete": {
      "title": "ఖాతాను తొలగించాలా?",
      "message": "ఈ చర్య మీ ఖాతా మరియు డేటాను శాశ్వతంగా తొలగిస్తుంది.",
      "confirm": "తొలగించు",
      "cancel": "రద్దు చేయి",
      "log": "ఖాతా తొలగింపు మోడల్ తెరవబడింది"
    }
  }, "accessibility": {
  "title": "ప్రాప్యత",
  "groups": {
    "displayMotion": "ప్రదర్శన & చలనము",
    "interaction": "అంతర్రియాక్షన్"
  },
  "increaseContrast": {
    "title": "కాంట్రాస్ట్ పెంచండి",
    "desc": "లైట్ మోడ్‌లో పఠన సామర్థ్యాన్ని మెరుగుపరచడానికి ప్రధాన రంగులను ముదురు చేయండి."
  },
  "reduceMotion": {
    "title": "చలనాన్ని తగ్గించండి",
    "desc": "అనిమేటెడ్ స్టికర్లు, GIFలు మరియు మార్పులను తగ్గించండి."
  },
  "largeText": {
    "title": "పెద్ద పాఠ్యం",
    "desc": "సులభంగా చదవడానికి సిస్టమ్ ఫాంట్ పరిమాణాన్ని పెంచండి."
  },
  "simpleAnimations": {
    "title": "సరళమైన యానిమేషన్లు",
    "desc": "సులభమైన పరస్పర చర్య కోసం క్లిష్టమైన యానిమేషన్లను తగ్గించండి."
  },
  "grayscale": {
    "title": "గ్రేస్కేల్ మోడ్",
    "desc": "కంటిచూపు అలసట తగ్గించడానికి అన్ని రంగులను బూడిదరంగు ఛాయలుగా మార్చండి."
  }
}
,"privacyPage": {
    "title": "గోప్యత",
    "groups": {
      "whoCanSee": "నా సమాచారం ఎవరు చూడగలరు",
      "other": "ఇతర"
    },
    "lastSeen": {
      "title": "చివరిసారిగా చూసింది & ఆన్‌లైన్",
      "desc": "మీ చివరిసారి చూసింది మరియు ఆన్‌లైన్ స్థితిని ఎవరు చూడగలరో నియంత్రించండి"
    },
    "profilePhoto": {
      "title": "ప్రొఫైల్ ఫోటో",
      "desc": "మీ ఫోటోను ఎవరు చూడగలరో ఎంచుకోండి"
    },
    "about": {
      "title": "గురించి",
      "desc": "మీ గురించి సమాచారాన్ని ఎవరు చూడగలరో నియంత్రించండి"
    },
    "status": {
      "title": "స్థితి",
      "desc": "మీ స్థితి నవీకరణలను ఎవరు చూడగలరో నిర్వహించండి"
    },
    "blocked": {
      "title": "బ్లాక్ చేసిన కాంటాక్టులు",
      "desc": "బ్లాక్ చేసిన వినియోగదారులను చూడండి మరియు నిర్వహించండి"
    },
    "options": {
      "everyone": "అందరూ",
      "contacts": "నా కాంటాక్టులు",
      "nobody": "ఎవరూ కాదు"
    }
  },"avatarPage": {
    "title": "మీ అవతార్‌ను సృష్టించండి",
    "previewAlt": "అవతార్ ప్రివ్యూ",
    "sections": {
      "customization": "అనుకూలీకరణ ఎంపికలు"
    },
    "fields": {
      "hair": "జుట్టు",
      "accessories": "అనుబంధాలు",
      "hairColor": "జుట్టు రంగు",
      "eyes": "కళ్లు",
      "mouth": "నోరు",
      "clothes": "దుస్తులు",
      "skin": "చర్మం"
    },
    "placeholders": {
      "hair": "జుట్టు స్టైల్ ఎంచుకోండి",
      "accessories": "అనుబంధాలను ఎంచుకోండి",
      "hairColor": "జుట్టు రంగు ఎంచుకోండి",
      "eyes": "కళ్ల శైలి ఎంచుకోండి",
      "mouth": "నోటి శైలి ఎంచుకోండి",
      "clothes": "దుస్తులు ఎంచుకోండి",
      "skin": "చర్మపు రంగు ఎంచుకోండి"
    },
    "buttons": {
      "download": "డౌన్‌లోడ్",
      "downloading": "డౌన్‌లోడ్ అవుతోంది…",
      "save": "సేవ్ చేయండి"
    },
    "toast": {
      "saved": "అవతార్ ఎంపికలు స్థానికంగా సేవ్ చేయబడ్డాయి.",
      "downloadError": "డౌన్‌లోడ్ విఫలమైంది. దయచేసి మళ్లీ ప్రయత్నించండి."
    }
  },"notifications": {
    "title": "నోటిఫికేషన్లు",
    "highPriority": {
      "title": "హై ప్రాధాన్యత నోటిఫికేషన్లను ఉపయోగించండి",
      "desc": "డూ నాట్ డిస్టర్బ్ ఆన్‌లో ఉన్నప్పుడు కూడా సౌండ్ మరియు ప్రివ్యూ తో నోటిఫికేషన్లు పొందండి"
    },
    "message": {
      "title": "మెసేజ్ నోటిఫికేషన్లు",
      "desc": "సందేశాల కోసం అలర్ట్‌లను అనుకూలీకరించండి"
    },
    "group": {
      "title": "గ్రూప్ చాట్ నోటిఫికేషన్లు",
      "desc": "గ్రూప్ చాట్స్ కోసం నోటిఫికేషన్లను నిర్వహించండి"
    },
    "call": {
      "title": "కాల్ నోటిఫికేషన్లు",
      "desc": "రింగ్‌టోన్ మరియు వైబ్రేషన్ సెట్టింగులు"
    }
  }, "storage": {
    "title": "స్టోరేజ్ & డేటా",
    "totalUsedHuman": "{{used}} MB / {{total}} MB",
    "cards": {
      "usage": {
        "title": "స్టోరేజ్ వినియోగం",
        "used": "{{mb}} MB వాడబడింది",
        "total": "మొత్తం {{mb}} MB"
      }
    },
    "sections": {
      "network": "నెట్‌వర్క్ వినియోగం",
      "manage": "నిర్వహించండి"
    },
    "network": {
      "sent": {
        "title": "పంపిన డేటా",
        "subtitle": "{{val}}"
      },
      "received": {
        "title": "అందుకున్న డేటా",
        "subtitle": "{{val}}"
      }
    },
    "manage": {
      "title": "స్టోరేజ్ నిర్వహించండి",
      "desc": "పెద్ద ఫైళ్లు, చాట్స్ మరియు మీడియాను సమీక్షించి తొలగించండి"
    },
    "autoDownload": {
      "title": "మీడియా ఆటో-డౌన్‌లోడ్",
      "desc": "మొబైల్/వై-ఫై/రోమింగ్‌లో ఏది డౌన్‌లోడ్ కావాలో నియంత్రించండి"
    },
    "actions": {
      "analyze": "విశ్లేషించండి",
      "clearCache": "క్యాష్ క్లియర్ చేయండి",
      "resetStats": "గణాంకాలను రీసెట్ చేయండి"
    },
    "toast": {
      "cleared": "{{mb}} MB క్యాష్ క్లియర్ చేయబడింది",
      "statsReset": "నెట్‌వర్క్ గణాంకాలు రీసెట్ చేయబడ్డాయి"
    }
  }, "chats": {
    "title": "చాట్లు",
    "sections": {
      "appearance": "ప్రత్యక్ష రూపం",
      "behavior": "సందేశ ప్రవర్తన",
      "management": "చాట్ నిర్వహణ"
    },
    "items": {
      "theme": {
        "title": "థీమ్",
        "sub": "సిస్టమ్ డిఫాల్ట్"
      },
      "chatTheme": {
        "title": "డిఫాల్ట్ చాట్ థీమ్",
        "sub": "వాల్‌పేపర్ లేదా థీమ్ ఎంచుకోండి"
      },
      "fontSize": {
        "title": "ఫాంట్ పరిమాణం",
        "sub": "మధ్యస్థ"
      },
      "enterToSend": {
        "title": "Enter తో పంపు",
        "sub": "సందేశం పంపడానికి Enter నొక్కండి"
      },
      "mediaVisibility": {
        "title": "మీడియా దృశ్యం",
        "sub": "కొత్తగా డౌన్‌లోడ్ చేసిన మీడియాను మీ గ్యాలరీలో చూపించండి"
      },
      "keepArchived": {
        "title": "చాట్లు ఆర్కైవ్ చేయి",
        "sub": "కొత్త సందేశాలు వచ్చినప్పుడు ఆర్కైవ్ చేసిన చాట్లు అలాగే ఉంటాయి"
      },
      "transcripts": {
        "title": "వాయిస్ సందేశ ట్రాన్స్‌క్రిప్ట్‌లు",
        "sub": "కొత్త వాయిస్ సందేశాలను ఆటోమేటిక్‌గా ట్రాన్స్‌క్రైబ్ చేయండి"
      },
      "backup": {
        "title": "చాట్ బ్యాకప్",
        "sub": "సందేశాలను క్లౌడ్ స్టోరేజ్‌కి బ్యాకప్ చేయండి"
      },
      "transfer": {
        "title": "చాట్లు బదిలీ చేయి",
        "sub": "పరికరాల మధ్య చాట్లను తరలించండి"
      },
      "history": {
        "title": "చాట్ చరిత్ర",
        "sub": "అన్ని చాట్లను ఎగుమతి చేయండి, ఆర్కైవ్ చేయండి, క్లియర్ చేయండి లేదా తొలగించండి"
      }
    },
    "toasts": {
      "enter": {
        "enabled": "Enter-తో-పంపు ప్రారంభించబడింది",
        "disabled": "Enter-తో-పంపు ఆపబడింది"
      },
      "media": {
        "on": "మీడియా దృశ్యం ఆన్",
        "off": "మీడియా దృశ్యం ఆఫ్"
      },
      "archived": {
        "enabled": "ఆర్కైవ్ కొనసాగింపు ప్రారంభించబడింది",
        "disabled": "ఆర్కైవ్ కొనసాగింపు ఆపబడింది"
      },
      "transcripts": {
        "enabled": "వాయిస్ సందేశ ట్రాన్స్‌క్రిప్ట్‌లు ప్రారంభించబడ్డాయి",
        "disabled": "వాయిస్ సందేశ ట్రాన్స్‌క్రిప్ట్‌లు ఆపబడ్డాయి"
      },
      "backup": {
        "starting": "బ్యాకప్ ప్రారంభమవుతోంది…",
        "done": "బ్యాకప్ పూర్తయింది"
      }
    }
  },"profilePage": {
    "title": "ప్రొఫైల్",
    "imageAlt": "ప్రొఫైల్ చిత్రం",
    "buttons": {
      "edit": "సవరించు",
      "addLinks": "లింకులు జోడించండి",
      "cancel": "రద్దు చేయి"
    },
    "fields": {
      "name": "పేరు",
      "about": "గురించి",
      "phone": "ఫోన్",
      "links": "లింకులు"
    },
    "actions": {
      "source": {
        "header": "చిత్ర మూలాన్ని ఎంచుకోండి",
        "camera": "కెమెరా",
        "gallery": "గ్యాలరీ"
      }
    },
    "loading": {
      "openingCamera": "కెమెరా తెరవబడుతోంది...",
      "processing": "చిత్రం ప్రాసెస్ అవుతోంది...",
      "updating": "ప్రొఫైల్ చిత్రం అప్‌డేట్ అవుతోంది..."
    },
    "validation": {
      "size": "చిత్ర పరిమాణం 5MB కన్నా తక్కువగా ఉండాలి",
      "type": "దయచేసి సరైన చిత్రం ఫైల్ ఎంచుకోండి (JPEG, PNG, WebP)"
    },
    "toast": {
      "loadFailed": "ప్రొఫైల్ డేటా లోడ్ చేయడంలో విఫలమైంది",
      "imageLoadFailed": "ప్రొఫైల్ చిత్రం లోడ్ చేయడంలో విఫలమైంది",
      "selectFailed": "చిత్రాన్ని ఎంచుకోవడంలో విఫలమైంది. మళ్ళీ ప్రయత్నించండి.",
      "processFailed": "చిత్రాన్ని ప్రాసెస్ చేయడంలో లోపం. మళ్ళీ ప్రయత్నించండి.",
      "noUser": "వినియోగదారు ID కనుగొనబడలేదు",
      "updated": "ప్రొఫైల్ చిత్రం విజయవంతంగా అప్‌డేట్ అయింది!",
      "updateFailed": "ప్రొఫైల్ చిత్రం అప్‌డేట్ విఫలమైంది"
    }
  },"footerTabs": {
    "chat": "చాట్",
    "updates": "నవీకరణలు",
    "communities": "కమ్యూనిటీలు",
    "calls": "కాల్‌లు",
    "badges": {
      "unreadChats": "{{count}} చదవని చాట్లు",
      "unreadUpdates": "{{count}} నవీకరణలు"
    }
  },"socialLinks": {
    "title": "లింకులు",
    "intro": "మీ ప్రొఫైల్‌లో లింకులను జోడించడం వల్ల మీ కాంటాక్టులు సులభంగా మీ ఇతర ప్రొఫైల్‌లను సందర్శించగలరు.",
    "instagram": {
      "title": "ఇన్‌స్టాగ్రామ్",
      "add": "మీ ఇన్‌స్టాగ్రామ్ జోడించండి"
    },
    "actions": {
      "add": "జోడించండి",
      "edit": "సవరించండి"
    },
    "privacy": {
      "note": "మీ లింకులను ఎవరు చూడగలరో నిర్వహించడానికి వెళ్ళండి",
      "link": "గోప్యతా సెట్టింగ్‌లు"
    }
  },
  "addInstagram": {
    "title": "ఇన్‌స్టాగ్రామ్ జోడించండి",
    "loading": "లోడ్ అవుతోంది...",
    "saving": "సేవ్ అవుతోంది...",
    "usernameLabel": "ఇన్‌స్టాగ్రామ్ యూజర్‌నేమ్",
    "usernamePlaceholder": "username",
    "hint": {
      "text": "ఇన్‌స్టాగ్రామ్ యూజర్‌నేమ్ జోడించడం ద్వారా ఇది మీ ప్రొఫైల్‌లో కనిపిస్తుంది.",
      "learnMore": "మరింత తెలుసుకోండి"
    },
    "save": "సేవ్ చేయి",
    "validation": {
      "required": "దయచేసి మీ ఇన్‌స్టాగ్రామ్ యూజర్‌నేమ్‌ను నమోదు చేయండి",
      "invalid": "చెల్లుబాటు అయ్యే యూజర్‌నేమ్‌ను నమోదు చేయండి (ఖాళీలు లేకుండా, గరిష్టంగా 30 అక్షరాలు)"
    },
    "toast": {
      "fetchFailed": "ఇన్‌స్టాగ్రామ్ లింక్‌ని పొందడంలో విఫలమైంది",
      "saved": "ఇన్‌స్టాగ్రామ్ విజయవంతంగా సేవ్ చేయబడింది!",
      "saveFailed": "ఇన్‌స్టాగ్రామ్ లింక్‌ని అప్‌డేట్ చేయడంలో విఫలమైంది. మళ్లీ ప్రయత్నించండి."
    }
  },"home": {
    "search": { "placeholder": "ని అడగండి లేదా శోధించండి" },
    "filters": { "all": "అన్నీ", "read": "చదివినవి", "unread": "చదవని", "groups": "గ్రూపులు" },
    "groupCreator": { "placeholder": "గ్రూప్ పేరు నమోదు చేయండి" },
    "typing": "టైప్ చేస్తున్నారు...",
    "time": { "yesterday": "నిన్న" },
    "preview": {
      "deleted": "ఈ సందేశం తొలగించబడింది",
      "encrypted": "[ఎన్క్రిప్ట్ చేయబడింది]",
      "media": {
        "photo": "ఫోటో",
        "video": "వీడియో",
        "audio": "ఆడియో",
        "file": "అటాచ్‌మెంట్",
        "generic": "[మీడియా]"
      }
    },
    "actions": {
      "scan": "QR స్కాన్ చేయండి",
      "camera": "కెమెరా ఓపెన్ చేయండి",
      "menu": "మెను ఓపెన్ చేయండి",
      "contacts": "కాంటాక్ట్స్"
    },
    "scan": {
      "onlyDevice": "బార్కోడ్ స్కానింగ్ నిజమైన పరికరంలో మాత్రమే పనిచేస్తుంది.",
      "permission": "బార్కోడ్ స్కాన్ చేయడానికి కెమెరా అనుమతి అవసరం.",
      "notFound": "ఏ బార్కోడ్ కనబడలేదు.",
      "error": "స్కానింగ్ సమయంలో ఏదో తప్పు జరిగింది."
    },
    "logout": {
      "header": "లాగ్ అవుట్",
      "message": "సెషన్ కాలం ముగిసింది."
    },
    "alt": { "profile": "ప్రొఫైల్" }
  },"menu": {
    "newGroup": "క్రొత్త గ్రూప్",
    "newCommunity": "క్రొత్త కమ్యూనిటీ",
    "newBroadcast": "క్రొత్త ప్రసారం (WIP)",
    "starred": "స్టార్డ్ (WIP)",
    "readAll": "అన్నీ చదవండి (WIP)",
    "settings": "సెట్టింగ్స్",
    "createChannels": "ఛానెల్స్ సృష్టించండి (WIP)",
    "statusPrivacy": "స్థితి గోప్యత (WIP)",
    "clearCallLogs": "కాల్ లాగ్స్ క్లియర్ చేయండి (WIP)"
  },"userabout": {
    "members": "సభ్యులు",
    "group": "గ్రూప్",
    "groups": "గ్రూపులు",
    "inCommon": "సాధారణం",
    "toolbar": {
      "message": "సందేశం",
      "call": "కాల్",
      "video": "వీడియో",
      "add": "జోడించు"
    },
    "defaults": {
      "heyThere": "హాయ్! నేను Telldemm ఉపయోగిస్తున్నాను.",
      "noGroupDescription": "గ్రూప్ వివరణ లేదు.",
      "unknown": "తెలియదు",
      "unknownDate": "తెలియని తేదీ",
      "unnamedGroup": "పేరు లేని గ్రూప్"
    },
    "updatedOn": "అప్‌డేట్ చేసినది",
    "createdByOn": "{{name}} సృష్టించాడు",
    "media": {
      "title": "మీడియా, లింకులు మరియు పత్రాలు"
    },
    "notifications": "నోటిఫికేషన్లు",
    "mediaVisibility": "మీడియా విజిబిలిటీ",
    "encryption": {
      "title": "ఎన్‌క్రిప్షన్",
      "subtitle": "సందేశాలు మరియు కాల్స్ ఎండ్-టు-ఎండ్ ఎన్‌క్రిప్ట్ చేయబడ్డాయి. ధృవీకరించడానికి ట్యాప్ చేయండి."
    },
    "disappearing": "అదృశ్యమయ్యే సందేశాలు",
    "chatLock": {
      "title": "చాట్ లాక్",
      "subtitle": "ఈ పరికరంలో ఈ చాట్‌ను లాక్ చేసి దాచండి."
    },
    "advancedPrivacy": {
      "title": "అధునాతన చాట్ ప్రైవసీ",
      "off": "ఆఫ్"
    },
    "createGroupWith": "{{name}} తో గ్రూప్ సృష్టించండి",
    "commonGroupWith": "{{name}} తో సాధారణ గ్రూప్",
    "groupMembers": "గ్రూప్ సభ్యులు",
    "addMembers": "సభ్యులను జోడించండి",
    "groupAdmin": "గ్రూప్ అడ్మిన్",
    "viewPastMembers": "గత సభ్యులను చూడండి",
    "addToFavourites": "ఫేవరెట్స్‌కి జోడించండి",
    "addToList": "జాబితాలో చేర్చండి",
    "block": "{{name}} ని బ్లాక్ చేయండి",
    "unblock": "{{name}} ని అన్‌బ్లాక్ చేయండి",
    "report": "{{name}} ని రిపోర్ట్ చేయండి",
    "actions": {
      "message": "సందేశం",
      "dismissAdmin": "అడ్మిన్ నుండి తొలగించు",
      "makeAdmin": "అడ్మిన్ చేయండి",
      "removeFromGroup": "గ్రూప్ నుండి తొలగించండి"
    },
    "toasts": {
      "madeAdmin": "{{name}} ఇప్పుడు అడ్మిన్",
      "dismissedAdmin": "{{name}} ఇకపై అడ్మిన్ కాదు",
      "removedFromGroup": "{{name}} గ్రూప్ నుండి తొలగించబడ్డారు",
      "blocked": "{{name}} బ్లాక్ చేయబడ్డారు.",
      "unblocked": "{{name}} అన్‌బ్లాక్ చేయబడ్డారు.",
      "reported": "{{name}} రిపోర్ట్ చేయబడ్డారు.",
      "reportedAndBlocked": "{{name}} రిపోర్ట్ చేసి బ్లాక్ చేయబడ్డారు."
    },
    "errors": {
      "makeAdmin": "{{name}} ని అడ్మిన్ చేయడంలో విఫలమైంది",
      "dismissAdmin": "{{name}} ని తొలగించడంలో విఫలమైంది",
      "removeMember": "సభ్యుడిని తొలగించడంలో లోపం"
    },
    "alerts": {
      "block": {
        "header": "కాంటాక్ట్‌ని బ్లాక్ చేయండి",
        "message": "మీకు ఇకపై {{name}} నుండి సందేశాలు లేదా కాల్స్ రావు.",
        "cta": "బ్లాక్"
      },
      "unblock": {
        "header": "కాంటాక్ట్‌ని అన్‌బ్లాక్ చేయండి",
        "message": "మీరు నిజంగా {{name}} ని అన్‌బ్లాక్ చేయాలనుకుంటున్నారా?"
      },
      "report": {
        "header": "కాంటాక్ట్‌ని రిపోర్ట్ చేయండి",
        "message": "చివరి 5 సందేశాలు {{name}} నుండి రిపోర్ట్ చేయబడతాయి. మీరు ఈ యూజర్‌ని కూడా బ్లాక్ చేయాలనుకుంటున్నారా?",
        "alsoBlock": "కాంటాక్ట్‌ని కూడా బ్లాక్ చేయండి",
        "cta": "రిపోర్ట్"
      }
    }
  },"invite": {
    "header": "స్నేహితుణ్ణి ఆహ్వానించండి",
    "actions": {
      "search": "కాంటాక్ట్స్‌ను శోధించండి",
      "shareLink": "యాప్ లింక్‌ను షేర్ చేయండి",
      "fromContacts": "కాంటాక్ట్స్ నుండి ఆహ్వానించండి",
      "invite": "ఆహ్వానించండి"
    },
    "share": {
      "title": "ఈ యాప్‌లో నాతో చేరండి!",
      "subtitle": "ఏదైనా యాప్ ద్వారా డౌన్‌లోడ్ లింక్‌ను పంపండి",
      "body": "ఈ అద్భుతమైన యాప్‌ను చూడండి. ఇక్కడ డౌన్‌లోడ్ చేయండి:",
      "button": "షేర్ చేయండి",
      "success": "లింక్ షేర్ చేయబడింది",
      "copied": "లింక్ కాపీ చేయబడింది"
    },
    "contacts": {
      "title": "కాంటాక్ట్స్ నుండి",
      "subtitle": "మీ ఫోన్‌బుక్ నుండి నేరుగా ఆహ్వానించండి",
      "header": "కాంటాక్ట్స్ నుండి",
      "notOnApp": "ఇంకా యాప్‌లో లేరు"
    },
    "title": "ఈ యాప్‌లో నాతో చేరండి!",
    "text": "ఈ అద్భుతమైన యాప్‌ను చూడండి. ఇక్కడ డౌన్‌లోడ్ చేయండి:",
    "dialogTitle": "యాప్ లింక్‌ను షేర్ చేయండి",
    "toasts": {
      "openContacts": "కాంటాక్ట్స్ తెరవబడుతున్నాయి...",
      "searchContacts": "కాంటాక్ట్ శోధన తాకబడింది.",
      "invited": "{{phone}} కు ఆహ్వానం పంపబడింది"
    },
    "errors": {
      "shareFailed": "షేర్ షీట్‌ను తెరవలేకపోయాం."
    }
  },"community": {
    "manageGroups": {
    "title": "గ్రూపులను నిర్వహించండి",
    "groups": "గ్రూపులు",
    "createNew": "కొత్త గ్రూప్ సృష్టించండి",
    "addExisting": "ఉన్న గ్రూపులను జోడించండి",
    "info": "సభ్యులు అడ్మిన్ ఆమోదం కోసం ఉన్న గ్రూపులను సూచించవచ్చు మరియు కొత్త గ్రూపులను నేరుగా జోడించవచ్చు. చూడండి",
    "settingsLink": "సమాజం సెట్టింగ్‌లు",
    "listHeader": "ఈ సమాజంలోని గ్రూపులు",
    "loading": "గ్రూపులు లోడ్ అవుతున్నాయి...",
    "empty": "ఈ సమాజానికి గ్రూపులు కనబడలేదు",
    "members": "సభ్యులు",
    "unnamedGroup": "పేరు లేని గ్రూప్",
    "remove": {
      "header": "సమాజం నుండి గ్రూప్ తొలగించండి",
      "message": "మీరు ఈ గ్రూప్‌ను సమాజం నుండి తొలగించాలనుకుంటున్నారా? గ్రూప్ ఉంటుంది కానీ ఇకపై సమాజానికి చెందదు.",
      "alsoRemoveMembers": "ఈ గ్రూప్ సభ్యులను కూడా సమాజం మరియు గ్రూప్ నుండి తొలగించండి",
      "cta": "తొలగించు",
      "aria": "సమాజం నుండి గ్రూప్ తొలగించండి"
    },
    "toasts": {
      "removed": "గ్రూప్ సమాజం నుండి తొలగించబడింది మరియు సభ్యులు నవీకరించబడ్డారు",
      "removeFailed": "గ్రూప్‌ను తొలగించడం విఫలమైంది. మళ్లీ ప్రయత్నించండి."
    }
  },
    "title": "సమూహాలు",
    "actions": {
      "qr": "QR చర్యలను తెరవండి",
      "menu": "మెనూను తెరవండి"
    },
    "newCommunity": "కొత్త కమ్యూనిటీ",
    "unnamedCommunity": "పేరు లేని కమ్యూనిటీ",
    "viewAll": "అన్నీ చూడండి",
   "groupType": {
    "normal": "సాధారణ గ్రూప్",
    "announcement": "ప్రకటన గ్రూప్",
    "general": "జనరల్ గ్రూప్"
  },
    "newGroup": {
      "header": "కొత్త గ్రూప్",
      "placeholder": "గ్రూప్ పేరు",
      "create": "సృష్టించండి"
    },
    "toasts": {
      "groupCreated": "గ్రూప్ సృష్టించబడింది"
    }
  },"community_menu_component": {
    "info": "సమూహ సమాచారం",
    "invite": "సభ్యులను ఆహ్వానించండి",
    "settings": "సమూహ సెట్టింగ్‌లు"
  },
  "group_preview_modal_component": {
    "close": "మూసివేయి",
    "groupIcon": "గ్రూప్ ఐకాన్",
    "createdBy": "{{name}} సృష్టించారు",
    "noMembers": "ఇప్పటికీ సభ్యులు లేరు",
    "noDescription": "వివరణ లేదు",
    "communityLabel": "సమూహం:",
    "joinNote": "చేరిన వెంటనే మీరు సభ్యుడవుతారు.",
    "joinCta": "గ్రూప్‌లో చేరండి"
  },"add_existing_groups_page": {
    "header": "ఉన్న గ్రూపులను జోడించండి",
    "actions": {
      "search": "గ్రూపులను శోధించండి",
      "confirm": "ఎంపికను ధృవీకరించండి",
      "removeChip": "ఎంచుకున్న గ్రూప్‌ను తీసివేయండి"
    },
    "of": "లో",
    "selected": "ఎంచుకున్నారు",
    "banner": "గ్రూపులలో ఉన్న ప్రతి ఒక్కరూ కమ్యూనిటీలో చేర్చబడతారు.",
    "listHeader": "మీరు అడ్మిన్‌గా ఉన్న గ్రూపులు",
    "loading": "గ్రూపులు లోడ్ అవుతున్నాయి...",
    "empty": "ఏ అడ్మిన్ గ్రూపులు కనబడలేదు",
    "checkboxLabel": "గ్రూప్‌ను ఎంచుకోండి",
    "unnamedGroup": "పేరు లేని గ్రూప్",
    "toasts": {
      "selectAtLeastOne": "కనీసం ఒక గ్రూప్‌ను ఎంచుకోండి"
    }
  }
}
