{
  "meta": {
    "generatedAt": "2025-09-25T06:49:05.846991Z",
    "note": "Translations for email-edit page.",
    "translated": true,
    "locale": "th-TH"
  },
  "emailEdit": {
    "title": "ที่อยู่อีเมล",
    "description": "อีเมลช่วยให้คุณเข้าถึงบัญชีของคุณได้ ข้อมูลนี้จะไม่แสดงต่อผู้อื่น",
    "label": "อีเมล",
    "verified": "ยืนยันแล้ว",
    "placeholder": "you@example.com",
    "edit": "แก้ไข",
    "cancel": "ยกเลิก",
    "save": "บันทึก",
    "savedSuccess": "บันทึกอีเมลเรียบร้อยแล้ว",
    "validation": {
      "required": "จำเป็นต้องใช้อีเมล",
      "invalid": "กรุณากรอกที่อยู่อีเมลที่ถูกต้อง",
      "maxlength": "อีเมลยาวเกินไป (สูงสุด 254 ตัวอักษร)"
    }
  },
  "helpPage": {
    "title": "ช่วยเหลือ",
    "helpCenter": {
      "title": "ศูนย์ช่วยเหลือ",
      "description": "ขอความช่วยเหลือ คำถามที่พบบ่อย และตัวเลือกการติดต่อ"
    },
    "terms": {
      "title": "ข้อกำหนดและนโยบายความเป็นส่วนตัว",
      "description": "อ่านข้อกำหนดและนโยบายข้อมูลของเรา"
    },
    "channelReports": {
      "title": "รายงานช่อง",
      "description": "จัดการและดูรายงาน"
    },
    "appInfo": {
      "title": "ข้อมูลแอป",
      "description": "เวอร์ชัน ข้อมูลทางกฎหมายและด้านเทคนิค"
    }
  },"common": {
    "ok": "ตกลง",
    "cancel": "ยกเลิก",
    "logout": "ออกจากระบบ"
  },
  "settingsPage": {
    "title": "การตั้งค่า",
    "account": { "title": "บัญชี", "description": "ความเป็นส่วนตัว, ความปลอดภัย, เปลี่ยนหมายเลข" },
    "privacy": { "title": "ความเป็นส่วนตัว", "description": "จัดการการตั้งค่าความเป็นส่วนตัวของคุณ" },
    "avatar": { "title": "อวตาร", "description": "เปลี่ยนรูปโปรไฟล์" },
    "chats": { "title": "แชท", "description": "ธีม, วอลเปเปอร์, การสำรองข้อมูล" },
    "accessibility": { "title": "การช่วยการเข้าถึง", "description": "ขนาดตัวอักษรและตัวเลือกการแสดงผล" },
    "notifications": { "title": "การแจ้งเตือน", "description": "การแจ้งเตือนข้อความ, กลุ่ม และการโทร" },
    "storage": { "title": "ที่เก็บข้อมูลและข้อมูล", "description": "จัดการที่เก็บข้อมูลและการใช้งานเครือข่าย" },
    "appLanguage": { "title": "ภาษาของแอป", "description": "เลือกภาษาของแอป" },
    "help": { "title": "ความช่วยเหลือและข้อเสนอแนะ", "description": "ศูนย์ช่วยเหลือ, ติดต่อเรา, ข้อมูลแอป" },
    "updates": { "title": "การอัปเดตแอป", "description": "ตรวจสอบการอัปเดต, อัปเดตอัตโนมัติ" },
    "invite": { "title": "เชิญเพื่อน", "description": "แชร์แอปกับผู้ติดต่อ" },
    "logout": {
      "title": "ออกจากระบบ",
      "description": "ล้างข้อมูลแอปและออกจากระบบ",
      "confirmHeader": "ยืนยันการออกจากระบบ",
      "confirmMessage": "คุณแน่ใจหรือไม่ว่าต้องการออกจากระบบและล้างข้อมูลแอป?",
      "loadingHeader": "กำลังออกจากระบบ",
      "loadingMessage": "โปรดรอสักครู่...",
      "successHeader": "ออกจากระบบแล้ว",
      "successMessage": "คุณออกจากระบบเรียบร้อยแล้ว"
    },
    "defaultStatus": "พร้อมใช้งาน"
  },
  "appUpdates": {
    "title": "อัปเดตแอป",
    "version": "เวอร์ชัน",
    "latestAvailable": "ล่าสุดที่มีให้",
    "status": "สถานะ",
    "statusMessages": {
      "updateAvailable": "มีการอัปเดตใหม่",
      "upToDate": "คุณกำลังใช้เวอร์ชันล่าสุด"
    },
    "badge": {
      "updateAvailable": "มีอัปเดต",
      "upToDate": "ล่าสุด"
    },
    "checkForUpdates": {
      "title": "ตรวจสอบการอัปเดต",
      "description": "ตรวจสอบด้วยตนเองว่ามีเวอร์ชันใหม่หรือไม่"
    },
    "checking": "กำลังตรวจสอบ…",
    "toast": {
      "latest": "คุณกำลังใช้เวอร์ชันล่าสุด",
      "updateAvailable": "มีอัปเดต: {{version}}",
      "error": "ไม่สามารถตรวจสอบการอัปเดตได้ โปรดลองอีกครั้งภายหลัง"
    }
  },"accountPage": {
    "title": "บัญชี",
    "securityNotifications": "การแจ้งเตือนด้านความปลอดภัย",
    "passkeys": "รหัสผ่านกุญแจ",
    "emailAddress": "ที่อยู่อีเมล",
    "twoStep": "การยืนยันตัวตนสองขั้นตอน",
    "changeNumber": "เปลี่ยนหมายเลข",
    "requestInfo": "ขอข้อมูลบัญชี",
    "addAccount": "เพิ่มบัญชี",
    "deleteAccount": "ลบบัญชี",
    "confirmDelete": {
      "title": "ลบบัญชี?",
      "message": "การดำเนินการนี้จะลบบัญชีและข้อมูลของคุณอย่างถาวร",
      "confirm": "ลบ",
      "cancel": "ยกเลิก",
      "log": "เปิดหน้าต่างลบบัญชี"
    }
  },"accessibility": {
  "title": "การช่วยการเข้าถึง",
  "groups": {
    "displayMotion": "การแสดงผลและการเคลื่อนไหว",
    "interaction": "การโต้ตอบ"
  },
  "increaseContrast": {
    "title": "เพิ่มความคมชัด",
    "desc": "ทำให้สีหลักเข้มขึ้นเพื่อปรับปรุงการอ่านในโหมดสว่าง."
  },
  "reduceMotion": {
    "title": "ลดการเคลื่อนไหว",
    "desc": "ลดสติกเกอร์เคลื่อนไหว, GIF และการเปลี่ยนภาพให้น้อยที่สุด."
  },
  "largeText": {
    "title": "ข้อความขนาดใหญ่",
    "desc": "เพิ่มขนาดแบบอักษรของระบบเพื่อให้อ่านได้ง่ายขึ้น."
  },
  "simpleAnimations": {
    "title": "แอนิเมชันแบบง่าย",
    "desc": "ลดแอนิเมชันที่ซับซ้อนเพื่อให้โต้ตอบได้ง่ายขึ้น."
  },
  "grayscale": {
    "title": "โหมดระดับสีเทา",
    "desc": "แปลงสีทั้งหมดในอินเทอร์เฟซเป็นโทนสีเทาเพื่อลดความเมื่อยล้าทางสายตา."
  }
}
,"privacyPage": {
    "title": "ความเป็นส่วนตัว",
    "groups": {
      "whoCanSee": "ใครสามารถดูข้อมูลของฉันได้",
      "other": "อื่นๆ"
    },
    "lastSeen": {
      "title": "การเข้าครั้งล่าสุดและสถานะออนไลน์",
      "desc": "ควบคุมว่าใครสามารถดูการเข้าครั้งล่าสุดและสถานะออนไลน์ของคุณได้"
    },
    "profilePhoto": {
      "title": "รูปโปรไฟล์",
      "desc": "เลือกได้ว่าใครสามารถดูรูปของคุณได้"
    },
    "about": {
      "title": "เกี่ยวกับ",
      "desc": "ควบคุมว่าใครสามารถดูข้อมูลเกี่ยวกับคุณได้"
    },
    "status": {
      "title": "สถานะ",
      "desc": "จัดการว่าใครสามารถดูการอัปเดตสถานะของคุณได้"
    },
    "blocked": {
      "title": "รายชื่อที่ถูกบล็อก",
      "desc": "ดูและจัดการผู้ใช้ที่ถูกบล็อก"
    },
    "options": {
      "everyone": "ทุกคน",
      "contacts": "ผู้ติดต่อของฉัน",
      "nobody": "ไม่มีใคร"
    }
  },"avatarPage": {
    "title": "สร้างอวาตาร์ของคุณ",
    "previewAlt": "ดูตัวอย่างอวาตาร์",
    "sections": {
      "customization": "ตัวเลือกการปรับแต่ง"
    },
    "fields": {
      "hair": "ผม",
      "accessories": "เครื่องประดับ",
      "hairColor": "สีผม",
      "eyes": "ดวงตา",
      "mouth": "ปาก",
      "clothes": "เสื้อผ้า",
      "skin": "ผิวหนัง"
    },
    "placeholders": {
      "hair": "เลือกทรงผม",
      "accessories": "เลือกเครื่องประดับ",
      "hairColor": "เลือกสีผม",
      "eyes": "เลือกรูปแบบดวงตา",
      "mouth": "เลือกรูปแบบปาก",
      "clothes": "เลือกเสื้อผ้า",
      "skin": "เลือกสีผิว"
    },
    "buttons": {
      "download": "ดาวน์โหลด",
      "downloading": "กำลังดาวน์โหลด…",
      "save": "บันทึก"
    },
    "toast": {
      "saved": "บันทึกตัวเลือกอวาตาร์ไว้ในเครื่องแล้ว",
      "downloadError": "การดาวน์โหลดล้มเหลว โปรดลองอีกครั้ง"
    }
  },"notifications": {
    "title": "การแจ้งเตือน",
    "highPriority": {
      "title": "ใช้การแจ้งเตือนลำดับความสำคัญสูง",
      "desc": "รับการแจ้งเตือนพร้อมเสียงและตัวอย่างแม้เปิดโหมดห้ามรบกวน"
    },
    "message": {
      "title": "การแจ้งเตือนข้อความ",
      "desc": "ปรับแต่งการเตือนสำหรับข้อความ"
    },
    "group": {
      "title": "การแจ้งเตือนแชทกลุ่ม",
      "desc": "จัดการการแจ้งเตือนสำหรับแชทกลุ่ม"
    },
    "call": {
      "title": "การแจ้งเตือนการโทร",
      "desc": "การตั้งค่าเสียงเรียกเข้าและการสั่น"
    }
  },"storage": {
    "title": "ที่เก็บข้อมูลและข้อมูล",
    "totalUsedHuman": "{{used}} MB / {{total}} MB",
    "cards": {
      "usage": {
        "title": "การใช้ที่เก็บข้อมูล",
        "used": "ใช้ไปแล้ว {{mb}} MB",
        "total": "รวม {{mb}} MB"
      }
    },
    "sections": {
      "network": "การใช้งานเครือข่าย",
      "manage": "จัดการ"
    },
    "network": {
      "sent": {
        "title": "ข้อมูลที่ส่ง",
        "subtitle": "{{val}}"
      },
      "received": {
        "title": "ข้อมูลที่ได้รับ",
        "subtitle": "{{val}}"
      }
    },
    "manage": {
      "title": "จัดการที่เก็บข้อมูล",
      "desc": "ตรวจสอบและลบไฟล์ขนาดใหญ่ แชท และสื่อ"
    },
    "autoDownload": {
      "title": "ดาวน์โหลดสื่ออัตโนมัติ",
      "desc": "ควบคุมสิ่งที่จะดาวน์โหลดบนมือถือ/Wi-Fi/โรมมิ่ง"
    },
    "actions": {
      "analyze": "วิเคราะห์",
      "clearCache": "ล้างแคช",
      "resetStats": "รีเซ็ตสถิติ"
    },
    "toast": {
      "cleared": "ล้างแคชแล้ว {{mb}} MB",
      "statsReset": "รีเซ็ตสถิติการใช้งานเครือข่ายแล้ว"
    }
  }, "chats": {
    "title": "แชท",
    "sections": {
      "appearance": "ลักษณะ",
      "behavior": "พฤติกรรมข้อความ",
      "management": "การจัดการแชท"
    },
    "items": {
      "theme": {
        "title": "ธีม",
        "sub": "ค่าเริ่มต้นของระบบ"
      },
      "chatTheme": {
        "title": "ธีมเริ่มต้นของแชท",
        "sub": "เลือกวอลเปเปอร์หรือธีม"
      },
      "fontSize": {
        "title": "ขนาดตัวอักษร",
        "sub": "ปานกลาง"
      },
      "enterToSend": {
        "title": "Enter เพื่อส่ง",
        "sub": "กด Enter เพื่อส่งข้อความ"
      },
      "mediaVisibility": {
        "title": "การมองเห็นสื่อ",
        "sub": "แสดงสื่อที่ดาวน์โหลดใหม่ในแกลเลอรีของคุณ"
      },
      "keepArchived": {
        "title": "เก็บแชทที่เก็บถาวรไว้",
        "sub": "แชทที่เก็บถาวรจะยังคงอยู่เมื่อมีข้อความใหม่"
      },
      "transcripts": {
        "title": "การถอดเสียงข้อความเสียง",
        "sub": "ถอดเสียงข้อความเสียงใหม่โดยอัตโนมัติ"
      },
      "backup": {
        "title": "การสำรองข้อมูลแชท",
        "sub": "สำรองข้อความไปยังคลาวด์"
      },
      "transfer": {
        "title": "โอนแชท",
        "sub": "ย้ายแชทระหว่างอุปกรณ์"
      },
      "history": {
        "title": "ประวัติการแชท",
        "sub": "ส่งออก จัดเก็บ ล้าง หรือลบแชททั้งหมด"
      }
    },
    "toasts": {
      "enter": {
        "enabled": "เปิดใช้งาน Enter เพื่อส่ง",
        "disabled": "ปิดใช้งาน Enter เพื่อส่ง"
      },
      "media": {
        "on": "การมองเห็นสื่อ เปิด",
        "off": "การมองเห็นสื่อ ปิด"
      },
      "archived": {
        "enabled": "การเก็บถาวร เปิด",
        "disabled": "การเก็บถาวร ปิด"
      },
      "transcripts": {
        "enabled": "เปิดใช้งานการถอดเสียง",
        "disabled": "ปิดใช้งานการถอดเสียง"
      },
      "backup": {
        "starting": "กำลังเริ่มการสำรองข้อมูล…",
        "done": "การสำรองข้อมูลเสร็จสิ้น"
      }
    }
  },"profilePage": {
    "title": "โปรไฟล์",
    "imageAlt": "รูปโปรไฟล์",
    "buttons": {
      "edit": "แก้ไข",
      "addLinks": "เพิ่มลิงก์",
      "cancel": "ยกเลิก"
    },
    "fields": {
      "name": "ชื่อ",
      "about": "เกี่ยวกับ",
      "phone": "โทรศัพท์",
      "links": "ลิงก์"
    },
    "actions": {
      "source": {
        "header": "เลือกแหล่งที่มาของรูปภาพ",
        "camera": "กล้อง",
        "gallery": "แกลเลอรี"
      }
    },
    "loading": {
      "openingCamera": "กำลังเปิดกล้อง...",
      "processing": "กำลังประมวลผลรูปภาพ...",
      "updating": "กำลังอัปเดตรูปโปรไฟล์..."
    },
    "validation": {
      "size": "ขนาดรูปภาพควรน้อยกว่า 5MB",
      "type": "กรุณาเลือกไฟล์รูปภาพที่ถูกต้อง (JPEG, PNG, WebP)"
    },
    "toast": {
      "loadFailed": "ไม่สามารถโหลดข้อมูลโปรไฟล์ได้",
      "imageLoadFailed": "ไม่สามารถโหลดรูปโปรไฟล์ได้",
      "selectFailed": "ไม่สามารถเลือกรูปได้ กรุณาลองอีกครั้ง",
      "processFailed": "เกิดข้อผิดพลาดในการประมวลผลรูป กรุณาลองอีกครั้ง",
      "noUser": "ไม่พบรหัสผู้ใช้",
      "updated": "อัปเดตรูปโปรไฟล์เรียบร้อยแล้ว!",
      "updateFailed": "ไม่สามารถอัปเดตรูปโปรไฟล์ได้"
    }
  },"footerTabs": {
    "chat": "แชท",
    "updates": "อัปเดต",
    "communities": "ชุมชน",
    "calls": "การโทร",
    "badges": {
      "unreadChats": "{{count}} แชทยังไม่ได้อ่าน",
      "unreadUpdates": "{{count}} การอัปเดต"
    }
  },"socialLinks": {
    "title": "ลิงก์",
    "intro": "การเพิ่มลิงก์ในโปรไฟล์ของคุณช่วยให้ผู้ติดต่อเข้าถึงโปรไฟล์อื่น ๆ ของคุณได้ง่ายขึ้น",
    "instagram": {
      "title": "Instagram",
      "add": "เพิ่ม Instagram ของคุณ"
    },
    "actions": {
      "add": "เพิ่ม",
      "edit": "แก้ไข"
    },
    "privacy": {
      "note": "หากต้องการจัดการว่าใครสามารถดูได้ ให้ไปที่",
      "link": "การตั้งค่าความเป็นส่วนตัว"
    }
  },
  "addInstagram": {
    "title": "เพิ่ม Instagram",
    "loading": "กำลังโหลด...",
    "saving": "กำลังบันทึก...",
    "usernameLabel": "ชื่อผู้ใช้ Instagram",
    "usernamePlaceholder": "ชื่อผู้ใช้",
    "hint": {
      "text": "การเพิ่มชื่อผู้ใช้ Instagram จะทำให้มองเห็นได้ในโปรไฟล์ของคุณ",
      "learnMore": "เรียนรู้เพิ่มเติม"
    },
    "save": "บันทึก",
    "validation": {
      "required": "กรุณากรอกชื่อผู้ใช้ Instagram ของคุณ",
      "invalid": "กรุณากรอกชื่อผู้ใช้ที่ถูกต้อง (ไม่มีช่องว่าง สูงสุด 30 ตัวอักษร)"
    },
    "toast": {
      "fetchFailed": "ไม่สามารถดึงลิงก์ Instagram ได้",
      "saved": "บันทึก Instagram สำเร็จ!",
      "saveFailed": "ไม่สามารถอัปเดตลิงก์ Instagram ได้ โปรดลองอีกครั้ง"
    }
  },"home": {
    "search": { "placeholder": "ถาม  หรือ ค้นหา" },
    "filters": { "all": "ทั้งหมด", "read": "อ่านแล้ว", "unread": "ยังไม่อ่าน", "groups": "กลุ่ม" },
    "groupCreator": { "placeholder": "ป้อนชื่อกลุ่ม" },
    "typing": "กำลังพิมพ์...",
    "time": { "yesterday": "เมื่อวาน" },
    "preview": {
      "deleted": "ข้อความนี้ถูกลบแล้ว",
      "encrypted": "[เข้ารหัส]",
      "media": {
        "photo": "รูปภาพ",
        "video": "วิดีโอ",
        "audio": "เสียง",
        "file": "ไฟล์แนบ",
        "generic": "[สื่อ]"
      }
    },
    "actions": {
      "scan": "สแกน QR",
      "camera": "เปิดกล้อง",
      "menu": "เปิดเมนู",
      "contacts": "รายชื่อ"
    },
    "scan": {
      "onlyDevice": "การสแกนบาร์โค้ดใช้ได้เฉพาะบนอุปกรณ์จริงเท่านั้น",
      "permission": "ต้องได้รับอนุญาตกล้องเพื่อสแกนบาร์โค้ด",
      "notFound": "ไม่พบบาร์โค้ด",
      "error": "เกิดข้อผิดพลาดระหว่างการสแกน"
    },
    "logout": {
      "header": "ออกจากระบบ",
      "message": "เซสชันหมดอายุแล้ว"
    },
    "alt": { "profile": "โปรไฟล์" }
  },"menu": {
    "newGroup": "สร้างกลุ่มใหม่",
    "newCommunity": "สร้างชุมชนใหม่",
    "newBroadcast": "ออกอากาศใหม่ (WIP)",
    "starred": "ติดดาว (WIP)",
    "readAll": "อ่านทั้งหมด (WIP)",
    "settings": "การตั้งค่า",
    "createChannels": "สร้างช่อง (WIP)",
    "statusPrivacy": "ความเป็นส่วนตัวของสถานะ (WIP)",
    "clearCallLogs": "ล้างประวัติการโทร (WIP)"
  },"userabout": {
    "members": "สมาชิก",
    "group": "กลุ่ม",
    "groups": "กลุ่ม",
    "inCommon": "ที่มีร่วมกัน",
    "toolbar": {
      "message": "ข้อความ",
      "call": "โทร",
      "video": "วิดีโอ",
      "add": "เพิ่ม"
    },
    "defaults": {
      "heyThere": "สวัสดี! ฉันกำลังใช้ Telldemm",
      "noGroupDescription": "ไม่มีคำอธิบายกลุ่ม",
      "unknown": "ไม่ทราบ",
      "unknownDate": "ไม่ทราบวันที่",
      "unnamedGroup": "กลุ่มไม่มีชื่อ"
    },
    "updatedOn": "อัปเดตเมื่อ",
    "createdByOn": "สร้างโดย {{name}} เมื่อ",
    "media": {
      "title": "สื่อ, ลิงก์ และเอกสาร"
    },
    "notifications": "การแจ้งเตือน",
    "mediaVisibility": "การแสดงสื่อ",
    "encryption": {
      "title": "การเข้ารหัส",
      "subtitle": "ข้อความและการโทรถูกเข้ารหัสแบบ end-to-end แตะเพื่อตรวจสอบ"
    },
    "disappearing": "ข้อความหายไป",
    "chatLock": {
      "title": "ล็อกแชท",
      "subtitle": "ล็อกและซ่อนแชทนี้บนอุปกรณ์นี้"
    },
    "advancedPrivacy": {
      "title": "ความเป็นส่วนตัวขั้นสูง",
      "off": "ปิด"
    },
    "createGroupWith": "สร้างกลุ่มกับ {{name}}",
    "commonGroupWith": "กลุ่มที่มีร่วมกับ {{name}}",
    "groupMembers": "สมาชิกกลุ่ม",
    "addMembers": "เพิ่มสมาชิก",
    "groupAdmin": "ผู้ดูแลกลุ่ม",
    "viewPastMembers": "ดูสมาชิกที่ผ่านมา",
    "addToFavourites": "เพิ่มในรายการโปรด",
    "addToList": "เพิ่มในรายการ",
    "block": "บล็อก {{name}}",
    "unblock": "ยกเลิกการบล็อก {{name}}",
    "report": "รายงาน {{name}}",
    "actions": {
      "message": "ข้อความ",
      "dismissAdmin": "ลบสิทธิ์ผู้ดูแล",
      "makeAdmin": "ตั้งเป็นผู้ดูแล",
      "removeFromGroup": "นำออกจากกลุ่ม"
    },
    "toasts": {
      "madeAdmin": "{{name}} ตอนนี้เป็นผู้ดูแลแล้ว",
      "dismissedAdmin": "{{name}} ไม่ใช่ผู้ดูแลอีกต่อไป",
      "removedFromGroup": "{{name}} ถูกนำออกจากกลุ่ม",
      "blocked": "{{name}} ถูกบล็อกแล้ว",
      "unblocked": "{{name}} ถูกยกเลิกการบล็อกแล้ว",
      "reported": "{{name}} ถูกแจ้งรายงานแล้ว",
      "reportedAndBlocked": "{{name}} ถูกแจ้งรายงานและบล็อกแล้ว"
    },
    "errors": {
      "makeAdmin": "ไม่สามารถตั้ง {{name}} เป็นผู้ดูแลได้",
      "dismissAdmin": "ไม่สามารถลบสิทธิ์ผู้ดูแลของ {{name}} ได้",
      "removeMember": "เกิดข้อผิดพลาดในการลบสมาชิก"
    },
    "alerts": {
      "block": {
        "header": "บล็อกผู้ติดต่อ",
        "message": "คุณจะไม่ได้รับข้อความหรือสายจาก {{name}} อีกต่อไป",
        "cta": "บล็อก"
      },
      "unblock": {
        "header": "ยกเลิกการบล็อกผู้ติดต่อ",
        "message": "คุณแน่ใจหรือไม่ว่าต้องการยกเลิกการบล็อก {{name}}?"
      },
      "report": {
        "header": "รายงานผู้ติดต่อ",
        "message": "ข้อความล่าสุด 5 ข้อความจาก {{name}} จะถูกรายงาน คุณต้องการบล็อกผู้ใช้นี้ด้วยหรือไม่?",
        "alsoBlock": "บล็อกผู้ติดต่อด้วย",
        "cta": "รายงาน"
      }
    }
  },"invite": {
    "header": "เชิญเพื่อน",
    "actions": {
      "search": "ค้นหาผู้ติดต่อ",
      "shareLink": "แชร์ลิงก์แอป",
      "fromContacts": "เชิญจากผู้ติดต่อ",
      "invite": "เชิญ"
    },
    "share": {
      "title": "มาเข้าร่วมกับฉันในแอปนี้!",
      "subtitle": "ส่งลิงก์ดาวน์โหลดผ่านแอปใดก็ได้",
      "body": "ลองดูแอปที่ยอดเยี่ยมนี้ ดาวน์โหลดได้ที่นี่:",
      "button": "แชร์",
      "success": "แชร์ลิงก์แล้ว",
      "copied": "คัดลอกลิงก์แล้ว"
    },
    "contacts": {
      "title": "จากผู้ติดต่อ",
      "subtitle": "เชิญโดยตรงจากสมุดโทรศัพท์ของคุณ",
      "header": "จากผู้ติดต่อ",
      "notOnApp": "ยังไม่ได้ใช้งานแอป"
    },
    "title": "มาเข้าร่วมกับฉันในแอปนี้!",
    "text": "ลองดูแอปที่ยอดเยี่ยมนี้ ดาวน์โหลดได้ที่นี่:",
    "dialogTitle": "แชร์ลิงก์แอป",
    "toasts": {
      "openContacts": "กำลังเปิดรายชื่อผู้ติดต่อ...",
      "searchContacts": "แตะค้นหาผู้ติดต่อแล้ว",
      "invited": "ส่งคำเชิญไปยัง {{phone}} แล้ว"
    },
    "errors": {
      "shareFailed": "ไม่สามารถเปิดแผ่นการแชร์ได้"
    }
  },"community": {
     "manageGroups": {
    "title": "จัดการกลุ่ม",
    "groups": "กลุ่ม",
    "createNew": "สร้างกลุ่มใหม่",
    "addExisting": "เพิ่มกลุ่มที่มีอยู่",
    "info": "สมาชิกสามารถเสนอแนะกลุ่มที่มีอยู่เพื่อให้ผู้ดูแลอนุมัติและเพิ่มกลุ่มใหม่ได้โดยตรง ดูที่",
    "settingsLink": "การตั้งค่าชุมชน",
    "listHeader": "กลุ่มในชุมชนนี้",
    "loading": "กำลังโหลดกลุ่ม...",
    "empty": "ไม่พบกลุ่มสำหรับชุมชนนี้",
    "members": "สมาชิก",
    "unnamedGroup": "กลุ่มไม่มีชื่อ",
    "remove": {
      "header": "นำกลุ่มออกจากชุมชน",
      "message": "คุณต้องการนำกลุ่มนี้ออกจากชุมชนหรือไม่? กลุ่มจะยังคงอยู่ แต่จะไม่เป็นส่วนหนึ่งของชุมชนอีกต่อไป",
      "alsoRemoveMembers": "ลบสมาชิกของกลุ่มนี้ออกจากชุมชนและกลุ่มด้วย",
      "cta": "ลบ",
      "aria": "นำกลุ่มออกจากชุมชน"
    },
    "toasts": {
      "removed": "กลุ่มถูกนำออกจากชุมชนและอัปเดตสมาชิกแล้ว",
      "removeFailed": "ไม่สามารถนำกลุ่มออกได้ โปรดลองอีกครั้ง"
    }
  },
    "title": "ชุมชน",
    "actions": {
      "qr": "เปิดการทำงาน QR",
      "menu": "เปิดเมนู"
    },
    "newCommunity": "ชุมชนใหม่",
    "unnamedCommunity": "ชุมชนไม่มีชื่อ",
    "viewAll": "ดูทั้งหมด",
     "groupType": {
    "normal": "กลุ่มปกติ",
    "announcement": "กลุ่มประกาศ",
    "general": "กลุ่มทั่วไป"
  },
    "newGroup": {
      "header": "กลุ่มใหม่",
      "placeholder": "ชื่อกลุ่ม",
      "create": "สร้าง"
    },
    "toasts": {
      "groupCreated": "สร้างกลุ่มแล้ว"
    }
  },"community_menu_component": {
    "info": "ข้อมูลชุมชน",
    "invite": "เชิญสมาชิก",
    "settings": "การตั้งค่าชุมชน"
  },
  "group_preview_modal_component": {
    "close": "ปิด",
    "groupIcon": "ไอคอนกลุ่ม",
    "createdBy": "สร้างโดย {{name}}",
    "noMembers": "ยังไม่มีสมาชิก",
    "noDescription": "ไม่มีคำอธิบาย",
    "communityLabel": "ชุมชน:",
    "joinNote": "เมื่อเข้าร่วมคุณจะกลายเป็นสมาชิกทันที",
    "joinCta": "เข้าร่วมกลุ่ม"
  },"add_existing_groups_page": {
    "header": "เพิ่มกลุ่มที่มีอยู่",
    "actions": {
      "search": "ค้นหากลุ่ม",
      "confirm": "ยืนยันการเลือก",
      "removeChip": "ลบกลุ่มที่เลือก"
    },
    "of": "จาก",
    "selected": "ที่เลือก",
    "banner": "ทุกคนในกลุ่มจะถูกเพิ่มเข้าในชุมชน",
    "listHeader": "กลุ่มที่คุณเป็นผู้ดูแล",
    "loading": "กำลังโหลดกลุ่ม...",
    "empty": "ไม่พบกลุ่มที่เป็นผู้ดูแล",
    "checkboxLabel": "เลือกกลุ่ม",
    "unnamedGroup": "กลุ่มไม่มีชื่อ",
    "toasts": {
      "selectAtLeastOne": "เลือกอย่างน้อยหนึ่งกลุ่ม"
    }
  }
}
