{
  "meta": {
    "generatedAt": "2025-09-25T06:49:05.846991Z",
    "note": "Translations for email-edit page.",
    "translated": true,
    "locale": "ur-PK"
  },
  "emailEdit": {
    "title": "ای میل پتہ",
    "description": "ای میل آپ کو اپنے اکاؤنٹ تک رسائی میں مدد دیتی ہے۔ یہ دوسروں کو نظر نہیں آئے گی۔",
    "label": "ای میل",
    "verified": "تصدیق شدہ",
    "placeholder": "you@example.com",
    "edit": "ترمیم کریں",
    "cancel": "منسوخ کریں",
    "save": "محفوظ کریں",
    "savedSuccess": "ای میل کامیابی کے ساتھ محفوظ ہو گئی ہے۔",
    "validation": {
      "required": "ای میل درکار ہے۔",
      "invalid": "براہ کرم ایک درست ای میل پتہ درج کریں۔",
      "maxlength": "ای میل بہت لمبی ہے (زیادہ سے زیادہ 254 حروف)۔"
    }
  },
  "helpPage": {
    "title": "مدد",
    "helpCenter": {
      "title": "مرکزِ مدد",
      "description": "مدد حاصل کریں، اکثر پوچھے جانے والے سوالات اور رابطہ کے اختیارات۔"
    },
    "terms": {
      "title": "شرائط و پالیسی راز داری",
      "description": "ہماری شرائط اور ڈیٹا پالیسی پڑھیں۔"
    },
    "channelReports": {
      "title": "چینل رپورٹس",
      "description": "رپورٹس کا انتظام اور دیکھیں۔"
    },
    "appInfo": {
      "title": "ایپ معلومات",
      "description": "ورژن، قانونی اور تکنیکی تفصیلات۔"
    }
  },"common": {
    "ok": "ٹھیک ہے",
    "cancel": "منسوخ کریں",
    "logout": "لاگ آؤٹ"
  },
  "settingsPage": {
    "title": "ترتیبات",
    "account": { "title": "اکاؤنٹ", "description": "رازداری، سیکیورٹی، نمبر تبدیل کریں" },
    "privacy": { "title": "رازداری", "description": "اپنی رازداری کی ترتیبات کنٹرول کریں" },
    "avatar": { "title": "اوتار", "description": "پروفائل تصویر تبدیل کریں" },
    "chats": { "title": "چیٹس", "description": "تھیم، وال پیپر، بیک اپ" },
    "accessibility": { "title": "قابل رسائی", "description": "متن کا سائز اور ڈسپلے کے اختیارات" },
    "notifications": { "title": "اطلاعات", "description": "پیغامات، گروپس اور کال الرٹس" },
    "storage": { "title": "اسٹوریج اور ڈیٹا", "description": "اسٹوریج اور نیٹ ورک کا استعمال منظم کریں" },
    "appLanguage": { "title": "ایپ کی زبان", "description": "ایپ کی زبان منتخب کریں" },
    "help": { "title": "مدد اور رائے", "description": "مدد مرکز، ہم سے رابطہ کریں، ایپ کی معلومات" },
    "updates": { "title": "ایپ اپ ڈیٹس", "description": "اپ ڈیٹس چیک کریں، خودکار اپ ڈیٹ" },
    "invite": { "title": "دوست کو مدعو کریں", "description": "ایپ کو روابط کے ساتھ شیئر کریں" },
    "logout": {
      "title": "لاگ آؤٹ",
      "description": "ایپ کا ڈیٹا صاف کریں اور سائن آؤٹ کریں",
      "confirmHeader": "لاگ آؤٹ کی تصدیق کریں",
      "confirmMessage": "کیا آپ واقعی لاگ آؤٹ کرکے ایپ کا ڈیٹا صاف کرنا چاہتے ہیں؟",
      "loadingHeader": "لاگ آؤٹ ہو رہا ہے",
      "loadingMessage": "براہ کرم انتظار کریں...",
      "successHeader": "لاگ آؤٹ ہوگیا",
      "successMessage": "آپ کامیابی کے ساتھ لاگ آؤٹ ہوگئے ہیں۔"
    },
    "defaultStatus": "دستیاب"
  },"accountPage": {
    "title": "اکاؤنٹ",
    "securityNotifications": "سیکیورٹی اطلاعات",
    "passkeys": "پاس کیز",
    "emailAddress": "ای میل ایڈریس",
    "twoStep": "دو مرحلہ تصدیق",
    "changeNumber": "نمبر تبدیل کریں",
    "requestInfo": "اکاؤنٹ کی معلومات کی درخواست",
    "addAccount": "اکاؤنٹ شامل کریں",
    "deleteAccount": "اکاؤنٹ حذف کریں",
    "confirmDelete": {
      "title": "اکاؤنٹ حذف کریں؟",
      "message": "یہ عمل آپ کا اکاؤنٹ اور ڈیٹا مستقل طور پر حذف کر دے گا۔",
      "confirm": "حذف کریں",
      "cancel": "منسوخ کریں",
      "log": "اکاؤنٹ حذف کرنے کی ونڈو کھولی گئی"
    }
  },"accessibility": {
  "title": "رسائی کی سہولت",
  "groups": {
    "displayMotion": "ڈسپلے اور حرکت",
    "interaction": "تفاعل"
  },
  "increaseContrast": {
    "title": "تضاد بڑھائیں",
    "desc": "ہلکے موڈ میں پڑھنے کی صلاحیت بہتر بنانے کے لیے اہم رنگوں کو گہرا کریں۔"
  },
  "reduceMotion": {
    "title": "حرکت کم کریں",
    "desc": "اینیمیٹڈ اسٹیکرز، GIFs اور ٹرانزیشن کو کم سے کم کریں۔"
  },
  "largeText": {
    "title": "بڑا متن",
    "desc": "آسان پڑھنے کے لیے سسٹم فونٹ سائز بڑھائیں۔"
  },
  "simpleAnimations": {
    "title": "سادہ حرکتیں",
    "desc": "آسان تعامل کے لیے پیچیدہ حرکتیں کم کریں۔"
  },
  "grayscale": {
    "title": "گرے اسکیل موڈ",
    "desc": "آنکھوں کی تھکن کم کرنے کے لیے تمام رنگوں کو سرمئی شیڈز میں تبدیل کریں۔"
  }
}
,"privacyPage": {
    "title": "رازداری",
    "groups": {
      "whoCanSee": "میری معلومات کون دیکھ سکتا ہے",
      "other": "دیگر"
    },
    "lastSeen": {
      "title": "آخری بار دیکھا گیا اور آن لائن",
      "desc": "یہ کنٹرول کریں کہ آپ کا آخری بار دیکھا گیا اور آن لائن اسٹیٹس کون دیکھ سکتا ہے"
    },
    "profilePhoto": {
      "title": "پروفائل تصویر",
      "desc": "چنیں کہ آپ کی تصویر کون دیکھ سکتا ہے"
    },
    "about": {
      "title": "متعلق",
      "desc": "یہ کنٹرول کریں کہ آپ کی متعلقہ معلومات کون دیکھ سکتا ہے"
    },
    "status": {
      "title": "اسٹیٹس",
      "desc": "یہ منظم کریں کہ آپ کے اسٹیٹس اپ ڈیٹس کون دیکھ سکتا ہے"
    },
    "blocked": {
      "title": "بلاک شدہ روابط",
      "desc": "بلاک شدہ صارفین دیکھیں اور منظم کریں"
    },
    "options": {
      "everyone": "سب",
      "contacts": "میرے روابط",
      "nobody": "کوئی نہیں"
    }
  },"avatarPage": {
    "title": "اپنا اوتار بنائیں",
    "previewAlt": "اوتار کا پیش منظر",
    "sections": {
      "customization": "تخصیص کے اختیارات"
    },
    "fields": {
      "hair": "بال",
      "accessories": "لوازمات",
      "hairColor": "بالوں کا رنگ",
      "eyes": "آنکھیں",
      "mouth": "منہ",
      "clothes": "کپڑے",
      "skin": "جلد"
    },
    "placeholders": {
      "hair": "ہیئر اسٹائل منتخب کریں",
      "accessories": "لوازمات منتخب کریں",
      "hairColor": "بالوں کا رنگ منتخب کریں",
      "eyes": "آنکھوں کا اسٹائل منتخب کریں",
      "mouth": "منہ کا اسٹائل منتخب کریں",
      "clothes": "کپڑے منتخب کریں",
      "skin": "جلد کا رنگ منتخب کریں"
    },
    "buttons": {
      "download": "ڈاؤن لوڈ",
      "downloading": "ڈاؤن لوڈ ہو رہا ہے…",
      "save": "محفوظ کریں"
    },
    "toast": {
      "saved": "اوتار کی ترتیبات مقامی طور پر محفوظ کر لی گئی ہیں۔",
      "downloadError": "ڈاؤن لوڈ ناکام ہوگیا۔ دوبارہ کوشش کریں۔"
    }
  },"notifications": {
    "title": "اطلاعات",
    "highPriority": {
      "title": "ہائی پرائیورٹی اطلاعات استعمال کریں",
      "desc": "ڈو ناٹ ڈسٹرب آن ہونے پر بھی آواز اور پری ویو کے ساتھ اطلاعات حاصل کریں"
    },
    "message": {
      "title": "پیغام کی اطلاعات",
      "desc": "پیغامات کے لئے انتباہات کو اپنی مرضی کے مطابق بنائیں"
    },
    "group": {
      "title": "گروپ چیٹ اطلاعات",
      "desc": "گروپ چیٹس کے لئے اطلاعات کا انتظام کریں"
    },
    "call": {
      "title": "کال کی اطلاعات",
      "desc": "رنگ ٹون اور وائبریشن کی ترتیبات"
    }
  },"storage": {
    "title": "اسٹوریج اور ڈیٹا",
    "totalUsedHuman": "{{used}} MB میں سے {{total}} MB",
    "cards": {
      "usage": {
        "title": "اسٹوریج کا استعمال",
        "used": "{{mb}} MB استعمال شدہ",
        "total": "کل {{mb}} MB"
      }
    },
    "sections": {
      "network": "نیٹ ورک کا استعمال",
      "manage": "انتظام کریں"
    },
    "network": {
      "sent": {
        "title": "بھیجا گیا ڈیٹا",
        "subtitle": "{{val}}"
      },
      "received": {
        "title": "موصول شدہ ڈیٹا",
        "subtitle": "{{val}}"
      }
    },
    "manage": {
      "title": "اسٹوریج کا انتظام کریں",
      "desc": "بڑی فائلیں، چیٹس اور میڈیا کا جائزہ لیں اور حذف کریں"
    },
    "autoDownload": {
      "title": "میڈیا آٹو ڈاؤن لوڈ",
      "desc": "موبائل/وائی فائی/رومنگ پر کیا ڈاؤن لوڈ ہوگا اس کو کنٹرول کریں"
    },
    "actions": {
      "analyze": "تجزیہ کریں",
      "clearCache": "کیش صاف کریں",
      "resetStats": "اعدادوشمار ری سیٹ کریں"
    },
    "toast": {
      "cleared": "{{mb}} MB کیش صاف کر دیا گیا",
      "statsReset": "نیٹ ورک کے اعدادوشمار ری سیٹ کر دیے گئے"
    }
  },"chats": {
    "title": "چیٹس",
    "sections": {
      "appearance": "ظاہری شکل",
      "behavior": "پیغام کا رویہ",
      "management": "چیٹ مینجمنٹ"
    },
    "items": {
      "theme": {
        "title": "تھیم",
        "sub": "سسٹم ڈیفالٹ"
      },
      "chatTheme": {
        "title": "ڈیفالٹ چیٹ تھیم",
        "sub": "وال پیپر یا تھیم منتخب کریں"
      },
      "fontSize": {
        "title": "فونٹ سائز",
        "sub": "درمیانہ"
      },
      "enterToSend": {
        "title": "Enter سے بھیجیں",
        "sub": "پیغام بھیجنے کیلئے Enter دبائیں"
      },
      "mediaVisibility": {
        "title": "میڈیا کی نمائش",
        "sub": "نئی ڈاؤن لوڈ شدہ میڈیا اپنی گیلری میں دکھائیں"
      },
      "keepArchived": {
        "title": "چیٹس کو آرکائیو رکھیں",
        "sub": "نئے پیغامات آنے پر بھی آرکائیو چیٹس آرکائیو رہیں گی"
      },
      "transcripts": {
        "title": "وائس میسج ٹرانسکرپٹس",
        "sub": "نئے وائس میسجز خودکار طور پر ٹرانسکرائب کریں"
      },
      "backup": {
        "title": "چیٹ بیک اپ",
        "sub": "پیغامات کا بیک اپ کلاؤڈ اسٹوریج میں لیں"
      },
      "transfer": {
        "title": "چیٹس منتقل کریں",
        "sub": "ڈیوائسز کے درمیان چیٹس منتقل کریں"
      },
      "history": {
        "title": "چیٹ ہسٹری",
        "sub": "تمام چیٹس ایکسپورٹ، آرکائیو، صاف یا حذف کریں"
      }
    },
    "toasts": {
      "enter": {
        "enabled": "Enter-سے-بھیجیں فعال",
        "disabled": "Enter-سے-بھیجیں غیر فعال"
      },
      "media": {
        "on": "میڈیا نمائش آن",
        "off": "میڈیا نمائش آف"
      },
      "archived": {
        "enabled": "آرکائیو برقرار فعال",
        "disabled": "آرکائیو برقرار غیر فعال"
      },
      "transcripts": {
        "enabled": "وائس میسج ٹرانسکرپٹس فعال",
        "disabled": "وائس میسج ٹرانسکرپٹس غیر فعال"
      },
      "backup": {
        "starting": "بیک اپ شروع ہو رہا ہے…",
        "done": "بیک اپ مکمل ہوا"
      }
    }
  },"profilePage": {
    "title": "پروفائل",
    "imageAlt": "پروفائل تصویر",
    "buttons": {
      "edit": "ترمیم کریں",
      "addLinks": "لنکس شامل کریں",
      "cancel": "منسوخ کریں"
    },
    "fields": {
      "name": "نام",
      "about": "کے بارے میں",
      "phone": "فون",
      "links": "لنکس"
    },
    "actions": {
      "source": {
        "header": "تصویر کا ماخذ منتخب کریں",
        "camera": "کیمرا",
        "gallery": "گیلری"
      }
    },
    "loading": {
      "openingCamera": "کیمرا کھولا جا رہا ہے...",
      "processing": "تصویر پروسیس کی جا رہی ہے...",
      "updating": "پروفائل تصویر اپ ڈیٹ کی جا رہی ہے..."
    },
    "validation": {
      "size": "تصویر کا سائز 5MB سے کم ہونا چاہئے",
      "type": "براہ کرم درست تصویر فائل منتخب کریں (JPEG, PNG, WebP)"
    },
    "toast": {
      "loadFailed": "پروفائل ڈیٹا لوڈ کرنے میں ناکام",
      "imageLoadFailed": "پروفائل تصویر لوڈ کرنے میں ناکام",
      "selectFailed": "تصویر منتخب کرنے میں ناکام۔ دوبارہ کوشش کریں۔",
      "processFailed": "تصویر پروسیس کرنے میں خرابی۔ دوبارہ کوشش کریں۔",
      "noUser": "یوزر آئی ڈی نہیں ملی",
      "updated": "پروفائل تصویر کامیابی کے ساتھ اپ ڈیٹ ہوگئی!",
      "updateFailed": "پروفائل تصویر اپ ڈیٹ کرنے میں ناکام"
    }
  },"footerTabs": {
    "chat": "چیٹ",
    "updates": "اپ ڈیٹس",
    "communities": "کمیونٹیز",
    "calls": "کالز",
    "badges": {
      "unreadChats": "{{count}} نہ پڑھی گئی چیٹس",
      "unreadUpdates": "{{count}} اپ ڈیٹس"
    }
  },"socialLinks": {
    "title": "لنکس",
    "intro": "اپنی پروفائل میں لنکس شامل کرنے سے آپ کے روابط آپ کی دیگر پروفائلز تک آسانی سے پہنچ سکتے ہیں۔",
    "instagram": {
      "title": "انسٹاگرام",
      "add": "اپنا انسٹاگرام شامل کریں"
    },
    "actions": {
      "add": "شامل کریں",
      "edit": "ترمیم کریں"
    },
    "privacy": {
      "note": "یہ منظم کرنے کے لیے کہ کون آپ کے لنکس دیکھ سکتا ہے، جائیں",
      "link": "پرائیویسی سیٹنگز"
    }
  },
  "addInstagram": {
    "title": "انسٹاگرام شامل کریں",
    "loading": "لوڈ ہو رہا ہے...",
    "saving": "محفوظ کیا جا رہا ہے...",
    "usernameLabel": "انسٹاگرام یوزر نیم",
    "usernamePlaceholder": "یوزر نیم",
    "hint": {
      "text": "انسٹاگرام یوزر نیم شامل کرنے سے یہ آپ کی پروفائل پر نظر آئے گا۔",
      "learnMore": "مزید جانیں"
    },
    "save": "محفوظ کریں",
    "validation": {
      "required": "براہ کرم اپنا انسٹاگرام یوزر نیم درج کریں",
      "invalid": "درست یوزر نیم درج کریں (کوئی اسپیس نہیں، زیادہ سے زیادہ 30 حروف)"
    },
    "toast": {
      "fetchFailed": "انسٹاگرام لنک حاصل کرنے میں ناکام",
      "saved": "انسٹاگرام کامیابی سے محفوظ ہوگیا!",
      "saveFailed": "انسٹاگرام لنک اپ ڈیٹ کرنے میں ناکام۔ دوبارہ کوشش کریں۔"
    }
  },"home": {
    "search": { "placeholder": " سے پوچھیں یا تلاش کریں" },
    "filters": { "all": "سب", "read": "پڑھا ہوا", "unread": "ناپڑھا", "groups": "گروپس" },
    "groupCreator": { "placeholder": "گروپ کا نام درج کریں" },
    "typing": "لکھ رہا ہے...",
    "time": { "yesterday": "کل" },
    "preview": {
      "deleted": "یہ پیغام حذف کر دیا گیا ہے",
      "encrypted": "[انکرپٹڈ]",
      "media": {
        "photo": "تصویر",
        "video": "ویڈیو",
        "audio": "آڈیو",
        "file": "اٹیچمنٹ",
        "generic": "[میڈیا]"
      }
    },
    "actions": {
      "scan": "QR اسکین کریں",
      "camera": "کیمرا کھولیں",
      "menu": "مینو کھولیں",
      "contacts": "رابطے"
    },
    "scan": {
      "onlyDevice": "بارکوڈ اسکیننگ صرف اصلی ڈیوائس پر کام کرتی ہے۔",
      "permission": "بارکوڈ اسکین کرنے کے لیے کیمرا اجازت درکار ہے۔",
      "notFound": "کوئی بارکوڈ نہیں ملا۔",
      "error": "اسکیننگ کے دوران کچھ غلط ہوگیا۔"
    },
    "logout": {
      "header": "لاگ آؤٹ",
      "message": "سیشن کا وقت ختم ہوگیا/میعاد ختم ہوگئی۔"
    },
    "alt": { "profile": "پروفائل" }
  },"menu": {
    "newGroup": "Yeni grup",
    "newCommunity": "Yeni topluluk",
    "newBroadcast": "Yeni yayın (WIP)",
    "starred": "Yıldızlı (WIP)",
    "readAll": "Tümünü oku (WIP)",
    "settings": "Ayarlar",
    "createChannels": "Kanal oluştur (WIP)",
    "statusPrivacy": "Durum gizliliği (WIP)",
    "clearCallLogs": "Çağrı kayıtlarını temizle (WIP)"
  },"userabout": {
    "members": "ممبرز",
    "group": "گروپ",
    "groups": "گروپس",
    "inCommon": "مشترکہ",
    "toolbar": {
      "message": "پیغام",
      "call": "کال",
      "video": "ویڈیو",
      "add": "شامل کریں"
    },
    "defaults": {
      "heyThere": "ہیلو! میں Telldemm استعمال کر رہا ہوں۔",
      "noGroupDescription": "گروپ کی کوئی وضاحت نہیں۔",
      "unknown": "نامعلوم",
      "unknownDate": "نامعلوم تاریخ",
      "unnamedGroup": "بے نام گروپ"
    },
    "updatedOn": "اپ ڈیٹ کیا گیا",
    "createdByOn": "{{name}} نے بنایا",
    "media": {
      "title": "میڈیا، لنکس اور دستاویزات"
    },
    "notifications": "اطلاعات",
    "mediaVisibility": "میڈیا کی مرئیت",
    "encryption": {
      "title": "انکرپشن",
      "subtitle": "پیغامات اور کالز اینڈ ٹو اینڈ انکرپٹڈ ہیں۔ تصدیق کیلئے ٹیپ کریں۔"
    },
    "disappearing": "غائب ہونے والے پیغامات",
    "chatLock": {
      "title": "چیٹ لاک",
      "subtitle": "اس ڈیوائس پر اس چیٹ کو لاک اور چھپائیں۔"
    },
    "advancedPrivacy": {
      "title": "اعلی چیٹ پرائیویسی",
      "off": "بند"
    },
    "createGroupWith": "{{name}} کے ساتھ گروپ بنائیں",
    "commonGroupWith": "{{name}} کے ساتھ مشترکہ گروپ",
    "groupMembers": "گروپ ممبران",
    "addMembers": "ممبران شامل کریں",
    "groupAdmin": "گروپ ایڈمن",
    "viewPastMembers": "سابقہ ممبران دیکھیں",
    "addToFavourites": "پسندیدہ میں شامل کریں",
    "addToList": "فہرست میں شامل کریں",
    "block": "{{name}} کو بلاک کریں",
    "unblock": "{{name}} کو ان بلاک کریں",
    "report": "{{name}} کی رپورٹ کریں",
    "actions": {
      "message": "پیغام",
      "dismissAdmin": "ایڈمن سے ہٹائیں",
      "makeAdmin": "ایڈمن بنائیں",
      "removeFromGroup": "گروپ سے ہٹائیں"
    },
    "toasts": {
      "madeAdmin": "{{name}} اب ایڈمن ہے",
      "dismissedAdmin": "{{name}} اب ایڈمن نہیں ہے",
      "removedFromGroup": "{{name}} کو گروپ سے ہٹا دیا گیا",
      "blocked": "{{name}} کو بلاک کر دیا گیا ہے۔",
      "unblocked": "{{name}} کو ان بلاک کر دیا گیا ہے۔",
      "reported": "{{name}} کی رپورٹ ہو گئی ہے۔",
      "reportedAndBlocked": "{{name}} کی رپورٹ ہو گئی اور بلاک کر دیا گیا۔"
    },
    "errors": {
      "makeAdmin": "{{name}} کو ایڈمن بنانے میں ناکام",
      "dismissAdmin": "{{name}} کو ہٹانے میں ناکام",
      "removeMember": "ممبر کو ہٹانے میں خرابی"
    },
    "alerts": {
      "block": {
        "header": "رابطہ بلاک کریں",
        "message": "آپ کو اب {{name}} سے پیغامات یا کالز نہیں ملیں گی۔",
        "cta": "بلاک کریں"
      },
      "unblock": {
        "header": "رابطہ ان بلاک کریں",
        "message": "کیا آپ واقعی {{name}} کو ان بلاک کرنا چاہتے ہیں؟"
      },
      "report": {
        "header": "رابطہ رپورٹ کریں",
        "message": "آخری 5 پیغامات {{name}} سے رپورٹ کیے جائیں گے۔ کیا آپ اس صارف کو بھی بلاک کرنا چاہتے ہیں؟",
        "alsoBlock": "رابطہ کو بھی بلاک کریں",
        "cta": "رپورٹ"
      }
    }
  },"invite": {
    "header": "دوست کو مدعو کریں",
    "actions": {
      "search": "رابطے تلاش کریں",
      "shareLink": "ایپ کا لنک شیئر کریں",
      "fromContacts": "رابطوں سے مدعو کریں",
      "invite": "مدعو کریں"
    },
    "share": {
      "title": "اس ایپ پر میرے ساتھ شامل ہوں!",
      "subtitle": "کسی بھی ایپ کے ذریعے ڈاؤن لوڈ لنک بھیجیں",
      "body": "اس شاندار ایپ کو دیکھیں۔ اسے یہاں سے ڈاؤن لوڈ کریں:",
      "button": "شیئر کریں",
      "success": "لنک شیئر کر دیا گیا",
      "copied": "لنک کاپی کر لیا گیا"
    },
    "contacts": {
      "title": "رابطوں سے",
      "subtitle": "اپنی فون بک سے براہ راست مدعو کریں",
      "header": "رابطوں سے",
      "notOnApp": "ابھی تک ایپ پر نہیں ہے"
    },
    "title": "اس ایپ پر میرے ساتھ شامل ہوں!",
    "text": "اس شاندار ایپ کو دیکھیں۔ اسے یہاں سے ڈاؤن لوڈ کریں:",
    "dialogTitle": "ایپ کا لنک شیئر کریں",
    "toasts": {
      "openContacts": "رابطے کھولے جا رہے ہیں...",
      "searchContacts": "رابطہ تلاش منتخب کیا گیا۔",
      "invited": "{{phone}} کو دعوت نامہ بھیج دیا گیا"
    },
    "errors": {
      "shareFailed": "شیئر شیٹ نہیں کھل سکی۔"
    }
  },"community": {
    "manageGroups": {
    "title": "گروپس کا انتظام کریں",
    "groups": "گروپس",
    "createNew": "نیا گروپ بنائیں",
    "addExisting": "موجودہ گروپس شامل کریں",
    "info": "ممبران موجودہ گروپس کو ایڈمن کی منظوری کے لیے تجویز کر سکتے ہیں اور براہِ راست نئے گروپس شامل کر سکتے ہیں۔ دیکھیں:",
    "settingsLink": "کمیونٹی سیٹنگز",
    "listHeader": "اس کمیونٹی کے گروپس",
    "loading": "گروپس لوڈ ہو رہے ہیں...",
    "empty": "اس کمیونٹی کے لیے کوئی گروپ نہیں ملا",
    "members": "ممبران",
    "unnamedGroup": "بے نام گروپ",
    "remove": {
      "header": "کمیونٹی سے گروپ ہٹائیں",
      "message": "کیا آپ اس گروپ کو کمیونٹی سے ہٹانا چاہتے ہیں؟ گروپ موجود رہے گا لیکن اب کمیونٹی کا حصہ نہیں ہوگا۔",
      "alsoRemoveMembers": "اس گروپ کے ممبران کو بھی کمیونٹی اور گروپ سے ہٹا دیں",
      "cta": "ہٹائیں",
      "aria": "کمیونٹی سے گروپ ہٹائیں"
    },
    "toasts": {
      "removed": "گروپ کمیونٹی سے ہٹا دیا گیا اور ممبران کو اپ ڈیٹ کر دیا گیا",
      "removeFailed": "گروپ ہٹانے میں ناکام۔ دوبارہ کوشش کریں۔"
    }
  },
    "title": "کمیونٹیز",
    "actions": {
      "qr": "QR ایکشنز کھولیں",
      "menu": "مینو کھولیں"
    },
    "newCommunity": "نئی کمیونٹی",
    "unnamedCommunity": "بے نام کمیونٹی",
    "viewAll": "سب دیکھیں",
    "groupType": {
    "normal": "عام گروپ",
    "announcement": "اعلانیہ گروپ",
    "general": "جنرل گروپ"
  },
    "newGroup": {
      "header": "نیا گروپ",
      "placeholder": "گروپ کا نام",
      "create": "بنائیں"
    },
    "toasts": {
      "groupCreated": "گروپ بنایا گیا"
    }
  },"community_menu_component": {
    "info": "کمیونٹی معلومات",
    "invite": "ممبران کو مدعو کریں",
    "settings": "کمیونٹی سیٹنگز"
  },
  "group_preview_modal_component": {
    "close": "بند کریں",
    "groupIcon": "گروپ آئیکن",
    "createdBy": "{{name}} نے بنایا",
    "noMembers": "ابھی تک کوئی ممبر نہیں",
    "noDescription": "کوئی تفصیل نہیں",
    "communityLabel": "کمیونٹی:",
    "joinNote": "شامل ہوتے ہی آپ فوراً ممبر بن جائیں گے۔",
    "joinCta": "گروپ میں شامل ہوں"
  }, "add_existing_groups_page": {
    "header": "موجودہ گروپس شامل کریں",
    "actions": {
      "search": "گروپس تلاش کریں",
      "confirm": "انتخاب کی تصدیق کریں",
      "removeChip": "منتخب گروپ ہٹائیں"
    },
    "of": "میں سے",
    "selected": "منتخب",
    "banner": "گروپس کے تمام افراد کمیونٹی میں شامل کیے جائیں گے۔",
    "listHeader": "وہ گروپس جن کے آپ ایڈمن ہیں",
    "loading": "گروپس لوڈ ہو رہے ہیں...",
    "empty": "کوئی ایڈمن گروپس نہیں ملے",
    "checkboxLabel": "گروپ منتخب کریں",
    "unnamedGroup": "بے نام گروپ",
    "toasts": {
      "selectAtLeastOne": "کم از کم ایک گروپ منتخب کریں"
    }
  }
}
