{
  "meta": {
    "generatedAt": "2025-09-25T06:49:05.846991Z",
    "note": "Translations for email-edit page.",
    "translated": true,
    "locale": "vi-VN"
  },
  "emailEdit": {
    "title": "Địa chỉ email",
    "description": "Email giúp bạn truy cập vào tài khoản của mình. Nó không hiển thị với người khác.",
    "label": "Email",
    "verified": "Đã xác minh",
    "placeholder": "you@example.com",
    "edit": "Chỉnh sửa",
    "cancel": "Hủy",
    "save": "Lưu",
    "savedSuccess": "Email đã được lưu thành công.",
    "validation": {
      "required": "Email là bắt buộc.",
      "invalid": "Vui lòng nhập một địa chỉ email hợp lệ.",
      "maxlength": "Email quá dài (tối đa 254 ký tự)."
    }
  },
  "helpPage": {
    "title": "Trợ giúp",
    "helpCenter": {
      "title": "Trung tâm Trợ giúp",
      "description": "Nhận trợ giúp, Câu hỏi thường gặp và các tùy chọn liên hệ."
    },
    "terms": {
      "title": "Điều khoản & Chính sách bảo mật",
      "description": "Đọc các điều khoản và chính sách dữ liệu của chúng tôi."
    },
    "channelReports": {
      "title": "Báo cáo kênh",
      "description": "Quản lý và xem báo cáo."
    },
    "appInfo": {
      "title": "Thông tin ứng dụng",
      "description": "Phiên bản, thông tin pháp lý và kỹ thuật."
    }
  },"common": {
    "ok": "OK",
    "cancel": "Hủy",
    "logout": "Đăng xuất"
  },
  "settingsPage": {
    "title": "Cài đặt",
    "account": { "title": "Tài khoản", "description": "Quyền riêng tư, bảo mật, đổi số" },
    "privacy": { "title": "Quyền riêng tư", "description": "Kiểm soát cài đặt quyền riêng tư của bạn" },
    "avatar": { "title": "Ảnh đại diện", "description": "Đổi ảnh hồ sơ" },
    "chats": { "title": "Trò chuyện", "description": "Chủ đề, hình nền, sao lưu" },
    "accessibility": { "title": "Trợ năng", "description": "Kích thước văn bản và tùy chọn hiển thị" },
    "notifications": { "title": "Thông báo", "description": "Cảnh báo tin nhắn, nhóm và cuộc gọi" },
    "storage": { "title": "Dung lượng & Dữ liệu", "description": "Quản lý dung lượng và sử dụng mạng" },
    "appLanguage": { "title": "Ngôn ngữ ứng dụng", "description": "Chọn ngôn ngữ ứng dụng" },
    "help": { "title": "Trợ giúp & Phản hồi", "description": "Trung tâm trợ giúp, liên hệ chúng tôi, thông tin ứng dụng" },
    "updates": { "title": "Cập nhật ứng dụng", "description": "Kiểm tra cập nhật, tự động cập nhật" },
    "invite": { "title": "Mời bạn bè", "description": "Chia sẻ ứng dụng với danh bạ" },
    "logout": {
      "title": "Đăng xuất",
      "description": "Xóa dữ liệu ứng dụng và đăng xuất",
      "confirmHeader": "Xác nhận đăng xuất",
      "confirmMessage": "Bạn có chắc muốn đăng xuất và xóa dữ liệu ứng dụng không?",
      "loadingHeader": "Đang đăng xuất",
      "loadingMessage": "Vui lòng chờ...",
      "successHeader": "Đã đăng xuất",
      "successMessage": "Bạn đã đăng xuất thành công."
    },
    "defaultStatus": "Trực tuyến"
  },"accountPage": {
    "title": "Tài khoản",
    "securityNotifications": "Thông báo bảo mật",
    "passkeys": "Khóa truy cập",
    "emailAddress": "Địa chỉ email",
    "twoStep": "Xác minh hai bước",
    "changeNumber": "Đổi số",
    "requestInfo": "Yêu cầu thông tin tài khoản",
    "addAccount": "Thêm tài khoản",
    "deleteAccount": "Xóa tài khoản",
    "confirmDelete": {
      "title": "Xóa tài khoản?",
      "message": "Hành động này sẽ xóa vĩnh viễn tài khoản và dữ liệu của bạn.",
      "confirm": "Xóa",
      "cancel": "Hủy",
      "log": "Đã mở hộp thoại xóa tài khoản"
    }
  },"accessibility": {
  "title": "Trợ năng",
  "groups": {
    "displayMotion": "Hiển thị và chuyển động",
    "interaction": "Tương tác"
  },
  "increaseContrast": {
    "title": "Tăng độ tương phản",
    "desc": "Làm đậm các màu chính để cải thiện khả năng đọc ở chế độ sáng."
  },
  "reduceMotion": {
    "title": "Giảm chuyển động",
    "desc": "Giảm thiểu nhãn dán động, GIF và hiệu ứng chuyển cảnh."
  },
  "largeText": {
    "title": "Chữ lớn",
    "desc": "Tăng kích thước phông chữ hệ thống để dễ đọc hơn."
  },
  "simpleAnimations": {
    "title": "Hoạt ảnh đơn giản",
    "desc": "Giảm hoạt ảnh phức tạp để tương tác dễ dàng hơn."
  },
  "grayscale": {
    "title": "Chế độ thang xám",
    "desc": "Chuyển tất cả màu giao diện sang tông xám để giảm mỏi mắt."
  }
}
,"privacyPage": {
    "title": "Quyền riêng tư",
    "groups": {
      "whoCanSee": "Ai có thể xem thông tin của tôi",
      "other": "Khác"
    },
    "lastSeen": {
      "title": "Lần cuối & Trực tuyến",
      "desc": "Kiểm soát ai có thể xem lần cuối bạn trực tuyến và trạng thái trực tuyến"
    },
    "profilePhoto": {
      "title": "Ảnh hồ sơ",
      "desc": "Chọn ai có thể xem ảnh của bạn"
    },
    "about": {
      "title": "Giới thiệu",
      "desc": "Kiểm soát ai có thể xem thông tin giới thiệu của bạn"
    },
    "status": {
      "title": "Trạng thái",
      "desc": "Quản lý ai có thể xem cập nhật trạng thái của bạn"
    },
    "blocked": {
      "title": "Danh bạ đã chặn",
      "desc": "Xem và quản lý người dùng đã chặn"
    },
    "options": {
      "everyone": "Mọi người",
      "contacts": "Danh bạ của tôi",
      "nobody": "Không ai"
    }
  },"avatarPage": {
    "title": "Tạo Avatar của bạn",
    "previewAlt": "Xem trước Avatar",
    "sections": {
      "customization": "Tùy chọn tùy chỉnh"
    },
    "fields": {
      "hair": "Tóc",
      "accessories": "Phụ kiện",
      "hairColor": "Màu tóc",
      "eyes": "Mắt",
      "mouth": "Miệng",
      "clothes": "Quần áo",
      "skin": "Da"
    },
    "placeholders": {
      "hair": "Chọn kiểu tóc",
      "accessories": "Chọn phụ kiện",
      "hairColor": "Chọn màu tóc",
      "eyes": "Chọn kiểu mắt",
      "mouth": "Chọn kiểu miệng",
      "clothes": "Chọn trang phục",
      "skin": "Chọn màu da"
    },
    "buttons": {
      "download": "Tải xuống",
      "downloading": "Đang tải xuống…",
      "save": "Lưu"
    },
    "toast": {
      "saved": "Các lựa chọn Avatar đã được lưu cục bộ.",
      "downloadError": "Tải xuống thất bại. Vui lòng thử lại."
    }
  },"notifications": {
    "title": "Thông báo",
    "highPriority": {
      "title": "Sử dụng thông báo ưu tiên cao",
      "desc": "Nhận thông báo có âm thanh và xem trước ngay cả khi chế độ Không làm phiền được bật"
    },
    "message": {
      "title": "Thông báo tin nhắn",
      "desc": "Tùy chỉnh cảnh báo cho tin nhắn"
    },
    "group": {
      "title": "Thông báo nhóm chat",
      "desc": "Quản lý thông báo cho các nhóm chat"
    },
    "call": {
      "title": "Thông báo cuộc gọi",
      "desc": "Cài đặt nhạc chuông và rung"
    }
  },"storage": {
    "title": "Bộ nhớ & Dữ liệu",
    "totalUsedHuman": "{{used}} MB / {{total}} MB",
    "cards": {
      "usage": {
        "title": "Sử dụng bộ nhớ",
        "used": "Đã dùng {{mb}} MB",
        "total": "Tổng {{mb}} MB"
      }
    },
    "sections": {
      "network": "Sử dụng mạng",
      "manage": "Quản lý"
    },
    "network": {
      "sent": {
        "title": "Dữ liệu đã gửi",
        "subtitle": "{{val}}"
      },
      "received": {
        "title": "Dữ liệu đã nhận",
        "subtitle": "{{val}}"
      }
    },
    "manage": {
      "title": "Quản lý bộ nhớ",
      "desc": "Xem lại và xóa tệp lớn, trò chuyện và phương tiện"
    },
    "autoDownload": {
      "title": "Tự động tải phương tiện",
      "desc": "Kiểm soát nội dung tải xuống trên di động/Wi-Fi/roaming"
    },
    "actions": {
      "analyze": "Phân tích",
      "clearCache": "Xóa bộ nhớ đệm",
      "resetStats": "Đặt lại thống kê"
    },
    "toast": {
      "cleared": "Đã xóa {{mb}} MB bộ nhớ đệm",
      "statsReset": "Đã đặt lại thống kê mạng"
    }
  },"chats": {
    "title": "Trò chuyện",
    "sections": {
      "appearance": "Giao diện",
      "behavior": "Hành vi tin nhắn",
      "management": "Quản lý trò chuyện"
    },
    "items": {
      "theme": {
        "title": "Chủ đề",
        "sub": "Mặc định hệ thống"
      },
      "chatTheme": {
        "title": "Chủ đề trò chuyện mặc định",
        "sub": "Chọn hình nền hoặc chủ đề"
      },
      "fontSize": {
        "title": "Cỡ chữ",
        "sub": "Trung bình"
      },
      "enterToSend": {
        "title": "Nhấn Enter để gửi",
        "sub": "Nhấn Enter để gửi tin nhắn"
      },
      "mediaVisibility": {
        "title": "Hiển thị phương tiện",
        "sub": "Hiển thị phương tiện mới tải trong thư viện"
      },
      "keepArchived": {
        "title": "Giữ trò chuyện đã lưu trữ",
        "sub": "Trò chuyện đã lưu trữ sẽ vẫn được lưu trữ khi có tin nhắn mới"
      },
      "transcripts": {
        "title": "Bản chép lời tin nhắn thoại",
        "sub": "Tự động chép lời tin nhắn thoại mới"
      },
      "backup": {
        "title": "Sao lưu trò chuyện",
        "sub": "Sao lưu tin nhắn lên đám mây"
      },
      "transfer": {
        "title": "Chuyển trò chuyện",
        "sub": "Di chuyển trò chuyện giữa các thiết bị"
      },
      "history": {
        "title": "Lịch sử trò chuyện",
        "sub": "Xuất, lưu trữ, dọn dẹp hoặc xóa tất cả trò chuyện"
      }
    },
    "toasts": {
      "enter": {
        "enabled": "Đã bật Enter-để-gửi",
        "disabled": "Đã tắt Enter-để-gửi"
      },
      "media": {
        "on": "Đã bật hiển thị phương tiện",
        "off": "Đã tắt hiển thị phương tiện"
      },
      "archived": {
        "enabled": "Đã bật giữ lưu trữ",
        "disabled": "Đã tắt giữ lưu trữ"
      },
      "transcripts": {
        "enabled": "Đã bật chép lời tin nhắn thoại",
        "disabled": "Đã tắt chép lời tin nhắn thoại"
      },
      "backup": {
        "starting": "Đang bắt đầu sao lưu…",
        "done": "Sao lưu hoàn tất"
      }
    }
  }, "profilePage": {
    "title": "Hồ sơ",
    "imageAlt": "Ảnh hồ sơ",
    "buttons": {
      "edit": "Chỉnh sửa",
      "addLinks": "Thêm liên kết",
      "cancel": "Hủy"
    },
    "fields": {
      "name": "Tên",
      "about": "Giới thiệu",
      "phone": "Điện thoại",
      "links": "Liên kết"
    },
    "actions": {
      "source": {
        "header": "Chọn nguồn ảnh",
        "camera": "Máy ảnh",
        "gallery": "Thư viện"
      }
    },
    "loading": {
      "openingCamera": "Đang mở máy ảnh...",
      "processing": "Đang xử lý ảnh...",
      "updating": "Đang cập nhật ảnh hồ sơ..."
    },
    "validation": {
      "size": "Kích thước ảnh phải nhỏ hơn 5MB",
      "type": "Vui lòng chọn tệp ảnh hợp lệ (JPEG, PNG, WebP)"
    },
    "toast": {
      "loadFailed": "Không thể tải dữ liệu hồ sơ",
      "imageLoadFailed": "Không thể tải ảnh hồ sơ",
      "selectFailed": "Không thể chọn ảnh. Vui lòng thử lại.",
      "processFailed": "Lỗi xử lý ảnh. Vui lòng thử lại.",
      "noUser": "Không tìm thấy ID người dùng",
      "updated": "Ảnh hồ sơ đã được cập nhật thành công!",
      "updateFailed": "Không thể cập nhật ảnh hồ sơ"
    }
  },"footerTabs": {
    "chat": "Trò chuyện",
    "updates": "Cập nhật",
    "communities": "Cộng đồng",
    "calls": "Cuộc gọi",
    "badges": {
      "unreadChats": "{{count}} cuộc trò chuyện chưa đọc",
      "unreadUpdates": "{{count}} bản cập nhật"
    }
  },"socialLinks": {
    "title": "Liên kết",
    "intro": "Thêm liên kết vào hồ sơ của bạn giúp liên hệ dễ dàng truy cập các hồ sơ khác của bạn.",
    "instagram": {
      "title": "Instagram",
      "add": "Thêm Instagram của bạn"
    },
    "actions": {
      "add": "Thêm",
      "edit": "Chỉnh sửa"
    },
    "privacy": {
      "note": "Để quản lý ai có thể xem các liên kết của bạn, hãy vào",
      "link": "cài đặt quyền riêng tư"
    }
  },
  "addInstagram": {
    "title": "Thêm Instagram",
    "loading": "Đang tải...",
    "saving": "Đang lưu...",
    "usernameLabel": "Tên người dùng Instagram",
    "usernamePlaceholder": "tên người dùng",
    "hint": {
      "text": "Thêm tên người dùng Instagram sẽ hiển thị trên hồ sơ của bạn.",
      "learnMore": "Tìm hiểu thêm"
    },
    "save": "Lưu",
    "validation": {
      "required": "Vui lòng nhập tên người dùng Instagram của bạn",
      "invalid": "Nhập tên người dùng hợp lệ (không có khoảng trắng, tối đa 30 ký tự)"
    },
    "toast": {
      "fetchFailed": "Không thể lấy liên kết Instagram",
      "saved": "Đã lưu Instagram thành công!",
      "saveFailed": "Không thể cập nhật liên kết Instagram. Vui lòng thử lại."
    }
  },"home": {
    "search": { "placeholder": "Hỏi  hoặc Tìm kiếm" },
    "filters": { "all": "TẤT CẢ", "read": "Đã đọc", "unread": "Chưa đọc", "groups": "Nhóm" },
    "groupCreator": { "placeholder": "Nhập tên nhóm" },
    "typing": "đang nhập...",
    "time": { "yesterday": "Hôm qua" },
    "preview": {
      "deleted": "Tin nhắn này đã bị xóa",
      "encrypted": "[Được mã hóa]",
      "media": {
        "photo": "Ảnh",
        "video": "Video",
        "audio": "Âm thanh",
        "file": "Tệp đính kèm",
        "generic": "[Phương tiện]"
      }
    },
    "actions": {
      "scan": "Quét QR",
      "camera": "Mở máy ảnh",
      "menu": "Mở menu",
      "contacts": "Danh bạ"
    },
    "scan": {
      "onlyDevice": "Quét mã vạch chỉ hoạt động trên thiết bị thật.",
      "permission": "Cần quyền máy ảnh để quét mã vạch.",
      "notFound": "Không tìm thấy mã vạch nào.",
      "error": "Đã xảy ra lỗi trong quá trình quét."
    },
    "logout": {
      "header": "Đăng xuất",
      "message": "Phiên đã hết hạn."
    },
    "alt": { "profile": "Hồ sơ" }
  }, "menu": {
    "newGroup": "Nhóm mới",
    "newCommunity": "Cộng đồng mới",
    "newBroadcast": "Phát sóng mới (WIP)",
    "starred": "Đã gắn sao (WIP)",
    "readAll": "Đọc tất cả (WIP)",
    "settings": "Cài đặt",
    "createChannels": "Tạo kênh (WIP)",
    "statusPrivacy": "Quyền riêng tư trạng thái (WIP)",
    "clearCallLogs": "Xóa nhật ký cuộc gọi (WIP)"
  },"userabout": {
    "members": "Thành viên",
    "group": "Nhóm",
    "groups": "Các nhóm",
    "inCommon": "Chung",
    "toolbar": {
      "message": "Tin nhắn",
      "call": "Cuộc gọi",
      "video": "Video",
      "add": "Thêm"
    },
    "defaults": {
      "heyThere": "Xin chào! Tôi đang sử dụng Telldemm.",
      "noGroupDescription": "Không có mô tả nhóm.",
      "unknown": "Không rõ",
      "unknownDate": "Ngày không rõ",
      "unnamedGroup": "Nhóm chưa đặt tên"
    },
    "updatedOn": "Đã cập nhật vào",
    "createdByOn": "Được tạo bởi {{name}} vào",
    "media": {
      "title": "Phương tiện, liên kết và tài liệu"
    },
    "notifications": "Thông báo",
    "mediaVisibility": "Hiển thị phương tiện",
    "encryption": {
      "title": "Mã hóa",
      "subtitle": "Tin nhắn và cuộc gọi được mã hóa đầu cuối. Nhấn để xác minh."
    },
    "disappearing": "Tin nhắn tự biến mất",
    "chatLock": {
      "title": "Khóa trò chuyện",
      "subtitle": "Khóa và ẩn trò chuyện này trên thiết bị này."
    },
    "advancedPrivacy": {
      "title": "Quyền riêng tư nâng cao",
      "off": "Tắt"
    },
    "createGroupWith": "Tạo nhóm với {{name}}",
    "commonGroupWith": "Nhóm chung với {{name}}",
    "groupMembers": "Thành viên nhóm",
    "addMembers": "Thêm thành viên",
    "groupAdmin": "Quản trị viên nhóm",
    "viewPastMembers": "Xem thành viên trước đây",
    "addToFavourites": "Thêm vào yêu thích",
    "addToList": "Thêm vào danh sách",
    "block": "Chặn {{name}}",
    "unblock": "Bỏ chặn {{name}}",
    "report": "Báo cáo {{name}}",
    "actions": {
      "message": "Tin nhắn",
      "dismissAdmin": "Xóa quyền quản trị",
      "makeAdmin": "Làm quản trị viên",
      "removeFromGroup": "Xóa khỏi nhóm"
    },
    "toasts": {
      "madeAdmin": "{{name}} bây giờ là quản trị viên",
      "dismissedAdmin": "{{name}} không còn là quản trị viên",
      "removedFromGroup": "{{name}} đã bị xóa khỏi nhóm",
      "blocked": "{{name}} đã bị chặn.",
      "unblocked": "{{name}} đã được bỏ chặn.",
      "reported": "{{name}} đã bị báo cáo.",
      "reportedAndBlocked": "{{name}} đã bị báo cáo và chặn."
    },
    "errors": {
      "makeAdmin": "Không thể làm {{name}} thành quản trị viên",
      "dismissAdmin": "Không thể xóa quyền quản trị của {{name}}",
      "removeMember": "Lỗi khi xóa thành viên"
    },
    "alerts": {
      "block": {
        "header": "Chặn liên hệ",
        "message": "Bạn sẽ không còn nhận tin nhắn hay cuộc gọi từ {{name}} nữa.",
        "cta": "Chặn"
      },
      "unblock": {
        "header": "Bỏ chặn liên hệ",
        "message": "Bạn có chắc chắn muốn bỏ chặn {{name}}?"
      },
      "report": {
        "header": "Báo cáo liên hệ",
        "message": "5 tin nhắn gần nhất từ {{name}} sẽ được báo cáo. Bạn cũng muốn chặn người dùng này không?",
        "alsoBlock": "Cũng chặn liên hệ",
        "cta": "Báo cáo"
      }
    }
  },"invite": {
    "header": "Mời bạn bè",
    "actions": {
      "search": "Tìm kiếm liên hệ",
      "shareLink": "Chia sẻ liên kết ứng dụng",
      "fromContacts": "Mời từ danh bạ",
      "invite": "Mời"
    },
    "share": {
      "title": "Tham gia với tôi trên ứng dụng này!",
      "subtitle": "Gửi liên kết tải xuống qua bất kỳ ứng dụng nào",
      "body": "Hãy thử ứng dụng tuyệt vời này. Tải xuống tại đây:",
      "button": "Chia sẻ",
      "success": "Đã chia sẻ liên kết",
      "copied": "Đã sao chép liên kết"
    },
    "contacts": {
      "title": "Từ danh bạ",
      "subtitle": "Mời trực tiếp từ danh bạ điện thoại của bạn",
      "header": "Từ danh bạ",
      "notOnApp": "Chưa có trong ứng dụng"
    },
    "title": "Tham gia với tôi trên ứng dụng này!",
    "text": "Hãy thử ứng dụng tuyệt vời này. Tải xuống tại đây:",
    "dialogTitle": "Chia sẻ liên kết ứng dụng",
    "toasts": {
      "openContacts": "Đang mở danh bạ...",
      "searchContacts": "Đã chạm vào tìm kiếm liên hệ.",
      "invited": "Đã gửi lời mời đến {{phone}}"
    },
    "errors": {
      "shareFailed": "Không thể mở bảng chia sẻ."
    }
  },"community": {
     "manageGroups": {
    "title": "Quản lý nhóm",
    "groups": "nhóm",
    "createNew": "Tạo nhóm mới",
    "addExisting": "Thêm nhóm hiện có",
    "info": "Thành viên có thể đề xuất nhóm hiện có để quản trị viên phê duyệt và thêm nhóm mới trực tiếp. Xem trong",
    "settingsLink": "Cài đặt cộng đồng",
    "listHeader": "Nhóm trong cộng đồng này",
    "loading": "Đang tải nhóm...",
    "empty": "Không tìm thấy nhóm nào cho cộng đồng này",
    "members": "thành viên",
    "unnamedGroup": "Nhóm chưa đặt tên",
    "remove": {
      "header": "Xóa nhóm khỏi cộng đồng",
      "message": "Bạn có muốn xóa nhóm này khỏi cộng đồng không? Nhóm vẫn tồn tại nhưng sẽ không còn thuộc về cộng đồng.",
      "alsoRemoveMembers": "Cũng xóa các thành viên của nhóm này khỏi cộng đồng và nhóm",
      "cta": "Xóa",
      "aria": "Xóa nhóm khỏi cộng đồng"
    },
    "toasts": {
      "removed": "Nhóm đã được xóa khỏi cộng đồng và thành viên đã được cập nhật",
      "removeFailed": "Không thể xóa nhóm. Vui lòng thử lại."
    }
  },
    "title": "Cộng đồng",
    "actions": {
      "qr": "Mở hành động QR",
      "menu": "Mở menu"
    },
    "newCommunity": "Cộng đồng mới",
    "unnamedCommunity": "Cộng đồng chưa đặt tên",
    "viewAll": "Xem tất cả",
    "groupType": {
    "normal": "Nhóm thường",
    "announcement": "Nhóm thông báo",
    "general": "Nhóm chung"
  },
    "newGroup": {
      "header": "Nhóm mới",
      "placeholder": "Tên nhóm",
      "create": "Tạo"
    },
    "toasts": {
      "groupCreated": "Đã tạo nhóm"
    }
  },"community_menu_component": {
    "info": "Thông tin cộng đồng",
    "invite": "Mời thành viên",
    "settings": "Cài đặt cộng đồng"
  },
  "group_preview_modal_component": {
    "close": "Đóng",
    "groupIcon": "Biểu tượng nhóm",
    "createdBy": "Được tạo bởi {{name}}",
    "noMembers": "Chưa có thành viên nào",
    "noDescription": "Không có mô tả",
    "communityLabel": "Cộng đồng:",
    "joinNote": "Khi tham gia, bạn sẽ trở thành thành viên ngay lập tức.",
    "joinCta": "Tham gia nhóm"
  }, "add_existing_groups_page": {
    "header": "Thêm nhóm hiện có",
    "actions": {
      "search": "Tìm kiếm nhóm",
      "confirm": "Xác nhận lựa chọn",
      "removeChip": "Xóa nhóm đã chọn"
    },
    "of": "trên",
    "selected": "đã chọn",
    "banner": "Tất cả mọi người trong nhóm sẽ được thêm vào cộng đồng.",
    "listHeader": "Những nhóm bạn là quản trị viên",
    "loading": "Đang tải nhóm...",
    "empty": "Không tìm thấy nhóm quản trị",
    "checkboxLabel": "Chọn nhóm",
    "unnamedGroup": "Nhóm chưa đặt tên",
    "toasts": {
      "selectAtLeastOne": "Chọn ít nhất một nhóm"
    }
  }
}
